Episode ID,Attempt Number,GitHub Action Run URL,Commit SHA,Timestamp,Source files changed,Config files changed,Patch Type,Failed Job,Failed Step,Error Summary,Manual Validation,Notes
cf7bc4dc03172df55d5c,1,https://github.com/LucasAlegre/morl-baselines/actions/runs/20699226037,90c88d27a8da22f14547cf2419a5f1b0f58f1421,2026-01-04T21:15:22Z,morl_baselines/multi_policy/gpi_pd/gpi_ls_continuous_action_jax.py; morl_baselines/multi_policy/gpi_pd/gpi_ls_jax.py,,,pre-commit,,pre-commit -> .github:106 — Process completed with exit code 1.,,
4f54e36ccc13af425c50,1,https://github.com/LucasAlegre/morl-baselines/actions/runs/22672223545,b3e177ef3241bdc62656300347554ec19465c800,2026-03-04T13:49:48Z,morl_baselines/multi_policy/gpi_ls_jax/gpi_ls_continuous_action_jax.py; morl_baselines/multi_policy/gpi_ls_jax/gpi_ls_jax.py,,,pre-commit,,pre-commit -> .github:60 — Process completed with exit code 1.,,
dcb85d1e6658566bc013,1,https://github.com/LucasAlegre/morl-baselines/actions/runs/16386895367,66d1f4bb1a440c6e3a0c88b04d050d88920e9c59,2025-07-19T08:35:59Z,morl_baselines/multi_policy/linear_support/linear_support.py,,,,,,,
5ed8c5fa97b4a66023f3,1,https://github.com/LucasAlegre/morl-baselines/actions/runs/20699226051,90c88d27a8da22f14547cf2419a5f1b0f58f1421,2026-01-04T21:15:22Z,morl_baselines/multi_policy/gpi_pd/gpi_ls_continuous_action_jax.py; morl_baselines/multi_policy/gpi_pd/gpi_ls_jax.py,,,linux-test (3.12),,linux-test (3.12) -> .github:156 — Process completed with exit code 1.,,
5ed8c5fa97b4a66023f3,2,https://github.com/LucasAlegre/morl-baselines/actions/runs/20699268942,4b37a41f92da275e36fa56f4c6839c81199c7481,2026-01-04T21:19:02Z,morl_baselines/common/buffer.py; morl_baselines/common/prioritized_buffer.py; morl_baselines/multi_policy/gpi_pd/gpi_ls_continuous_action_jax.py; morl_baselines/multi_policy/gpi_pd/gpi_ls_jax.py,,,linux-test (3.12),,linux-test (3.12) -> .github:197 — Process completed with exit code 1.,,
7365df2e42eddbba673f,1,https://github.com/WLM1ke/poptimizer/actions/runs/16993640765,c307d1bb805cb863e2362cfbb7cf9800ddcc89fa,2025-08-15T15:45:18Z,poptimizer/use_cases/evolve/evolve.py,,,Lint and Test,,Lint and Test -> .github:20 — Process completed with exit code 201.,,
8521b4e60f79b346d03b,1,https://github.com/WLM1ke/poptimizer/actions/runs/16612796006,7a4e116a84879611778ef6dd790eed11b8fed200,2025-07-30T03:34:09Z,,,,Lint and Test,,Lint and Test -> .github:20 — Process completed with exit code 201.,,
6a1aa5d28416f479920e,1,https://github.com/WLM1ke/poptimizer/actions/runs/18077748922,50a4ce3abd01707875422bf7d336c4d099f93f25,2025-09-28T17:48:37Z,poptimizer/adapters/backup.py; poptimizer/adapters/mongo.py; poptimizer/consts.py; poptimizer/domain/moex/index.py; poptimizer/use_cases/moex/data.py; poptimizer/use_cases/moex/index.py,,,Lint and Test,,Lint and Test -> .github:609 — Process completed with exit code 201.,,
6a1aa5d28416f479920e,2,https://github.com/WLM1ke/poptimizer/actions/runs/18086157977,71ffa62aba53e2897022d734f2c934918547559f,2025-09-29T04:51:38Z,poptimizer/adapters/mongo.py,,,Lint and Test,,Lint and Test -> .github:609 — Process completed with exit code 201.,,
6a1aa5d28416f479920e,3,https://github.com/WLM1ke/poptimizer/actions/runs/18086212759,7de37a4c243a55c1cd0a4e4c74f7e7f78008c5d8,2025-09-29T04:55:17Z,poptimizer/adapters/mongo.py,,,Lint and Test,,Lint and Test -> .github:609 — Process completed with exit code 201.,,
6a1aa5d28416f479920e,4,https://github.com/WLM1ke/poptimizer/actions/runs/18087233215,fc54769d8fcc080951645bbf9522ed361e3c3690,2025-09-29T05:54:00Z,poptimizer/domain/portfolio/forecasts.py,,,Lint and Test,,Lint and Test -> .github:609 — Process completed with exit code 201.,,
6a1aa5d28416f479920e,5,https://github.com/WLM1ke/poptimizer/actions/runs/18095796277,eb541a549f07d0360ef2a3bbc81f6f2e2e68a579,2025-09-29T11:43:28Z,poptimizer/consts.py; poptimizer/use_cases/handler.py; poptimizer/use_cases/moex/index.py; poptimizer/use_cases/moex/quotes.py; poptimizer/use_cases/portfolio/portfolio.py,,,Lint and Test,,Lint and Test -> .github:609 — Process completed with exit code 201.,,
6a1aa5d28416f479920e,6,https://github.com/WLM1ke/poptimizer/actions/runs/18122455219,446243d2bc8dbcf3b79f5c3ee9ef39abd196cbde,2025-09-30T07:37:23Z,poptimizer/domain/dl/ledoit_wolf.py,,,Lint and Test,,Lint and Test -> .github:609 — Process completed with exit code 201.,,
6a1aa5d28416f479920e,7,https://github.com/WLM1ke/poptimizer/actions/runs/18150844569,6d50ce5156f54c9210ddd29df8b4e520faa8793b,2025-10-01T03:57:31Z,poptimizer/adapters/mongo.py,,,Lint and Test,,Lint and Test -> .github:609 — Process completed with exit code 201.,,
6a1aa5d28416f479920e,8,https://github.com/WLM1ke/poptimizer/actions/runs/18153294821,d98e14e4df098582ee156d8d0cfb06f829d2f8e3,2025-10-01T06:17:42Z,poptimizer/domain/dl/ledoit_wolf.py,,,Lint and Test,,Lint and Test -> .github:609 — Process completed with exit code 201.,,
6a1aa5d28416f479920e,9,https://github.com/WLM1ke/poptimizer/actions/runs/18164119935,40a1f75241ab493c7814276cd81f2160e00def16,2025-10-01T13:40:40Z,poptimizer/adapters/mongo.py; poptimizer/use_cases/evolve/evolve.py,,,,,,,
6a1aa5d28416f479920e,10,https://github.com/WLM1ke/poptimizer/actions/runs/18198958563,3a1c25725472be2ebb8f0bd3cd828391622d1d40,2025-10-02T16:16:31Z,,,,Lint and Test,,Lint and Test -> .github:609 — Process completed with exit code 201.,,
6a1aa5d28416f479920e,11,https://github.com/WLM1ke/poptimizer/actions/runs/18202880036,811cad26c7ca6991c4a758e5336d0b027c2804d5,2025-10-02T19:02:57Z,poptimizer/use_cases/portfolio/portfolio.py,,,Lint and Test,,Lint and Test -> .github:609 — Process completed with exit code 201.,,
6a1aa5d28416f479920e,12,https://github.com/WLM1ke/poptimizer/actions/runs/18202985815,549c48396c3c327502288c26fade78abf0b2f0ec,2025-10-02T19:07:20Z,poptimizer/domain/evolve/evolve.py; poptimizer/use_cases/evolve/evolve.py,,,Lint and Test,,Lint and Test -> .github:609 — Process completed with exit code 201.,,
6a1aa5d28416f479920e,13,https://github.com/WLM1ke/poptimizer/actions/runs/18203085130,c2b39a5b230c7c201054a6c918a2947ed46c62c2,2025-10-02T19:11:25Z,poptimizer/use_cases/portfolio/portfolio.py,,,Lint and Test,,Lint and Test -> .github:609 — Process completed with exit code 201.,,
6a1aa5d28416f479920e,14,https://github.com/WLM1ke/poptimizer/actions/runs/18212443815,e487e4f5729be29c7537469ecbfe2f4e06ddc1ff,2025-10-03T03:59:46Z,poptimizer/adapters/mongo.py,,,Lint and Test,,Lint and Test -> .github:21 — Process completed with exit code 201.,,
03e9085d66f2009a88cb,1,https://github.com/WLM1ke/poptimizer/actions/runs/19319793956,e4301287ae475b391c7f27dc1de43b7762b3bddc,2025-11-13T03:44:04Z,,pyproject.toml,,Lint and Test,,Lint and Test -> .github:10 — Process completed with exit code 201.,,
8481abe7690cbe4881ca,1,https://github.com/WLM1ke/poptimizer/actions/runs/19644209353,d93d09e0be2e6eaafb866613cac4b2924c0d8d36,2025-11-24T18:01:10Z,,pyproject.toml,,Lint and Test,,Lint and Test -> .github:770 — Process completed with exit code 201.,,
8481abe7690cbe4881ca,2,https://github.com/WLM1ke/poptimizer/actions/runs/19676765777,5b13e620928bb990149f35afe5d3e03fdbe23b79,2025-11-25T16:30:14Z,,,,Lint and Test,,Lint and Test -> .github:770 — Process completed with exit code 201.,,
ac1c915616fc4bc32190,1,https://github.com/WLM1ke/poptimizer/actions/runs/20374129615,26b7f0414a2385a4a4316e6e5648b7de484bbdd0,2025-12-19T15:13:19Z,poptimizer/views/tg/tg.py,,,Lint and Test,,Lint and Test -> .github:17 — Process completed with exit code 201.,,
ac1c915616fc4bc32190,2,https://github.com/WLM1ke/poptimizer/actions/runs/20379595320,21d71fe6f282e96bef00feedd1d142664750d1c1,2025-12-19T18:54:10Z,poptimizer/controllers/tg/tg.py; poptimizer/views/tg/model.py; poptimizer/views/tg/tg.py; poptimizer/views/tg/view.py,,,Lint and Test,,Lint and Test -> .github:11 — Process completed with exit code 201. | .github:9 — Failure while executing; git clone https://github.com/mongodb/homebrew-brew /opt/homebrew/Library/Taps/mongodb/homebrew-brew --origin=origin --template= --config core.fsmonitor=false exited with 128.,,
b0cdd265568edd7dd5e7,1,https://github.com/WLM1ke/poptimizer/actions/runs/20440819524,eca3acbbc2c9b7fdf53f1d2dbdea45b30e7f598f,2025-12-22T18:38:39Z,poptimizer/cli/app.py; poptimizer/cli/div.py; poptimizer/cli/stats.py; poptimizer/config.py,,,Lint and Test,,Lint and Test -> .github:56 — Process completed with exit code 201.,,
b0cdd265568edd7dd5e7,2,https://github.com/WLM1ke/poptimizer/actions/runs/20441081144,46b448eec6fe5fb48e87e1eeb01dcdf7f7af1fad,2025-12-22T18:51:23Z,poptimizer/use_cases/evolve/evolve.py,,,Lint and Test,,Lint and Test -> .github:21 — Process completed with exit code 201.,,
b0cdd265568edd7dd5e7,3,https://github.com/WLM1ke/poptimizer/actions/runs/20441285272,b51f29389fef513eb2a68952b11a6e035a413654,2025-12-22T19:01:09Z,poptimizer/cli/income.py; poptimizer/cli/metrics.py; poptimizer/cli/pdf.py; poptimizer/cli/risk.py,,,Lint and Test,,Lint and Test -> .github:21 — Process completed with exit code 201.,,
b0cdd265568edd7dd5e7,4,https://github.com/WLM1ke/poptimizer/actions/runs/20453156387,f4362a6e49615a53c93dfa154f23f8405b886b6b,2025-12-23T06:18:52Z,poptimizer/adapters/backup.py,,,Lint and Test,,Lint and Test -> .github:21 — Process completed with exit code 201.,,
b0cdd265568edd7dd5e7,5,https://github.com/WLM1ke/poptimizer/actions/runs/20453787032,baeff2579d8ad533002d0e7d1ff45596be645d03,2025-12-23T06:55:24Z,poptimizer/adapters/backup.py; poptimizer/adapters/migrations.py; poptimizer/cli/div.py; poptimizer/controllers/bus/bus.py; poptimizer/use_cases/handler.py; poptimizer/use_cases/moex/data.py,,,Lint and Test,,Lint and Test -> .github:21 — Process completed with exit code 201.,,
2597b4e7070b64e22304,1,https://github.com/WLM1ke/poptimizer/actions/runs/20589322498,95d0f3feb29a64744ded7f7135a132ca68dc987e,2025-12-30T05:04:30Z,poptimizer/use_cases/evolve/evolve.py,,,Lint and Test,,Lint and Test -> .github:21 — Process completed with exit code 201.,,
cf2aaa79bff1fc1a2ea8,1,https://github.com/WLM1ke/poptimizer/actions/runs/21911186506,c1bf6e4bb215bdd485ea126163a6090af8c62c5a,2026-02-11T15:25:50Z,poptimizer/domain/portfolio/forecasts.py,,,Lint and Test,,Lint and Test -> .github:12 — Process completed with exit code 201. | .github:10 — Task 'lint' failed — exit status 1,,
091e7dbf4ff30a760b06,1,https://github.com/WLM1ke/poptimizer/actions/runs/24379870806,cd7fa0b363048e8e1c28d864d52de698fd2afbec,2026-04-14T03:45:47Z,,pyproject.toml,,Lint and Test,Lint and Test -> Lint,Lint and Test -> .github:21 — Process completed with exit code 201. | .github:18 — Task 'lint' failed — exit status 1,,
091e7dbf4ff30a760b06,2,https://github.com/WLM1ke/poptimizer/actions/runs/24575367349,fff1c11cd1baded331c79c30940f26dcc86c0e3d,2026-04-17T16:21:14Z,,,,Lint and Test,Lint and Test -> Lint,Lint and Test -> .github:21 — Process completed with exit code 201. | .github:19 — Task 'lint' failed — exit status 1,,
091e7dbf4ff30a760b06,3,https://github.com/WLM1ke/poptimizer/actions/runs/24681993675,ba7782c74ccf48287a1caf229b4cfef7a9f57955,2026-04-20T17:56:55Z,,,,Lint and Test,Lint and Test -> Lint,Lint and Test -> .github:21 — Process completed with exit code 201. | .github:18 — Task 'lint' failed — exit status 1,,
cfc03b1e969b81bf0112,1,https://github.com/WLM1ke/poptimizer/actions/runs/27060415106,850e34bbf5c6ef7ef8b0085e36f8262f421e4881,2026-06-06T10:57:12Z,poptimizer/trading/actions.py; poptimizer/trading/models/__init__.py; poptimizer/trading/models/trading.py,,,Lint and Test,Lint and Test -> Test,Lint and Test -> .github:33 — Process completed with exit code 201. | .github:31 — Task 'test' failed — exit status 2,,
5b0717c3ce49cb466309,1,https://github.com/WLM1ke/poptimizer/actions/runs/27593097272,d2b6100263f7323a37ef5721206f555c63600b14,2026-06-16T03:57:42Z,poptimizer/data/cpi/cpi.py,,,Lint and Test,Lint and Test -> Lint,Lint and Test -> exit status 1 | Process completed with exit code 201.,,
5b0717c3ce49cb466309,2,https://github.com/WLM1ke/poptimizer/actions/runs/27700775101,3455bf2a5e84ae0529ea48f23b4199d56f583bdb,2026-06-17T15:35:26Z,poptimizer/adapters/logger.py,pyproject.toml,,Lint and Test,Lint and Test -> Lint,Lint and Test -> exit status 1 | Process completed with exit code 201.,,
5b0717c3ce49cb466309,3,https://github.com/WLM1ke/poptimizer/actions/runs/28074236338,eed475d97719f3820e38bfe88f088b02b7fe616d,2026-06-24T04:01:47Z,,pyproject.toml,,Lint and Test,Lint and Test -> Lint,Lint and Test -> exit status 1 | Process completed with exit code 201.,,
5b0717c3ce49cb466309,4,https://github.com/WLM1ke/poptimizer/actions/runs/28294209446,9904bcde5e052852c547b7898fe32694e16760da,2026-06-27T15:56:38Z,poptimizer/core/consts.py; poptimizer/data/features/features.py; poptimizer/data/moex/index.py; poptimizer/evolve/dl/builder.py; poptimizer/evolve/models/genotype.py,,,Lint and Test,"Lint and Test -> Setup venv, install tools and dependencies",Lint and Test -> exit status 1 | Process completed with exit code 201.,,
5b0717c3ce49cb466309,5,https://github.com/WLM1ke/poptimizer/actions/runs/28294331783,8c0f0ce6aee086699703300bcecf590e3c6555d2,2026-06-27T16:01:19Z,,,,Lint and Test,"Lint and Test -> Setup venv, install tools and dependencies",Lint and Test -> exit status 1 | Process completed with exit code 201.,,
5b0717c3ce49cb466309,6,https://github.com/WLM1ke/poptimizer/actions/runs/28534326177,a91894236bcdd4da7ba9727ecaee7554b54eb847,2026-07-01T17:02:38Z,,,,Lint and Test,"Lint and Test -> Setup venv, install tools and dependencies",Lint and Test -> exit status 1 | Process completed with exit code 201.,,
5b0717c3ce49cb466309,7,https://github.com/WLM1ke/poptimizer/actions/runs/28607956642,4a229f10a0f01f73ad1d1716b37b023fea3b885f,2026-07-02T17:07:09Z,,,,Lint and Test,"Lint and Test -> Setup venv, install tools and dependencies",Lint and Test -> exit status 1 | Process completed with exit code 201.,,
5b0717c3ce49cb466309,8,https://github.com/WLM1ke/poptimizer/actions/runs/28993799278,1c769c1c94a285d8722df56c330c90fafec3ab7c,2026-07-09T04:20:36Z,,pyproject.toml,,Lint and Test,"Lint and Test -> Setup venv, install tools and dependencies",Lint and Test -> exit status 1 | Process completed with exit code 201.,,
5b0717c3ce49cb466309,9,https://github.com/WLM1ke/poptimizer/actions/runs/29143035347,03f191df88e3d614593fdd945d29138f09fc7e5c,2026-07-11T06:34:08Z,,,,Lint and Test,"Lint and Test -> Setup venv, install tools and dependencies",Lint and Test -> exit status 1 | Process completed with exit code 201.,,
5b0717c3ce49cb466309,10,https://github.com/WLM1ke/poptimizer/actions/runs/29636048988,9746728604535f8665c8459ed63d2c6d68719a64,2026-07-18T07:37:09Z,poptimizer/clients/status.py,,,Lint and Test,"Lint and Test -> Setup venv, install tools and dependencies",Lint and Test -> exit status 1 | Process completed with exit code 201.,,
5b0717c3ce49cb466309,11,https://github.com/WLM1ke/poptimizer/actions/runs/29675286023,5382382a25e7d64be8ff9c669fe53a461c8f3d13,2026-07-19T05:43:22Z,,,,Lint and Test,"Lint and Test -> Setup venv, install tools and dependencies",Lint and Test -> exit status 1 | Process completed with exit code 201.,,
5b0717c3ce49cb466309,12,https://github.com/WLM1ke/poptimizer/actions/runs/29676289085,aad88455bbcf31fdcdae527ce8b191eabe30a6f0,2026-07-19T06:20:39Z,poptimizer/adapters/http.py,pyproject.toml,,Lint and Test,"Lint and Test -> Setup venv, install tools and dependencies",Lint and Test -> exit status 1 | Process completed with exit code 201.,,
5b0717c3ce49cb466309,13,https://github.com/WLM1ke/poptimizer/actions/runs/29676415729,40d7052f21a1c5344eaae33c2cda277f5289797f,2026-07-19T06:25:26Z,,,,Lint and Test,"Lint and Test -> Setup venv, install tools and dependencies",Lint and Test -> exit status 1 | Process completed with exit code 201.,,
5b0717c3ce49cb466309,14,https://github.com/WLM1ke/poptimizer/actions/runs/30151086779,2b69260803669ac95a58f9ad330fe70ab12cfce5,2026-07-25T08:25:50Z,poptimizer/core/consts.py; poptimizer/data/features/features.py; poptimizer/data/moex/index.py; poptimizer/evolve/dl/builder.py; poptimizer/evolve/models/genotype.py,,,Lint and Test,"Lint and Test -> Setup venv, install tools and dependencies",Lint and Test -> exit status 1 | Process completed with exit code 201.,,
5b0717c3ce49cb466309,15,https://github.com/WLM1ke/poptimizer/actions/runs/30390042633,dcebea7416356b85f4823c473d5a3c91ff480fdd,2026-07-28T19:00:35Z,poptimizer/cli/app.py; poptimizer/evolve/dl/datasets.py; poptimizer/evolve/dl/ledoit_wolf.py; poptimizer/evolve/dl/risk.py; poptimizer/evolve/dl/trainer.py; poptimizer/reports/stats.py; poptimizer/trading/trading.py,pyproject.toml,,Lint and Test,"Lint and Test -> Setup venv, install tools and dependencies",Lint and Test -> exit status 1 | Process completed with exit code 201.,,
5b0717c3ce49cb466309,16,https://github.com/WLM1ke/poptimizer/actions/runs/31866872607,1751c8b9e7b1d7ced1425ba8f2332f8592f26cf3,2026-08-15T05:24:34Z,,,,Lint and Test,"Lint and Test -> Setup venv, install tools and dependencies",Lint and Test -> exit status 1 | Process completed with exit code 201.,,
5b0717c3ce49cb466309,17,https://github.com/WLM1ke/poptimizer/actions/runs/32040886897,04e605ee962d88bae311ea39ff391a905975e308,2026-08-17T14:59:16Z,,pyproject.toml,,Lint and Test,"Lint and Test -> Setup venv, install tools and dependencies",Lint and Test -> exit status 1 | Process completed with exit code 201.,,
5b0717c3ce49cb466309,18,https://github.com/WLM1ke/poptimizer/actions/runs/32097569035,c6cd990d1d8c09a63adfb9b292483faf8eabb930,2026-08-18T04:01:03Z,poptimizer/clients/cpi.py,,,Lint and Test,"Lint and Test -> Setup venv, install tools and dependencies",Lint and Test -> exit status 1 | Process completed with exit code 201.,,
5b0717c3ce49cb466309,19,https://github.com/WLM1ke/poptimizer/actions/runs/32618410988,87c5175fa1afe7149424becc67fddf2e65b5c643,2026-08-23T04:39:42Z,poptimizer/core/consts.py; poptimizer/data/features/features.py; poptimizer/data/moex/index.py; poptimizer/evolve/dl/builder.py; poptimizer/evolve/models/genotype.py,,,Lint and Test,"Lint and Test -> Setup venv, install tools and dependencies",Lint and Test -> exit status 1 | Process completed with exit code 201.,,
810bd8a865a89f3afe8c,1,https://github.com/WLM1ke/poptimizer/actions/runs/25089600997,61eb450a7a0a34aa7ff67fda6976b103ee241016,2026-04-29T03:35:17Z,,pyproject.toml,,Lint and Test,Lint and Test -> Lint,Lint and Test -> .github:49 — Process completed with exit code 201. | .github:47 — Task 'lint' failed — exit status 1,,
810bd8a865a89f3afe8c,2,https://github.com/WLM1ke/poptimizer/actions/runs/25090305172,06fd2a932bb5fc4cc0c218ff65ca3f6776de6012,2026-04-29T04:04:12Z,poptimizer/adapters/http.py; poptimizer/adapters/mongo.py; poptimizer/core/errors.py,,,Lint and Test,Lint and Test -> Lint,Lint and Test -> .github:38 — Process completed with exit code 201. | .github:36 — Task 'lint' failed — exit status 1,,
810bd8a865a89f3afe8c,3,https://github.com/WLM1ke/poptimizer/actions/runs/25117493942,522be266e6c483739d82765f4ac3100a48264ff9,2026-04-29T15:18:46Z,poptimizer/adapters/mongo.py,,,Lint and Test,Lint and Test -> Lint,Lint and Test -> .github:38 — Process completed with exit code 201. | .github:35 — Task 'lint' failed — exit status 1,,
810bd8a865a89f3afe8c,4,https://github.com/WLM1ke/poptimizer/actions/runs/25146806418,7d00b39e9134c1cb9d3615e504235059bfdfa0f7,2026-04-30T04:06:52Z,,,,Lint and Test,Lint and Test -> Lint,Lint and Test -> .github:38 — Process completed with exit code 201. | .github:36 — Task 'lint' failed — exit status 1,,
810bd8a865a89f3afe8c,5,https://github.com/WLM1ke/poptimizer/actions/runs/25982783671,36ea3403a188cb002cd565d655a9c040383738c5,2026-05-17T05:49:45Z,,,,Lint and Test,Lint and Test -> Lint,Lint and Test -> .github:38 — Process completed with exit code 201. | .github:36 — Task 'lint' failed — exit status 1,,
810bd8a865a89f3afe8c,6,https://github.com/WLM1ke/poptimizer/actions/runs/26011565523,2caed6ba18eceff4146e80583bdd9d8de5e8431a,2026-05-18T03:15:55Z,,,,Lint and Test,Lint and Test -> Lint,Lint and Test -> .github:38 — Process completed with exit code 201. | .github:36 — Task 'lint' failed — exit status 1,,
810bd8a865a89f3afe8c,7,https://github.com/WLM1ke/poptimizer/actions/runs/26074053892,642b2325cb9fb8cf18c76c8d22eb4ba22aaaf7e4,2026-05-19T03:18:17Z,,,,Lint and Test,Lint and Test -> Lint,Lint and Test -> .github:38 — Process completed with exit code 201. | .github:36 — Task 'lint' failed — exit status 1,,
810bd8a865a89f3afe8c,8,https://github.com/WLM1ke/poptimizer/actions/runs/26110472364,d784c4964fbd4b6a8225db677479ff25d028773d,2026-05-19T16:24:06Z,,pyproject.toml,,Lint and Test,Lint and Test -> Lint,Lint and Test -> .github:38 — Process completed with exit code 201. | .github:35 — Task 'lint' failed — exit status 1,,
168596eee013010c3a0a,1,https://github.com/WLM1ke/poptimizer/actions/runs/19451895461,4f610b05230e6b268a70e1330b54752a0c51e94b,2025-11-18T02:32:00Z,,,,Dependabot,,Dependabot -> .github:25 — Dependabot encountered an error performing the update Error: (HTTP code 404) no such container - No such image: ghcr.io/dependabot/dependabot-updater-npm:641ac3aeae97764683fb989a25dc3fa9340b7e24 For more information see: https://github.com/WLM1ke/poptimizer/network/updates/1155981479 (write access to the repository is required to view the log),,
aa6896f38b5a9a0ca05e,1,https://github.com/WLM1ke/poptimizer/actions/runs/19510635055,0e71377a4742f3884b4a004ca7f2f929c4a0e5e6,2025-11-19T17:33:34Z,,,,Dependabot,,Dependabot -> .github:473 — Dependabot encountered an error performing the update Error: The updater encountered one or more errors. For more information see: https://github.com/WLM1ke/poptimizer/network/updates/1158997483 (write access to the repository is required to view the log),,
aa6896f38b5a9a0ca05e,2,https://github.com/WLM1ke/poptimizer/actions/runs/19644619288,d93d09e0be2e6eaafb866613cac4b2924c0d8d36,2025-11-24T18:15:35Z,,pyproject.toml,,Dependabot,,Dependabot -> .github:289 — Dependabot encountered an error performing the update Error: The updater encountered one or more errors. For more information see: https://github.com/WLM1ke/poptimizer/network/updates/1163240311 (write access to the repository is required to view the log),,
34bc9e1e355c3453d636,1,https://github.com/WLM1ke/poptimizer/actions/runs/26920607718,288a986b47e828d97fbcaca376b9df2b10b9cd7c,2026-06-03T23:53:40Z,,,,Dependabot,Dependabot -> Run Dependabot,Dependabot -> .github:361 — Dependabot encountered an error performing the update Error: The updater encountered one or more errors. For more information see: https://github.com/WLM1ke/poptimizer/network/updates/1396078551 (write access to the repository is required to view the log),,
34bc9e1e355c3453d636,2,https://github.com/WLM1ke/poptimizer/actions/runs/26922844661,288a986b47e828d97fbcaca376b9df2b10b9cd7c,2026-06-04T00:51:04Z,,,,Dependabot,Dependabot -> Run Dependabot,Dependabot -> .github:361 — Dependabot encountered an error performing the update Error: The updater encountered one or more errors. For more information see: https://github.com/WLM1ke/poptimizer/network/updates/1396284656 (write access to the repository is required to view the log),,
34bc9e1e355c3453d636,3,https://github.com/WLM1ke/poptimizer/actions/runs/26927836998,288a986b47e828d97fbcaca376b9df2b10b9cd7c,2026-06-04T03:08:10Z,,,,Dependabot,Dependabot -> Run Dependabot,Dependabot -> .github:361 — Dependabot encountered an error performing the update Error: The updater encountered one or more errors. For more information see: https://github.com/WLM1ke/poptimizer/network/updates/1396793053 (write access to the repository is required to view the log),,
34bc9e1e355c3453d636,4,https://github.com/WLM1ke/poptimizer/actions/runs/26928208073,288a986b47e828d97fbcaca376b9df2b10b9cd7c,2026-06-04T03:18:54Z,,,,Dependabot,Dependabot -> Run Dependabot,Dependabot -> .github:362 — Dependabot encountered an error performing the update Error: The updater encountered one or more errors. For more information see: https://github.com/WLM1ke/poptimizer/network/updates/1396829172 (write access to the repository is required to view the log),,
bba77e1bb65ebadc7b02,1,https://github.com/WLM1ke/poptimizer/actions/runs/27686305681,d2b6100263f7323a37ef5721206f555c63600b14,2026-06-17T11:40:35Z,poptimizer/data/cpi/cpi.py,,,Dependabot,Dependabot -> Run Dependabot,Dependabot -> Dependabot encountered an error performing the update,,
bba77e1bb65ebadc7b02,2,https://github.com/WLM1ke/poptimizer/actions/runs/27686426350,d2b6100263f7323a37ef5721206f555c63600b14,2026-06-17T11:42:53Z,poptimizer/data/cpi/cpi.py,,,Dependabot,Dependabot -> Run Dependabot,Dependabot -> Dependabot encountered an error performing the update,,
bba77e1bb65ebadc7b02,3,https://github.com/WLM1ke/poptimizer/actions/runs/27687532126,d2b6100263f7323a37ef5721206f555c63600b14,2026-06-17T12:03:25Z,poptimizer/data/cpi/cpi.py,,,Dependabot,Dependabot -> Run Dependabot,Dependabot -> Dependabot encountered an error performing the update,,
bba77e1bb65ebadc7b02,4,https://github.com/WLM1ke/poptimizer/actions/runs/27687623616,d2b6100263f7323a37ef5721206f555c63600b14,2026-06-17T12:05:04Z,poptimizer/data/cpi/cpi.py,,,Dependabot,Dependabot -> Run Dependabot,Dependabot -> Dependabot encountered an error performing the update,,
bba77e1bb65ebadc7b02,5,https://github.com/WLM1ke/poptimizer/actions/runs/27687710267,d2b6100263f7323a37ef5721206f555c63600b14,2026-06-17T12:06:35Z,poptimizer/data/cpi/cpi.py,,,Dependabot,Dependabot -> Run Dependabot,Dependabot -> Dependabot encountered an error performing the update,,
bba77e1bb65ebadc7b02,6,https://github.com/WLM1ke/poptimizer/actions/runs/27687911090,d2b6100263f7323a37ef5721206f555c63600b14,2026-06-17T12:10:17Z,poptimizer/data/cpi/cpi.py,,,Dependabot,Dependabot -> Run Dependabot,Dependabot -> Dependabot encountered an error performing the update,,
2c567374e59790faa543,1,https://github.com/aramis-lab/clinica/actions/runs/29015493057,93c6193a76f49d5e4f9fd23b7c999c71834f89c9,2026-07-09T11:38:15Z,,,,,,,,
9a62c7a31f62a6f42e0d,1,https://github.com/aramis-lab/clinica/actions/runs/24339541841,79bc240c795a2486750bc446f34cb22189508e1c,2026-04-13T10:53:13Z,clinica/converters/adni_to_bids/_utils.py; clinica/converters/adni_to_bids/cli.py; clinica/converters/adni_to_bids/modality_converters/_pet_utils.py,,,Run unit tests on macos-latest with Python 3.10; Run unit tests on macos-latest with Python 3.11; Run unit tests on macos-latest with Python 3.12; Run unit tests on macos-latest with Python 3.13; Run unit tests on ubuntu-latest with Python 3.10; Run unit tests on ubuntu-latest with Python 3.11; Run unit tests on ubuntu-latest with Python 3.12; Run unit tests on ubuntu-latest with Python 3.13,Run unit tests on macos-latest with Python 3.10 -> Run unit tests; Run unit tests on macos-latest with Python 3.11 -> Run unit tests; Run unit tests on macos-latest with Python 3.12 -> Run unit tests; Run unit tests on macos-latest with Python 3.13 -> Run unit tests; Run unit tests on ubuntu-latest with Python 3.10 -> Run unit tests; Run unit tests on ubuntu-latest with Python 3.11 -> Run unit tests; Run unit tests on ubuntu-latest with Python 3.12 -> Run unit tests; Run unit tests on ubuntu-latest with Python 3.13 -> Run unit tests,Run unit tests on macos-latest with Python 3.10 -> .github:39 — Process completed with exit code 2.; Run unit tests on macos-latest with Python 3.11 -> .github:40 — Process completed with exit code 2.; Run unit tests on macos-latest with Python 3.12 -> .github:38 — Process completed with exit code 2.; Run unit tests on macos-latest with Python 3.13 -> .github:38 — Process completed with exit code 2.; Run unit tests on ubuntu-latest with Python 3.10 -> .github:40 — Process completed with exit code 2.; Run unit tests on ubuntu-latest with Python 3.11 -> .github:41 — Process completed with exit code 2.; Run unit tests on ubuntu-latest with Python 3.12 -> .github:39 — Process completed with exit code 2.; Run unit tests on ubuntu-latest with Python 3.13 -> .github:39 — Process completed with exit code 2.,,
9a62c7a31f62a6f42e0d,2,https://github.com/aramis-lab/clinica/actions/runs/24345003355,83d2a9bb0fb0a319008fac46018d584e8184fe55,2026-04-13T13:06:32Z,clinica/converters/adni_to_bids/_utils.py; test/unittests/converters/adni_to_bids/test_adni_utils.py,,,Run unit tests on macos-latest with Python 3.10; Run unit tests on macos-latest with Python 3.11; Run unit tests on macos-latest with Python 3.12; Run unit tests on macos-latest with Python 3.13; Run unit tests on ubuntu-latest with Python 3.10; Run unit tests on ubuntu-latest with Python 3.11; Run unit tests on ubuntu-latest with Python 3.12; Run unit tests on ubuntu-latest with Python 3.13,Run unit tests on macos-latest with Python 3.10 -> Run unit tests; Run unit tests on macos-latest with Python 3.11 -> Run unit tests; Run unit tests on macos-latest with Python 3.12 -> Run unit tests; Run unit tests on macos-latest with Python 3.13 -> Run unit tests; Run unit tests on ubuntu-latest with Python 3.10 -> Run unit tests; Run unit tests on ubuntu-latest with Python 3.11 -> Run unit tests; Run unit tests on ubuntu-latest with Python 3.12 -> Run unit tests; Run unit tests on ubuntu-latest with Python 3.13 -> Run unit tests,Run unit tests on macos-latest with Python 3.10 -> .github:39 — Process completed with exit code 2.; Run unit tests on macos-latest with Python 3.11 -> .github:40 — Process completed with exit code 2.; Run unit tests on macos-latest with Python 3.12 -> .github:38 — Process completed with exit code 2.; Run unit tests on macos-latest with Python 3.13 -> .github:38 — Process completed with exit code 2.; Run unit tests on ubuntu-latest with Python 3.10 -> .github:40 — Process completed with exit code 2.; Run unit tests on ubuntu-latest with Python 3.11 -> .github:41 — Process completed with exit code 2.; Run unit tests on ubuntu-latest with Python 3.12 -> .github:39 — Process completed with exit code 2.; Run unit tests on ubuntu-latest with Python 3.13 -> .github:39 — Process completed with exit code 2.,,
9a62c7a31f62a6f42e0d,3,https://github.com/aramis-lab/clinica/actions/runs/24346209472,2ec3926ebbc865084a2bfbd87339094f89276814,2026-04-13T13:33:11Z,clinica/converters/adni_to_bids/_utils.py; test/unittests/converters/adni_to_bids/test_adni_utils.py,,,Run unit tests on macos-latest with Python 3.10; Run unit tests on macos-latest with Python 3.11; Run unit tests on macos-latest with Python 3.12; Run unit tests on macos-latest with Python 3.13; Run unit tests on ubuntu-latest with Python 3.10; Run unit tests on ubuntu-latest with Python 3.11; Run unit tests on ubuntu-latest with Python 3.12; Run unit tests on ubuntu-latest with Python 3.13,Run unit tests on macos-latest with Python 3.10 -> Run unit tests; Run unit tests on macos-latest with Python 3.11 -> Run unit tests; Run unit tests on macos-latest with Python 3.12 -> Run unit tests; Run unit tests on macos-latest with Python 3.13 -> Run unit tests; Run unit tests on ubuntu-latest with Python 3.10 -> Run unit tests; Run unit tests on ubuntu-latest with Python 3.11 -> Run unit tests; Run unit tests on ubuntu-latest with Python 3.12 -> Run unit tests; Run unit tests on ubuntu-latest with Python 3.13 -> Run unit tests,Run unit tests on macos-latest with Python 3.10 -> .github:39 — Process completed with exit code 2.; Run unit tests on macos-latest with Python 3.11 -> .github:40 — Process completed with exit code 2.; Run unit tests on macos-latest with Python 3.12 -> .github:38 — Process completed with exit code 2.; Run unit tests on macos-latest with Python 3.13 -> .github:38 — Process completed with exit code 2.; Run unit tests on ubuntu-latest with Python 3.10 -> .github:40 — Process completed with exit code 2.; Run unit tests on ubuntu-latest with Python 3.11 -> .github:41 — Process completed with exit code 2.; Run unit tests on ubuntu-latest with Python 3.12 -> .github:39 — Process completed with exit code 2.; Run unit tests on ubuntu-latest with Python 3.13 -> .github:39 — Process completed with exit code 2.,,
9a62c7a31f62a6f42e0d,4,https://github.com/aramis-lab/clinica/actions/runs/24346824067,b294e5db0089f4eeab68c5845a4cf66399dbe6c6,2026-04-13T13:46:05Z,clinica/converters/adni_to_bids/_converter.py; clinica/converters/adni_to_bids/_utils.py; clinica/converters/adni_to_bids/cli.py; clinica/converters/adni_to_bids/modality_converters/_av45_fbb_pet.py; clinica/converters/adni_to_bids/modality_converters/_dwi.py; clinica/converters/adni_to_bids/modality_converters/_factory.py; clinica/converters/adni_to_bids/modality_converters/_fdg_pet.py; clinica/converters/adni_to_bids/modality_converters/_flair.py; clinica/converters/adni_to_bids/modality_converters/_fmap.py; clinica/converters/adni_to_bids/modality_converters/_fmri.py; clinica/converters/adni_to_bids/modality_converters/_pet_utils.py; clinica/converters/adni_to_bids/modality_converters/_pib_pet.py; clinica/converters/adni_to_bids/modality_converters/_t1.py; clinica/converters/adni_to_bids/modality_converters/_tau_pet.py; test/unittests/converters/adni_to_bids/test_adni_modality.py; test/unittests/converters/adni_to_bids/test_adni_utils.py,,,Run unit tests on macos-latest with Python 3.10; Run unit tests on macos-latest with Python 3.11; Run unit tests on macos-latest with Python 3.12; Run unit tests on macos-latest with Python 3.13; Run unit tests on ubuntu-latest with Python 3.10; Run unit tests on ubuntu-latest with Python 3.11; Run unit tests on ubuntu-latest with Python 3.12; Run unit tests on ubuntu-latest with Python 3.13,Run unit tests on macos-latest with Python 3.10 -> Run unit tests; Run unit tests on macos-latest with Python 3.11 -> Run unit tests; Run unit tests on macos-latest with Python 3.12 -> Run unit tests; Run unit tests on macos-latest with Python 3.13 -> Run unit tests; Run unit tests on ubuntu-latest with Python 3.10 -> Run unit tests; Run unit tests on ubuntu-latest with Python 3.11 -> Run unit tests; Run unit tests on ubuntu-latest with Python 3.12 -> Run unit tests; Run unit tests on ubuntu-latest with Python 3.13 -> Run unit tests,Run unit tests on macos-latest with Python 3.10 -> .github:43 — Process completed with exit code 2.; Run unit tests on macos-latest with Python 3.11 -> .github:46 — Process completed with exit code 2.; Run unit tests on macos-latest with Python 3.12 -> .github:46 — Process completed with exit code 2.; Run unit tests on macos-latest with Python 3.13 -> .github:46 — Process completed with exit code 2.; Run unit tests on ubuntu-latest with Python 3.10 -> .github:44 — Process completed with exit code 2.; Run unit tests on ubuntu-latest with Python 3.11 -> .github:47 — Process completed with exit code 2.; Run unit tests on ubuntu-latest with Python 3.12 -> .github:47 — Process completed with exit code 2.; Run unit tests on ubuntu-latest with Python 3.13 -> .github:47 — Process completed with exit code 2.,,
9a62c7a31f62a6f42e0d,5,https://github.com/aramis-lab/clinica/actions/runs/24347040155,da1435bdf916f22504d2d808d1ef0475396ec6df,2026-04-13T13:50:35Z,clinica/converters/adni_to_bids/_modality.py,,,Run unit tests on macos-latest with Python 3.10; Run unit tests on macos-latest with Python 3.11; Run unit tests on macos-latest with Python 3.12; Run unit tests on macos-latest with Python 3.13; Run unit tests on ubuntu-latest with Python 3.10; Run unit tests on ubuntu-latest with Python 3.11; Run unit tests on ubuntu-latest with Python 3.12; Run unit tests on ubuntu-latest with Python 3.13,Run unit tests on macos-latest with Python 3.10 -> Run unit tests; Run unit tests on macos-latest with Python 3.11 -> Run unit tests; Run unit tests on macos-latest with Python 3.12 -> Run unit tests; Run unit tests on macos-latest with Python 3.13 -> Run unit tests; Run unit tests on ubuntu-latest with Python 3.10 -> Run unit tests; Run unit tests on ubuntu-latest with Python 3.11 -> Run unit tests; Run unit tests on ubuntu-latest with Python 3.12 -> Run unit tests; Run unit tests on ubuntu-latest with Python 3.13 -> Run unit tests,Run unit tests on macos-latest with Python 3.10 -> .github:52 — Process completed with exit code 2.; Run unit tests on macos-latest with Python 3.11 -> .github:54 — Process completed with exit code 2.; Run unit tests on macos-latest with Python 3.12 -> .github:54 — Process completed with exit code 2.; Run unit tests on macos-latest with Python 3.13 -> .github:54 — Process completed with exit code 2.; Run unit tests on ubuntu-latest with Python 3.10 -> .github:53 — Process completed with exit code 2.; Run unit tests on ubuntu-latest with Python 3.11 -> .github:55 — Process completed with exit code 2.; Run unit tests on ubuntu-latest with Python 3.12 -> .github:55 — Process completed with exit code 2.; Run unit tests on ubuntu-latest with Python 3.13 -> .github:55 — Process completed with exit code 2.,,
28588090bfa4adc1f122,1,https://github.com/aramis-lab/clinica/actions/runs/24352834516,5c855c593581f66aa5aa52fc30fa9f9cd8a926b3,2026-04-13T15:49:44Z,clinica/converters/adni_to_bids/_modality.py,,,Run unit tests on macos-latest with Python 3.10; Run unit tests on macos-latest with Python 3.11; Run unit tests on macos-latest with Python 3.12; Run unit tests on macos-latest with Python 3.13; Run unit tests on ubuntu-latest with Python 3.10; Run unit tests on ubuntu-latest with Python 3.11; Run unit tests on ubuntu-latest with Python 3.12; Run unit tests on ubuntu-latest with Python 3.13,Run unit tests on macos-latest with Python 3.10 -> Run unit tests; Run unit tests on macos-latest with Python 3.11 -> Run unit tests; Run unit tests on macos-latest with Python 3.12 -> Run unit tests; Run unit tests on macos-latest with Python 3.13 -> Run unit tests; Run unit tests on ubuntu-latest with Python 3.10 -> Run unit tests; Run unit tests on ubuntu-latest with Python 3.11 -> Run unit tests; Run unit tests on ubuntu-latest with Python 3.12 -> Run unit tests; Run unit tests on ubuntu-latest with Python 3.13 -> Run unit tests,Run unit tests on macos-latest with Python 3.10 -> .github:2094 — Process completed with exit code 2.; Run unit tests on macos-latest with Python 3.11 -> .github:2119 — Process completed with exit code 2.; Run unit tests on macos-latest with Python 3.12 -> .github:2123 — Process completed with exit code 2.; Run unit tests on macos-latest with Python 3.13 -> .github:2123 — Process completed with exit code 2.; Run unit tests on ubuntu-latest with Python 3.10 -> .github:2095 — Process completed with exit code 2.; Run unit tests on ubuntu-latest with Python 3.11 -> .github:2120 — Process completed with exit code 2.; Run unit tests on ubuntu-latest with Python 3.12 -> .github:2129 — Process completed with exit code 2.; Run unit tests on ubuntu-latest with Python 3.13 -> .github:2129 — Process completed with exit code 2.,,
bbc9ad2d310d5758ba5d,1,https://github.com/aramis-lab/clinica/actions/runs/26523889730,1e73f4ee36c80a9d811d4e41af99b5916aa110f7,2026-05-27T16:20:13Z,clinica/converters/adni_to_bids/_modality.py; clinica/converters/adni_to_bids/_utils.py; clinica/converters/adni_to_bids/modality_converters/_av45_fbb_pet.py; clinica/converters/adni_to_bids/modality_converters/_fdg_pet.py; clinica/converters/adni_to_bids/modality_converters/_image_path_utils.py; clinica/converters/adni_to_bids/modality_converters/_pib_pet.py; clinica/converters/adni_to_bids/modality_converters/_tau_pet.py,,,Run unit tests on macos-latest with Python 3.10; Run unit tests on macos-latest with Python 3.11; Run unit tests on macos-latest with Python 3.12; Run unit tests on macos-latest with Python 3.13; Run unit tests on ubuntu-latest with Python 3.10; Run unit tests on ubuntu-latest with Python 3.11; Run unit tests on ubuntu-latest with Python 3.12; Run unit tests on ubuntu-latest with Python 3.13,Run unit tests on macos-latest with Python 3.10 -> Run unit tests; Run unit tests on macos-latest with Python 3.11 -> Run unit tests; Run unit tests on macos-latest with Python 3.12 -> Run unit tests; Run unit tests on macos-latest with Python 3.13 -> Run unit tests; Run unit tests on ubuntu-latest with Python 3.10 -> Run unit tests; Run unit tests on ubuntu-latest with Python 3.11 -> Run unit tests; Run unit tests on ubuntu-latest with Python 3.12 -> Run unit tests; Run unit tests on ubuntu-latest with Python 3.13 -> Run unit tests,"Run unit tests on macos-latest with Python 3.10 -> .github:2167 — Process completed with exit code 2. | .github:44 — WARNING: Cache entry deserialization failed, entry ignored | .github:43 — WARNING: Cache entry deserialization failed, entry ignored; Run unit tests on macos-latest with Python 3.11 -> .github:2170 — Process completed with exit code 2.; Run unit tests on macos-latest with Python 3.12 -> .github:2174 — Process completed with exit code 2.; Run unit tests on macos-latest with Python 3.13 -> .github:2174 — Process completed with exit code 2.; Run unit tests on ubuntu-latest with Python 3.10 -> .github:2168 — Process completed with exit code 2.; Run unit tests on ubuntu-latest with Python 3.11 -> .github:2171 — Process completed with exit code 2.; Run unit tests on ubuntu-latest with Python 3.12 -> .github:2180 — Process completed with exit code 2.; Run unit tests on ubuntu-latest with Python 3.13 -> .github:2180 — Process completed with exit code 2.",,
bbc9ad2d310d5758ba5d,2,https://github.com/aramis-lab/clinica/actions/runs/26524841476,a8255401f654d1c6ba76dc557b0b68729a67a66e,2026-05-27T16:37:40Z,clinica/converters/adni_to_bids/_modality.py; test/unittests/converters/adni_to_bids/test_adni_modality.py,,,Run unit tests on macos-latest with Python 3.10; Run unit tests on macos-latest with Python 3.11; Run unit tests on macos-latest with Python 3.12; Run unit tests on macos-latest with Python 3.13; Run unit tests on ubuntu-latest with Python 3.10; Run unit tests on ubuntu-latest with Python 3.11; Run unit tests on ubuntu-latest with Python 3.12; Run unit tests on ubuntu-latest with Python 3.13,Run unit tests on macos-latest with Python 3.10 -> Run unit tests; Run unit tests on macos-latest with Python 3.11 -> Run unit tests; Run unit tests on macos-latest with Python 3.12 -> Run unit tests; Run unit tests on macos-latest with Python 3.13 -> Run unit tests; Run unit tests on ubuntu-latest with Python 3.10 -> Run unit tests; Run unit tests on ubuntu-latest with Python 3.11 -> Run unit tests; Run unit tests on ubuntu-latest with Python 3.12 -> Run unit tests; Run unit tests on ubuntu-latest with Python 3.13 -> Run unit tests,"Run unit tests on macos-latest with Python 3.10 -> .github:35 — Process completed with exit code 2. | .github:44 — WARNING: Cache entry deserialization failed, entry ignored | .github:43 — WARNING: Cache entry deserialization failed, entry ignored; Run unit tests on macos-latest with Python 3.11 -> .github:35 — Process completed with exit code 2.; Run unit tests on macos-latest with Python 3.12 -> .github:35 — Process completed with exit code 2.; Run unit tests on macos-latest with Python 3.13 -> .github:35 — Process completed with exit code 2.; Run unit tests on ubuntu-latest with Python 3.10 -> .github:36 — Process completed with exit code 2.; Run unit tests on ubuntu-latest with Python 3.11 -> .github:36 — Process completed with exit code 2.; Run unit tests on ubuntu-latest with Python 3.12 -> .github:36 — Process completed with exit code 2.; Run unit tests on ubuntu-latest with Python 3.13 -> .github:36 — Process completed with exit code 2.",,
bbc9ad2d310d5758ba5d,3,https://github.com/aramis-lab/clinica/actions/runs/26525126738,2f3ba5e055d56baa9ea6eeb7f200aef2006ebc3f,2026-05-27T16:43:01Z,test/unittests/converters/adni_to_bids/test_adni_modality.py,,,Run unit tests on macos-latest with Python 3.10; Run unit tests on macos-latest with Python 3.11; Run unit tests on macos-latest with Python 3.12; Run unit tests on macos-latest with Python 3.13; Run unit tests on ubuntu-latest with Python 3.10; Run unit tests on ubuntu-latest with Python 3.11; Run unit tests on ubuntu-latest with Python 3.12; Run unit tests on ubuntu-latest with Python 3.13,Run unit tests on macos-latest with Python 3.10 -> Run unit tests; Run unit tests on macos-latest with Python 3.11 -> Run unit tests; Run unit tests on macos-latest with Python 3.12 -> Run unit tests; Run unit tests on macos-latest with Python 3.13 -> Run unit tests; Run unit tests on ubuntu-latest with Python 3.10 -> Run unit tests; Run unit tests on ubuntu-latest with Python 3.11 -> Run unit tests; Run unit tests on ubuntu-latest with Python 3.12 -> Run unit tests; Run unit tests on ubuntu-latest with Python 3.13 -> Run unit tests,"Run unit tests on macos-latest with Python 3.10 -> .github:2206 — Process completed with exit code 2. | .github:44 — WARNING: Cache entry deserialization failed, entry ignored | .github:43 — WARNING: Cache entry deserialization failed, entry ignored; Run unit tests on macos-latest with Python 3.11 -> .github:2209 — Process completed with exit code 2.; Run unit tests on macos-latest with Python 3.12 -> .github:2213 — Process completed with exit code 2.; Run unit tests on macos-latest with Python 3.13 -> .github:2213 — Process completed with exit code 2.; Run unit tests on ubuntu-latest with Python 3.10 -> .github:2207 — Process completed with exit code 2.; Run unit tests on ubuntu-latest with Python 3.11 -> .github:2210 — Process completed with exit code 2.; Run unit tests on ubuntu-latest with Python 3.12 -> .github:2219 — Process completed with exit code 2.; Run unit tests on ubuntu-latest with Python 3.13 -> .github:2219 — Process completed with exit code 2.",,
235316ef38fd3e541395,1,https://github.com/aramis-lab/clinica/actions/runs/29015493053,93c6193a76f49d5e4f9fd23b7c999c71834f89c9,2026-07-09T11:38:15Z,,,,,,,,
256ab8858a6ee70f3461,1,https://github.com/aramis-lab/clinica/actions/runs/17300355937,803870d186b5d6f1466e92c8908d0553dcaf2a38,2025-08-28T15:21:51Z,clinica/converters/genfi_to_bids/_utils.py; test/unittests/converters/test_genfi_to_bids_utils.py,,,Run unit tests on macos-latest with Python 3.12,,"Run unit tests on macos-latest with Python 3.12 -> .github:1 — The hosted runner lost communication with the server. Anything in your workflow that terminates the runner process, starves it for CPU/Memory, or blocks its network access can cause this error.",,
a81b6dcb4980daebd9d1,1,https://github.com/aramis-lab/clinica/actions/runs/20846236405,f7bb728a89206b3037f2fc04c5bd7f54fd9850cc,2026-01-09T08:43:25Z,test/unittests/converters/test_genfi_to_bids_utils.py,,,Run unit tests on macos-latest with Python 3.10; Run unit tests on macos-latest with Python 3.11; Run unit tests on macos-latest with Python 3.12; Run unit tests on macos-latest with Python 3.9; Run unit tests on ubuntu-latest with Python 3.10; Run unit tests on ubuntu-latest with Python 3.11; Run unit tests on ubuntu-latest with Python 3.12; Run unit tests on ubuntu-latest with Python 3.9,,Run unit tests on macos-latest with Python 3.10 -> .github:2294 — Process completed with exit code 2.; Run unit tests on macos-latest with Python 3.11 -> .github:2296 — Process completed with exit code 2.; Run unit tests on macos-latest with Python 3.12 -> .github:2300 — Process completed with exit code 2.; Run unit tests on macos-latest with Python 3.9 -> .github:2294 — Process completed with exit code 2.; Run unit tests on ubuntu-latest with Python 3.10 -> .github:2295 — Process completed with exit code 2.; Run unit tests on ubuntu-latest with Python 3.11 -> .github:2297 — Process completed with exit code 2.; Run unit tests on ubuntu-latest with Python 3.12 -> .github:2306 — Process completed with exit code 2.; Run unit tests on ubuntu-latest with Python 3.9 -> .github:2295 — Process completed with exit code 2.,,
a81b6dcb4980daebd9d1,2,https://github.com/aramis-lab/clinica/actions/runs/20848618179,c812abf356bf3b22715e3321fde18535bac3e869,2026-01-09T10:15:47Z,test/unittests/converters/test_genfi_to_bids_utils.py,,,Run unit tests on macos-latest with Python 3.10; Run unit tests on macos-latest with Python 3.11; Run unit tests on macos-latest with Python 3.12; Run unit tests on macos-latest with Python 3.9; Run unit tests on ubuntu-latest with Python 3.10; Run unit tests on ubuntu-latest with Python 3.11; Run unit tests on ubuntu-latest with Python 3.12; Run unit tests on ubuntu-latest with Python 3.9,,Run unit tests on macos-latest with Python 3.10 -> .github:2262 — Process completed with exit code 2.; Run unit tests on macos-latest with Python 3.11 -> .github:2264 — Process completed with exit code 2.; Run unit tests on macos-latest with Python 3.12 -> .github:2268 — Process completed with exit code 2.; Run unit tests on macos-latest with Python 3.9 -> .github:2262 — Process completed with exit code 2.; Run unit tests on ubuntu-latest with Python 3.10 -> .github:2263 — Process completed with exit code 2.; Run unit tests on ubuntu-latest with Python 3.11 -> .github:2265 — Process completed with exit code 2.; Run unit tests on ubuntu-latest with Python 3.12 -> .github:2274 — Process completed with exit code 2.; Run unit tests on ubuntu-latest with Python 3.9 -> .github:2263 — Process completed with exit code 2.,,
9430d3729a0397334fe6,1,https://github.com/aramis-lab/clinica/actions/runs/22103347244,82fcc0b1a368a034c9eb52a3c65c8c56b1c61d93,2026-02-17T14:56:03Z,test/unittests/converters/test_genfi_to_bids_utils.py,,,Run unit tests on macos-latest with Python 3.10; Run unit tests on macos-latest with Python 3.11; Run unit tests on macos-latest with Python 3.12; Run unit tests on macos-latest with Python 3.9; Run unit tests on ubuntu-latest with Python 3.10; Run unit tests on ubuntu-latest with Python 3.11; Run unit tests on ubuntu-latest with Python 3.12; Run unit tests on ubuntu-latest with Python 3.9,,Run unit tests on macos-latest with Python 3.10 -> .github:2173 — Process completed with exit code 2.; Run unit tests on macos-latest with Python 3.11 -> .github:2173 — Process completed with exit code 2.; Run unit tests on macos-latest with Python 3.12 -> .github:2180 — Process completed with exit code 2.; Run unit tests on macos-latest with Python 3.9 -> .github:2176 — Process completed with exit code 2.; Run unit tests on ubuntu-latest with Python 3.10 -> .github:2174 — Process completed with exit code 2.; Run unit tests on ubuntu-latest with Python 3.11 -> .github:2174 — Process completed with exit code 2.; Run unit tests on ubuntu-latest with Python 3.12 -> .github:2186 — Process completed with exit code 2.; Run unit tests on ubuntu-latest with Python 3.9 -> .github:2177 — Process completed with exit code 2.,,
1c44392c7285bf8a53d4,1,https://github.com/aramis-lab/clinica/actions/runs/24519290941,dce7fa68cf516a838b00098e461f5f4299a4179f,2026-04-16T15:35:40Z,clinica/pipelines/pet_surface/pet_surface_utils.py,,,Run unit tests on macos-latest with Python 3.10; Run unit tests on macos-latest with Python 3.11; Run unit tests on macos-latest with Python 3.12; Run unit tests on macos-latest with Python 3.13; Run unit tests on ubuntu-latest with Python 3.10; Run unit tests on ubuntu-latest with Python 3.11; Run unit tests on ubuntu-latest with Python 3.12; Run unit tests on ubuntu-latest with Python 3.13,Run unit tests on macos-latest with Python 3.10 -> Run unit tests; Run unit tests on macos-latest with Python 3.11 -> Run unit tests; Run unit tests on macos-latest with Python 3.12 -> Run unit tests; Run unit tests on macos-latest with Python 3.13 -> Run unit tests; Run unit tests on ubuntu-latest with Python 3.10 -> Run unit tests; Run unit tests on ubuntu-latest with Python 3.11 -> Run unit tests; Run unit tests on ubuntu-latest with Python 3.12 -> Run unit tests; Run unit tests on ubuntu-latest with Python 3.13 -> Run unit tests,Run unit tests on macos-latest with Python 3.10 -> .github:1958 — Process completed with exit code 2.; Run unit tests on macos-latest with Python 3.11 -> .github:1958 — Process completed with exit code 2.; Run unit tests on macos-latest with Python 3.12 -> .github:1962 — Process completed with exit code 2.; Run unit tests on macos-latest with Python 3.13 -> .github:1962 — Process completed with exit code 2.; Run unit tests on ubuntu-latest with Python 3.10 -> .github:1959 — Process completed with exit code 2.; Run unit tests on ubuntu-latest with Python 3.11 -> .github:1959 — Process completed with exit code 2.; Run unit tests on ubuntu-latest with Python 3.12 -> .github:1968 — Process completed with exit code 2.; Run unit tests on ubuntu-latest with Python 3.13 -> .github:1968 — Process completed with exit code 2.,,
0d51fe6bb71d98d37651,1,https://github.com/aramis-lab/clinica/actions/runs/23134116113,9707bf29f10ca9ce0ce5aaf0fb237c32c0df6c97,2026-03-16T08:16:34Z,clinica/pipelines/pet_surface/pet_surface_utils.py; test/unittests/pipelines/pet_surface/test_pet_surface_utils.py,,,Run unit tests on macos-latest with Python 3.10; Run unit tests on macos-latest with Python 3.11; Run unit tests on macos-latest with Python 3.12; Run unit tests on macos-latest with Python 3.13; Run unit tests on ubuntu-latest with Python 3.10; Run unit tests on ubuntu-latest with Python 3.11; Run unit tests on ubuntu-latest with Python 3.12; Run unit tests on ubuntu-latest with Python 3.13,,Run unit tests on macos-latest with Python 3.10 -> .github:1936 — Process completed with exit code 2.; Run unit tests on macos-latest with Python 3.11 -> .github:1936 — Process completed with exit code 2.; Run unit tests on macos-latest with Python 3.12 -> .github:1940 — Process completed with exit code 2.; Run unit tests on macos-latest with Python 3.13 -> .github:1940 — Process completed with exit code 2.; Run unit tests on ubuntu-latest with Python 3.10 -> .github:2072 — Process completed with exit code 2.; Run unit tests on ubuntu-latest with Python 3.11 -> .github:2069 — Process completed with exit code 2.; Run unit tests on ubuntu-latest with Python 3.12 -> .github:1946 — Process completed with exit code 2.; Run unit tests on ubuntu-latest with Python 3.13 -> .github:1946 — Process completed with exit code 2.,,
0d51fe6bb71d98d37651,2,https://github.com/aramis-lab/clinica/actions/runs/23134387571,8e957256e3bde2f309bb053c5a5e333c712c4b80,2026-03-16T08:24:08Z,clinica/pipelines/pet_surface/pet_surface_utils.py,,,Run unit tests on macos-latest with Python 3.10; Run unit tests on macos-latest with Python 3.11; Run unit tests on macos-latest with Python 3.12; Run unit tests on macos-latest with Python 3.13; Run unit tests on ubuntu-latest with Python 3.10; Run unit tests on ubuntu-latest with Python 3.11; Run unit tests on ubuntu-latest with Python 3.12; Run unit tests on ubuntu-latest with Python 3.13,,Run unit tests on macos-latest with Python 3.10 -> .github:1937 — Process completed with exit code 2.; Run unit tests on macos-latest with Python 3.11 -> .github:1937 — Process completed with exit code 2.; Run unit tests on macos-latest with Python 3.12 -> .github:1941 — Process completed with exit code 2.; Run unit tests on macos-latest with Python 3.13 -> .github:1941 — Process completed with exit code 2.; Run unit tests on ubuntu-latest with Python 3.10 -> .github:2073 — Process completed with exit code 2.; Run unit tests on ubuntu-latest with Python 3.11 -> .github:2070 — Process completed with exit code 2.; Run unit tests on ubuntu-latest with Python 3.12 -> .github:1947 — Process completed with exit code 2.; Run unit tests on ubuntu-latest with Python 3.13 -> .github:1947 — Process completed with exit code 2.,,
0d51fe6bb71d98d37651,3,https://github.com/aramis-lab/clinica/actions/runs/23134644058,e1280d397a3e0844b7d05e8b365e313ece4c63e6,2026-03-16T08:31:27Z,clinica/pipelines/pet_surface/pet_surface_utils.py,,,Run unit tests on macos-latest with Python 3.10; Run unit tests on macos-latest with Python 3.11; Run unit tests on macos-latest with Python 3.12; Run unit tests on macos-latest with Python 3.13; Run unit tests on ubuntu-latest with Python 3.10; Run unit tests on ubuntu-latest with Python 3.11; Run unit tests on ubuntu-latest with Python 3.12; Run unit tests on ubuntu-latest with Python 3.13,,Run unit tests on macos-latest with Python 3.10 -> .github:1962 — Process completed with exit code 2.; Run unit tests on macos-latest with Python 3.11 -> .github:1962 — Process completed with exit code 2.; Run unit tests on macos-latest with Python 3.12 -> .github:1966 — Process completed with exit code 2.; Run unit tests on macos-latest with Python 3.13 -> .github:1966 — Process completed with exit code 2.; Run unit tests on ubuntu-latest with Python 3.10 -> .github:2098 — Process completed with exit code 2.; Run unit tests on ubuntu-latest with Python 3.11 -> .github:2095 — Process completed with exit code 2.; Run unit tests on ubuntu-latest with Python 3.12 -> .github:1972 — Process completed with exit code 2.; Run unit tests on ubuntu-latest with Python 3.13 -> .github:1972 — Process completed with exit code 2.,,
0d51fe6bb71d98d37651,4,https://github.com/aramis-lab/clinica/actions/runs/23188019232,8d85cc7f22a50bed2ab0c2efb90583f85a02aa2c,2026-03-17T09:44:10Z,clinica/pipelines/pet_surface/pet_surface_utils.py; test/unittests/pipelines/pet_surface/test_pet_surface_utils.py,,,Run unit tests on macos-latest with Python 3.10; Run unit tests on macos-latest with Python 3.11; Run unit tests on macos-latest with Python 3.12; Run unit tests on macos-latest with Python 3.13; Run unit tests on ubuntu-latest with Python 3.10; Run unit tests on ubuntu-latest with Python 3.11; Run unit tests on ubuntu-latest with Python 3.12; Run unit tests on ubuntu-latest with Python 3.13,,Run unit tests on macos-latest with Python 3.10 -> .github:1959 — Process completed with exit code 2.; Run unit tests on macos-latest with Python 3.11 -> .github:1959 — Process completed with exit code 2.; Run unit tests on macos-latest with Python 3.12 -> .github:1963 — Process completed with exit code 2.; Run unit tests on macos-latest with Python 3.13 -> .github:1963 — Process completed with exit code 2.; Run unit tests on ubuntu-latest with Python 3.10 -> .github:2095 — Process completed with exit code 2.; Run unit tests on ubuntu-latest with Python 3.11 -> .github:2092 — Process completed with exit code 2.; Run unit tests on ubuntu-latest with Python 3.12 -> .github:2100 — Process completed with exit code 2.; Run unit tests on ubuntu-latest with Python 3.13 -> .github:1969 — Process completed with exit code 2.,,
0d51fe6bb71d98d37651,5,https://github.com/aramis-lab/clinica/actions/runs/23188199015,c1c889d405b11e97b218399edcf77a919f16c1c3,2026-03-17T09:48:51Z,clinica/pipelines/pet_surface/pet_surface_utils.py,,,Run unit tests on macos-latest with Python 3.10; Run unit tests on macos-latest with Python 3.11; Run unit tests on macos-latest with Python 3.12; Run unit tests on macos-latest with Python 3.13; Run unit tests on ubuntu-latest with Python 3.10; Run unit tests on ubuntu-latest with Python 3.11; Run unit tests on ubuntu-latest with Python 3.12; Run unit tests on ubuntu-latest with Python 3.13,,Run unit tests on macos-latest with Python 3.10 -> .github:1963 — Process completed with exit code 2.; Run unit tests on macos-latest with Python 3.11 -> .github:1963 — Process completed with exit code 2.; Run unit tests on macos-latest with Python 3.12 -> .github:1967 — Process completed with exit code 2.; Run unit tests on macos-latest with Python 3.13 -> .github:1967 — Process completed with exit code 2.; Run unit tests on ubuntu-latest with Python 3.10 -> .github:2099 — Process completed with exit code 2.; Run unit tests on ubuntu-latest with Python 3.11 -> .github:2096 — Process completed with exit code 2.; Run unit tests on ubuntu-latest with Python 3.12 -> .github:2104 — Process completed with exit code 2.; Run unit tests on ubuntu-latest with Python 3.13 -> .github:1973 — Process completed with exit code 2.,,
680c6f3f81497b7e32ae,1,https://github.com/aramis-lab/clinica/actions/runs/23949186655,06ae0733a307eb9b51074ff645a37ce68bf4d644,2026-04-03T14:12:26Z,,.github/workflows/test_converters.yml,,Run unit tests on macos-latest with Python 3.10; Run unit tests on macos-latest with Python 3.11; Run unit tests on macos-latest with Python 3.12; Run unit tests on macos-latest with Python 3.13; Run unit tests on ubuntu-latest with Python 3.10; Run unit tests on ubuntu-latest with Python 3.11; Run unit tests on ubuntu-latest with Python 3.12; Run unit tests on ubuntu-latest with Python 3.13,Run unit tests on macos-latest with Python 3.10 -> Run unit tests; Run unit tests on macos-latest with Python 3.11 -> Run unit tests; Run unit tests on macos-latest with Python 3.12 -> Run unit tests; Run unit tests on macos-latest with Python 3.13 -> Run unit tests; Run unit tests on ubuntu-latest with Python 3.10 -> Run unit tests; Run unit tests on ubuntu-latest with Python 3.11 -> Run unit tests; Run unit tests on ubuntu-latest with Python 3.12 -> Run unit tests; Run unit tests on ubuntu-latest with Python 3.13 -> Run unit tests,"Run unit tests on macos-latest with Python 3.10 -> .github:2087 — Process completed with exit code 2. | .github:32 — WARNING: Retrying (Retry(total=4, connect=None, read=None, redirect=None, status=None)) after connection broken by 'ConnectTimeoutError( , 'Connection to pypi.org timed out. (connect timeout=15)')': /simple/pip/; Run unit tests on macos-latest with Python 3.11 -> .github:2051 — Process completed with exit code 2.; Run unit tests on macos-latest with Python 3.12 -> .github:2055 — Process completed with exit code 2.; Run unit tests on macos-latest with Python 3.13 -> .github:2055 — Process completed with exit code 2.; Run unit tests on ubuntu-latest with Python 3.10 -> .github:2051 — Process completed with exit code 2.; Run unit tests on ubuntu-latest with Python 3.11 -> .github:2052 — Process completed with exit code 2.; Run unit tests on ubuntu-latest with Python 3.12 -> .github:2061 — Process completed with exit code 2.; Run unit tests on ubuntu-latest with Python 3.13 -> .github:2061 — Process completed with exit code 2.",,
6926ec6ba901fdc3bfa2,1,https://github.com/aramis-lab/clinica/actions/runs/20242285118,b453726847a37c256487eab0b92e9a72f98540ea,2025-12-15T17:58:06Z,test/unittests/pipelines/pet/test_pet_utils.py; test/unittests/pipelines/pet/test_pet_volume_utils.py,,,Run unit tests on macos-latest with Python 3.10; Run unit tests on macos-latest with Python 3.11; Run unit tests on macos-latest with Python 3.12; Run unit tests on macos-latest with Python 3.9; Run unit tests on ubuntu-latest with Python 3.10; Run unit tests on ubuntu-latest with Python 3.11; Run unit tests on ubuntu-latest with Python 3.12; Run unit tests on ubuntu-latest with Python 3.9,,Run unit tests on macos-latest with Python 3.10 -> .github:1888 — Process completed with exit code 2.; Run unit tests on macos-latest with Python 3.11 -> .github:1889 — Process completed with exit code 2.; Run unit tests on macos-latest with Python 3.12 -> .github:1893 — Process completed with exit code 2.; Run unit tests on macos-latest with Python 3.9 -> .github:1888 — Process completed with exit code 2.; Run unit tests on ubuntu-latest with Python 3.10 -> .github:1889 — Process completed with exit code 2.; Run unit tests on ubuntu-latest with Python 3.11 -> .github:1890 — Process completed with exit code 2.; Run unit tests on ubuntu-latest with Python 3.12 -> .github:1899 — Process completed with exit code 2.; Run unit tests on ubuntu-latest with Python 3.9 -> .github:1889 — Process completed with exit code 2.,,
e7b1ecdd3fb34e9ddbec,1,https://github.com/aramis-lab/clinica/actions/runs/24780199884,7c95128528f152a5ec261a233bada251225479f4,2026-04-22T13:11:51Z,clinica/converters/oasis3_to_bids/_utils.py,,,Run unit tests on macos-latest with Python 3.10; Run unit tests on macos-latest with Python 3.11; Run unit tests on macos-latest with Python 3.12; Run unit tests on macos-latest with Python 3.13; Run unit tests on ubuntu-latest with Python 3.10; Run unit tests on ubuntu-latest with Python 3.11; Run unit tests on ubuntu-latest with Python 3.12; Run unit tests on ubuntu-latest with Python 3.13,Run unit tests on macos-latest with Python 3.10 -> Run unit tests; Run unit tests on macos-latest with Python 3.11 -> Run unit tests; Run unit tests on macos-latest with Python 3.12 -> Run unit tests; Run unit tests on macos-latest with Python 3.13 -> Run unit tests; Run unit tests on ubuntu-latest with Python 3.10 -> Run unit tests; Run unit tests on ubuntu-latest with Python 3.11 -> Run unit tests; Run unit tests on ubuntu-latest with Python 3.12 -> Run unit tests; Run unit tests on ubuntu-latest with Python 3.13 -> Run unit tests,Run unit tests on macos-latest with Python 3.10 -> .github:1899 — Process completed with exit code 2.; Run unit tests on macos-latest with Python 3.11 -> .github:1899 — Process completed with exit code 2.; Run unit tests on macos-latest with Python 3.12 -> .github:1903 — Process completed with exit code 2.; Run unit tests on macos-latest with Python 3.13 -> .github:1903 — Process completed with exit code 2.; Run unit tests on ubuntu-latest with Python 3.10 -> .github:1900 — Process completed with exit code 2.; Run unit tests on ubuntu-latest with Python 3.11 -> .github:1900 — Process completed with exit code 2.; Run unit tests on ubuntu-latest with Python 3.12 -> .github:1909 — Process completed with exit code 2.; Run unit tests on ubuntu-latest with Python 3.13 -> .github:1909 — Process completed with exit code 2.,,
9eb7067e1e78143affdb,1,https://github.com/aramis-lab/clinica/actions/runs/19072553373,bb853944d0b4645c856eef00f533b0b85f03a0b4,2025-11-04T14:46:53Z,clinica/utils/spm.py,.github/workflows/test_instantiation.yml,,Run unit tests on macos-latest with Python 3.10; Run unit tests on macos-latest with Python 3.11; Run unit tests on macos-latest with Python 3.12; Run unit tests on macos-latest with Python 3.9; Run unit tests on ubuntu-latest with Python 3.10; Run unit tests on ubuntu-latest with Python 3.11; Run unit tests on ubuntu-latest with Python 3.12; Run unit tests on ubuntu-latest with Python 3.9,,Run unit tests on macos-latest with Python 3.10 -> .github:2014 — Process completed with exit code 2.; Run unit tests on macos-latest with Python 3.11 -> .github:2020 — Process completed with exit code 2.; Run unit tests on macos-latest with Python 3.12 -> .github:2024 — Process completed with exit code 2.; Run unit tests on macos-latest with Python 3.9 -> .github:2014 — Process completed with exit code 2.; Run unit tests on ubuntu-latest with Python 3.10 -> .github:2015 — Process completed with exit code 2.; Run unit tests on ubuntu-latest with Python 3.11 -> .github:2021 — Process completed with exit code 2.; Run unit tests on ubuntu-latest with Python 3.12 -> .github:2030 — Process completed with exit code 2.; Run unit tests on ubuntu-latest with Python 3.9 -> .github:2015 — Process completed with exit code 2.,,
d3ee5547a14fdacecb60,1,https://github.com/aramis-lab/clinica/actions/runs/19105442214,9256963fa86a0578a6313d536f73a537e91f1517,2025-11-05T14:32:36Z,,,,Run unit tests on macos-latest with Python 3.10; Run unit tests on macos-latest with Python 3.11; Run unit tests on macos-latest with Python 3.12; Run unit tests on macos-latest with Python 3.9; Run unit tests on ubuntu-latest with Python 3.10; Run unit tests on ubuntu-latest with Python 3.11; Run unit tests on ubuntu-latest with Python 3.12; Run unit tests on ubuntu-latest with Python 3.9,,Run unit tests on macos-latest with Python 3.10 -> .github:2392 — Process completed with exit code 2.; Run unit tests on macos-latest with Python 3.11 -> .github:2392 — Process completed with exit code 2.; Run unit tests on macos-latest with Python 3.12 -> .github:2396 — Process completed with exit code 2.; Run unit tests on macos-latest with Python 3.9 -> .github:2392 — Process completed with exit code 2.; Run unit tests on ubuntu-latest with Python 3.10 -> .github:2393 — Process completed with exit code 2.; Run unit tests on ubuntu-latest with Python 3.11 -> .github:2393 — Process completed with exit code 2.; Run unit tests on ubuntu-latest with Python 3.12 -> .github:2402 — Process completed with exit code 2.; Run unit tests on ubuntu-latest with Python 3.9 -> .github:2393 — Process completed with exit code 2.,,
d3ee5547a14fdacecb60,2,https://github.com/aramis-lab/clinica/actions/runs/19131982164,ac4c5fa7a9a792704ec28a9a99bd065b4e5eb809,2025-11-06T10:05:36Z,test/unittests/pipelines/t1_volume_create_dartel/test_t1_volume_create_dartel_pipeline.py; test/unittests/pipelines/t1_volume_dartel2mni/test_t1_volume_dartel2mni_pipeline.py; test/unittests/pipelines/t1_volume_register_dartel/test_t1_volume_register_dartel_pipeline.py; test/unittests/pipelines/t1_volume_tissue_segmentation/test_t1_volume_tissue_segmentation_pipeline.py,,,Run unit tests on macos-latest with Python 3.10; Run unit tests on macos-latest with Python 3.11; Run unit tests on macos-latest with Python 3.12; Run unit tests on macos-latest with Python 3.9; Run unit tests on ubuntu-latest with Python 3.10; Run unit tests on ubuntu-latest with Python 3.11; Run unit tests on ubuntu-latest with Python 3.12; Run unit tests on ubuntu-latest with Python 3.9,,Run unit tests on macos-latest with Python 3.10 -> .github:2089 — Process completed with exit code 2.; Run unit tests on macos-latest with Python 3.11 -> .github:2089 — Process completed with exit code 2.; Run unit tests on macos-latest with Python 3.12 -> .github:2093 — Process completed with exit code 2.; Run unit tests on macos-latest with Python 3.9 -> .github:2089 — Process completed with exit code 2.; Run unit tests on ubuntu-latest with Python 3.10 -> .github:2090 — Process completed with exit code 2.; Run unit tests on ubuntu-latest with Python 3.11 -> .github:2090 — Process completed with exit code 2.; Run unit tests on ubuntu-latest with Python 3.12 -> .github:2099 — Process completed with exit code 2.; Run unit tests on ubuntu-latest with Python 3.9 -> .github:2090 — Process completed with exit code 2.,,
d3ee5547a14fdacecb60,3,https://github.com/aramis-lab/clinica/actions/runs/19132331557,7b15bfe557385341d561394a67d268ecb7e82467,2025-11-06T10:18:31Z,test/unittests/pipelines/t1_volume_create_dartel/test_t1_volume_create_dartel_pipeline.py; test/unittests/pipelines/t1_volume_dartel2mni/test_t1_volume_dartel2mni_pipeline.py; test/unittests/pipelines/t1_volume_register_dartel/test_t1_volume_register_dartel_pipeline.py; test/unittests/pipelines/t1_volume_tissue_segmentation/test_t1_volume_tissue_segmentation_pipeline.py,,,Run unit tests on macos-latest with Python 3.10; Run unit tests on macos-latest with Python 3.11; Run unit tests on macos-latest with Python 3.12; Run unit tests on macos-latest with Python 3.9; Run unit tests on ubuntu-latest with Python 3.10; Run unit tests on ubuntu-latest with Python 3.11; Run unit tests on ubuntu-latest with Python 3.12; Run unit tests on ubuntu-latest with Python 3.9,,Run unit tests on macos-latest with Python 3.10 -> .github:2081 — Process completed with exit code 2.; Run unit tests on macos-latest with Python 3.11 -> .github:2081 — Process completed with exit code 2.; Run unit tests on macos-latest with Python 3.12 -> .github:2085 — Process completed with exit code 2.; Run unit tests on macos-latest with Python 3.9 -> .github:2081 — Process completed with exit code 2.; Run unit tests on ubuntu-latest with Python 3.10 -> .github:2082 — Process completed with exit code 2.; Run unit tests on ubuntu-latest with Python 3.11 -> .github:2082 — Process completed with exit code 2.; Run unit tests on ubuntu-latest with Python 3.12 -> .github:2091 — Process completed with exit code 2.; Run unit tests on ubuntu-latest with Python 3.9 -> .github:2082 — Process completed with exit code 2.,,
5bbdbb2693d0c004adf8,1,https://github.com/aramis-lab/clinica/actions/runs/21175582414,58149933aa0cce9ff7780a1fe11bf4562bc38271,2026-01-20T14:41:30Z,clinica/pipelines/statistics_volume/statistics_volume_utils.py,,,Run unit tests on macos-latest with Python 3.10; Run unit tests on macos-latest with Python 3.11; Run unit tests on macos-latest with Python 3.12; Run unit tests on macos-latest with Python 3.9; Run unit tests on ubuntu-latest with Python 3.10; Run unit tests on ubuntu-latest with Python 3.11; Run unit tests on ubuntu-latest with Python 3.12; Run unit tests on ubuntu-latest with Python 3.9,,Run unit tests on macos-latest with Python 3.10 -> .github:2409 — Process completed with exit code 2.; Run unit tests on macos-latest with Python 3.11 -> .github:2411 — Process completed with exit code 2.; Run unit tests on macos-latest with Python 3.12 -> .github:2415 — Process completed with exit code 2.; Run unit tests on macos-latest with Python 3.9 -> .github:2396 — Process completed with exit code 2.; Run unit tests on ubuntu-latest with Python 3.10 -> .github:2410 — Process completed with exit code 2.; Run unit tests on ubuntu-latest with Python 3.11 -> .github:2412 — Process completed with exit code 2.; Run unit tests on ubuntu-latest with Python 3.12 -> .github:2421 — Process completed with exit code 2.; Run unit tests on ubuntu-latest with Python 3.9 -> .github:2397 — Process completed with exit code 2.,,
5bbdbb2693d0c004adf8,2,https://github.com/aramis-lab/clinica/actions/runs/21210189158,bbf027a44c4db192c8830bc15d6d9272c10b11b2,2026-01-21T12:49:20Z,,,,Run unit tests on macos-latest with Python 3.10; Run unit tests on macos-latest with Python 3.11; Run unit tests on macos-latest with Python 3.12; Run unit tests on macos-latest with Python 3.9; Run unit tests on ubuntu-latest with Python 3.10; Run unit tests on ubuntu-latest with Python 3.11; Run unit tests on ubuntu-latest with Python 3.12; Run unit tests on ubuntu-latest with Python 3.9,,Run unit tests on macos-latest with Python 3.10 -> .github:2409 — Process completed with exit code 2.; Run unit tests on macos-latest with Python 3.11 -> .github:2411 — Process completed with exit code 2.; Run unit tests on macos-latest with Python 3.12 -> .github:2415 — Process completed with exit code 2.; Run unit tests on macos-latest with Python 3.9 -> .github:2396 — Process completed with exit code 2.; Run unit tests on ubuntu-latest with Python 3.10 -> .github:2410 — Process completed with exit code 2.; Run unit tests on ubuntu-latest with Python 3.11 -> .github:2412 — Process completed with exit code 2.; Run unit tests on ubuntu-latest with Python 3.12 -> .github:2421 — Process completed with exit code 2.; Run unit tests on ubuntu-latest with Python 3.9 -> .github:2397 — Process completed with exit code 2.,,
5bbdbb2693d0c004adf8,3,https://github.com/aramis-lab/clinica/actions/runs/21211907269,e61dfc720ad2aaa07bbbd68c2aa9ed28042fb780,2026-01-21T13:45:48Z,test/unittests/pipelines/statistics_volume/test_statistics_volume_utils.py,,,Run unit tests on macos-latest with Python 3.10; Run unit tests on macos-latest with Python 3.11; Run unit tests on macos-latest with Python 3.12; Run unit tests on macos-latest with Python 3.9; Run unit tests on ubuntu-latest with Python 3.10; Run unit tests on ubuntu-latest with Python 3.11; Run unit tests on ubuntu-latest with Python 3.12; Run unit tests on ubuntu-latest with Python 3.9,,Run unit tests on macos-latest with Python 3.10 -> .github:1936 — Process completed with exit code 2.; Run unit tests on macos-latest with Python 3.11 -> .github:1924 — Process completed with exit code 2.; Run unit tests on macos-latest with Python 3.12 -> .github:1928 — Process completed with exit code 2.; Run unit tests on macos-latest with Python 3.9 -> .github:1923 — Process completed with exit code 2.; Run unit tests on ubuntu-latest with Python 3.10 -> .github:1937 — Process completed with exit code 2.; Run unit tests on ubuntu-latest with Python 3.11 -> .github:1925 — Process completed with exit code 2.; Run unit tests on ubuntu-latest with Python 3.12 -> .github:1934 — Process completed with exit code 2.; Run unit tests on ubuntu-latest with Python 3.9 -> .github:1924 — Process completed with exit code 2.,,
5bbdbb2693d0c004adf8,4,https://github.com/aramis-lab/clinica/actions/runs/21212162169,9eece6f21c18e38a64c6b466133aca428a387393,2026-01-21T13:53:59Z,test/unittests/pipelines/statistics_volume/test_statistics_volume_utils.py,,,Run unit tests on macos-latest with Python 3.10; Run unit tests on macos-latest with Python 3.11; Run unit tests on macos-latest with Python 3.12; Run unit tests on macos-latest with Python 3.9; Run unit tests on ubuntu-latest with Python 3.10; Run unit tests on ubuntu-latest with Python 3.11; Run unit tests on ubuntu-latest with Python 3.12; Run unit tests on ubuntu-latest with Python 3.9,,Run unit tests on macos-latest with Python 3.10 -> .github:1936 — Process completed with exit code 2.; Run unit tests on macos-latest with Python 3.11 -> .github:1924 — Process completed with exit code 2.; Run unit tests on macos-latest with Python 3.12 -> .github:1928 — Process completed with exit code 2.; Run unit tests on macos-latest with Python 3.9 -> .github:1923 — Process completed with exit code 2.; Run unit tests on ubuntu-latest with Python 3.10 -> .github:1937 — Process completed with exit code 2.; Run unit tests on ubuntu-latest with Python 3.11 -> .github:1925 — Process completed with exit code 2.; Run unit tests on ubuntu-latest with Python 3.12 -> .github:1934 — Process completed with exit code 2.; Run unit tests on ubuntu-latest with Python 3.9 -> .github:1924 — Process completed with exit code 2.,,
092dcd378dbbddac399b,1,https://github.com/aramis-lab/clinica/actions/runs/24200957316,2672775a153c2a7842e257402ad82be42357b4b0,2026-04-09T16:18:21Z,clinica/converters/adni_to_bids/modality_converters/_fdg_pet.py; clinica/converters/adni_to_bids/modality_converters/_pet_utils.py; test/unittests/converters/adni_to_bids/modality_converters/test_adni_pet_utils.py; test/unittests/converters/adni_to_bids/modality_converters/test_fdg_pet.py; test/unittests/converters/adni_to_bids/modality_converters/test_pet_utils.py,,,test-converters-Linux,test-converters-Linux -> Run non-regression tests for converters,test-converters-Linux -> .github:447 — Process completed with exit code 1.,,
092dcd378dbbddac399b,2,https://github.com/aramis-lab/clinica/actions/runs/24203874529,6163087ae93f48128e88edbc5296613161a9733c,2026-04-09T17:24:30Z,clinica/converters/adni_to_bids/_converter.py; clinica/converters/adni_to_bids/_utils.py; clinica/converters/adni_to_bids/cli.py; clinica/converters/adni_to_bids/modality_converters/_av45_fbb_pet.py; clinica/converters/adni_to_bids/modality_converters/_dwi.py; clinica/converters/adni_to_bids/modality_converters/_factory.py; clinica/converters/adni_to_bids/modality_converters/_fdg_pet.py; clinica/converters/adni_to_bids/modality_converters/_flair.py; clinica/converters/adni_to_bids/modality_converters/_fmap.py; clinica/converters/adni_to_bids/modality_converters/_fmri.py; clinica/converters/adni_to_bids/modality_converters/_pet_utils.py; clinica/converters/adni_to_bids/modality_converters/_pib_pet.py; clinica/converters/adni_to_bids/modality_converters/_t1.py; clinica/converters/adni_to_bids/modality_converters/_tau_pet.py; test/unittests/converters/adni_to_bids/modality_converters/test_adni_pet_utils.py,,,test-converters-Linux,test-converters-Linux -> Run non-regression tests for converters,test-converters-Linux -> .github:215 — Process completed with exit code 3.,,
092dcd378dbbddac399b,3,https://github.com/aramis-lab/clinica/actions/runs/24232794165,3b9b2a49dff1eaa1df166d717d4172b01ad93a7a,2026-04-10T07:56:08Z,clinica/converters/adni_to_bids/_converter.py,,,test-converters-Linux,test-converters-Linux -> Run non-regression tests for converters,test-converters-Linux -> .github:286 — Process completed with exit code 3.,,
092dcd378dbbddac399b,4,https://github.com/aramis-lab/clinica/actions/runs/24233645232,3aae7e4018527b5cb83fdb772843cf754489fd4c,2026-04-10T08:19:17Z,clinica/converters/adni_to_bids/_converter.py; clinica/converters/adni_to_bids/_utils.py; clinica/converters/adni_to_bids/cli.py; clinica/converters/adni_to_bids/modality_converters/_av45_fbb_pet.py; clinica/converters/adni_to_bids/modality_converters/_dwi.py; clinica/converters/adni_to_bids/modality_converters/_fdg_pet.py; clinica/converters/adni_to_bids/modality_converters/_flair.py; clinica/converters/adni_to_bids/modality_converters/_fmap.py; clinica/converters/adni_to_bids/modality_converters/_fmri.py; clinica/converters/adni_to_bids/modality_converters/_pet_utils.py; clinica/converters/adni_to_bids/modality_converters/_pib_pet.py; clinica/converters/adni_to_bids/modality_converters/_t1.py; clinica/converters/adni_to_bids/modality_converters/_tau_pet.py,,,test-converters-Linux,test-converters-Linux -> Run non-regression tests for converters,test-converters-Linux -> .github:218 — Process completed with exit code 3.,,
092dcd378dbbddac399b,5,https://github.com/aramis-lab/clinica/actions/runs/24233787366,83fd338e00ac122fe53d3f62a13d08551a12f2e9,2026-04-10T08:23:09Z,test/unittests/converters/adni_to_bids/modality_converters/test_adni_pet_utils.py; test/unittests/converters/adni_to_bids/modality_converters/test_fdg_pet.py; test/unittests/converters/adni_to_bids/test_adni_utils.py,,,test-converters-Linux,test-converters-Linux -> Run non-regression tests for converters,test-converters-Linux -> .github:218 — Process completed with exit code 3.,,
092dcd378dbbddac399b,6,https://github.com/aramis-lab/clinica/actions/runs/24339541845,79bc240c795a2486750bc446f34cb22189508e1c,2026-04-13T10:53:13Z,clinica/converters/adni_to_bids/_utils.py; clinica/converters/adni_to_bids/cli.py; clinica/converters/adni_to_bids/modality_converters/_pet_utils.py,,,test-converters-Linux,test-converters-Linux -> Run non-regression tests for converters,test-converters-Linux -> .github:2831 — Process completed with exit code 1.,,
092dcd378dbbddac399b,7,https://github.com/aramis-lab/clinica/actions/runs/24347040252,da1435bdf916f22504d2d808d1ef0475396ec6df,2026-04-13T13:50:35Z,clinica/converters/adni_to_bids/_modality.py,,,test-converters-Linux,test-converters-Linux -> Run non-regression tests for converters,test-converters-Linux -> .github:2831 — Process completed with exit code 1.,,
092dcd378dbbddac399b,8,https://github.com/aramis-lab/clinica/actions/runs/24353011347,1ee6ee9963a8daeef3d6d0df45e0fbe87cb71d25,2026-04-13T15:53:31Z,clinica/converters/adni_to_bids/_modality.py; test/unittests/converters/adni_to_bids/test_adni_modality.py,,,test-converters-Linux,test-converters-Linux -> Run non-regression tests for converters,test-converters-Linux -> .github:2966 — Process completed with exit code 1.,,
092dcd378dbbddac399b,9,https://github.com/aramis-lab/clinica/actions/runs/26163813380,f363a86194cf8cd55afdc3a9626e17a3a5a2a84d,2026-05-20T12:53:39Z,clinica/converters/adni_to_bids/_converter.py; clinica/converters/adni_to_bids/_modality.py; clinica/converters/adni_to_bids/cli.py; clinica/converters/adni_to_bids/modality_converters/_av45_fbb_pet.py; clinica/converters/adni_to_bids/modality_converters/_fdg_pet.py; clinica/converters/adni_to_bids/modality_converters/_pib_pet.py; clinica/converters/adni_to_bids/modality_converters/_tau_pet.py,,,test-converters-Linux,test-converters-Linux -> Run non-regression tests for converters,test-converters-Linux -> .github:312 — Process completed with exit code 1.,,
092dcd378dbbddac399b,10,https://github.com/aramis-lab/clinica/actions/runs/26520814365,cd6ceccc4b28f19100403a7a08024140f6297992,2026-05-27T15:24:51Z,clinica/converters/adni_to_bids/modality_converters/_av45_fbb_pet.py; clinica/converters/adni_to_bids/modality_converters/_fdg_pet.py; clinica/converters/adni_to_bids/modality_converters/_pib_pet.py; clinica/converters/adni_to_bids/modality_converters/_tau_pet.py,,,test-converters-Linux,test-converters-Linux -> Run non-regression tests for converters,test-converters-Linux -> .github:2988 — Process completed with exit code 1.,,
092dcd378dbbddac399b,11,https://github.com/aramis-lab/clinica/actions/runs/26525126800,2f3ba5e055d56baa9ea6eeb7f200aef2006ebc3f,2026-05-27T16:43:01Z,test/unittests/converters/adni_to_bids/test_adni_modality.py,,,test-converters-Linux,test-converters-Linux -> Run non-regression tests for converters,test-converters-Linux -> .github:2855 — Process completed with exit code 1.,,
092dcd378dbbddac399b,12,https://github.com/aramis-lab/clinica/actions/runs/26872526930,79de8f8ad7d2d0e3dd782570ad55ea207ed6b1e1,2026-06-03T08:18:03Z,test/unittests/converters/adni_to_bids/test_adni_modality.py,,,test-converters-Linux,test-converters-Linux -> Run non-regression tests for converters,test-converters-Linux -> .github:2855 — Process completed with exit code 1.,,
4e181efd242891256e29,1,https://github.com/aramis-lab/clinica/actions/runs/17794418020,0f6bee1642252f83e4a22c0b097933cfffed1c21,2025-09-17T10:19:34Z,,,,test-converters-Linux,,test-converters-Linux -> .github:14 — No space left on device : '/builds/actions-runner/_diag/Worker_20250917-101950-utc.log',,
4e181efd242891256e29,2,https://github.com/aramis-lab/clinica/actions/runs/17794436206,410d0faa4a13fb1760b6e87f0035012ebb840405,2025-09-17T10:20:21Z,,.github/workflows/lint.yaml; .github/workflows/publish.yaml; .github/workflows/test.yml,,test-converters-Linux,,test-converters-Linux -> .github:14 — No space left on device : '/builds/actions-runner/_diag/Worker_20250917-102031-utc.log',,
4e181efd242891256e29,3,https://github.com/aramis-lab/clinica/actions/runs/17794443022,1c8c0730372b898e163070d28a51d27a8e90e393,2025-09-17T10:20:34Z,,.github/workflows/stale.yaml,,test-converters-Linux,,test-converters-Linux -> .github:14 — No space left on device : '/builds/actions-runner/_diag/Worker_20250917-102051-utc.log',,
3dd915916d9712c00d5c,1,https://github.com/aramis-lab/clinica/actions/runs/20127879030,6e0bf6d3dd9f58153ee066fed5cd3360562b2790,2025-12-11T09:13:06Z,,.github/workflows/build_and_deploy.yml; .github/workflows/lint.yaml; .github/workflows/publish.yaml; .github/workflows/test.yml; .github/workflows/test_converters.yml; .github/workflows/test_instantiation.yml; .github/workflows/test_non_regression_fast.yml; .github/workflows/test_pipelines_anat.yml; .github/workflows/test_pipelines_anat_freesurfer.yml; .github/workflows/test_pipelines_dwi.yml; .github/workflows/test_pipelines_dwi_preprocessing.yml; .github/workflows/test_pipelines_pet.yml,,test-converters-Linux,,"test-converters-Linux -> .github:1 — The self-hosted runner lost communication with the server. Verify the machine is running and has a healthy network connection. Anything in your workflow that terminates the runner process, starves it for CPU/Memory, or blocks its network access can cause this error.",,
58e1827849328d741cb2,1,https://github.com/aramis-lab/clinica/actions/runs/20996792856,cfc3fc04c81b17410622171878238e001208f81a,2026-01-14T14:00:39Z,clinica/converters/adni_to_bids/_utils.py,,,test-converters-Linux,,test-converters-Linux -> .github:1507 — Process completed with exit code 1.,,
58e1827849328d741cb2,2,https://github.com/aramis-lab/clinica/actions/runs/21002489957,7906a6d7cfd8ec90489f9fcaca3bb8e7dea39e89,2026-01-14T16:52:45Z,clinica/pipelines/pet_surface/pet_surface_pipeline.py; clinica/pipelines/pet_surface/pet_surface_utils.py,,,test-converters-Linux,,test-converters-Linux -> .github:1375 — Process completed with exit code 1.,,
58e1827849328d741cb2,3,https://github.com/aramis-lab/clinica/actions/runs/21026294890,c7628959aa09156e3d0d50638540d79fba3491d2,2026-01-15T09:29:02Z,,.github/workflows/test_pipelines_pet_surface.yml,,test-converters-Linux,,test-converters-Linux -> .github:1375 — Process completed with exit code 1.,,
58e1827849328d741cb2,4,https://github.com/aramis-lab/clinica/actions/runs/21037376854,9746c988d712a80f7c628a2d7353dae7804b3122,2026-01-15T15:50:43Z,clinica/iotools/center_nifti.py; clinica/iotools/data_handling/__init__.py; clinica/iotools/data_handling/_centering.py; test/nonregression/test_run_iotools.py,,,test-converters-Linux,,test-converters-Linux -> .github:1582 — Process completed with exit code 1.,,
58e1827849328d741cb2,5,https://github.com/aramis-lab/clinica/actions/runs/21068276581,30dada716adabfb1afb5f882dcf8be22e3516593,2026-01-16T13:30:53Z,clinica/converters/adni_to_bids/_utils.py,,,test-converters-Linux,,test-converters-Linux -> .github:1375 — Process completed with exit code 1.,,
58e1827849328d741cb2,6,https://github.com/aramis-lab/clinica/actions/runs/21074242379,21dfa03e09a2fc619f50cf732ace2e5a2ffc9884,2026-01-16T16:57:42Z,clinica/converters/adni_to_bids/_utils.py,,,test-converters-Linux,,test-converters-Linux -> .github:1505 — Process completed with exit code 1.,,
58e1827849328d741cb2,7,https://github.com/aramis-lab/clinica/actions/runs/21165277822,50fbb7d57694a4c5478d941aa1db18e32d2ed816,2026-01-20T08:55:01Z,clinica/utils/spm.py; test/unittests/utils/test_check_dependency.py; test/unittests/utils/test_spm.py,,,test-converters-Linux,,test-converters-Linux -> .github:1507 — Process completed with exit code 1.,,
58e1827849328d741cb2,8,https://github.com/aramis-lab/clinica/actions/runs/21281865911,4bd9f4da8eadd85b1fbb49e2be2999c4d66b16a1,2026-01-23T09:49:39Z,clinica/converters/adni_to_bids/modality_converters/_dwi.py; clinica/converters/adni_to_bids/modality_converters/_flair.py; clinica/converters/adni_to_bids/modality_converters/_fmap.py; clinica/converters/adni_to_bids/modality_converters/_fmri.py; clinica/converters/adni_to_bids/modality_converters/_t1.py,,,test-converters-Linux,,test-converters-Linux -> .github:1505 — Process completed with exit code 1.,,
58e1827849328d741cb2,9,https://github.com/aramis-lab/clinica/actions/runs/21431144307,362ff95246a418086f3e52af5c10a2888eebd171,2026-01-28T08:39:47Z,clinica/pipelines/statistics_volume/statistics_volume_utils.py; test/unittests/pipelines/statistics_volume/test_statistics_volume_utils.py,.github/workflows/test_non_regression_fast.yml,,test-converters-Linux,,test-converters-Linux -> .github:1505 — Process completed with exit code 1.,,
58e1827849328d741cb2,10,https://github.com/aramis-lab/clinica/actions/runs/21444759847,1464bf06a02f188db70a0bfacf17c9a2c2809b1a,2026-01-28T15:40:27Z,clinica/pipelines/pet_surface/pet_surface_pipeline.py,,,test-converters-Linux,,test-converters-Linux -> .github:1507 — Process completed with exit code 1.,,
58e1827849328d741cb2,11,https://github.com/aramis-lab/clinica/actions/runs/21486500828,48a7750061e2edbda84f24d824c612599c47c92a,2026-01-29T16:36:53Z,clinica/utils/check_dependency.py; clinica/utils/spm.py; test/instantiation/test_instantiate_all_pipelines.py; test/nonregression/pipelines/pet/test_pet_surface.py; test/unittests/iotools/test_describe.py; test/unittests/pipelines/pet/test_pet_volume_pipeline.py; test/unittests/pipelines/t1_volume_tissue_segmentation/test_t1_volume_tissue_segmentation_pipeline.py; test/unittests/utils/test_check_dependency.py; test/unittests/utils/test_spm.py,,,test-converters-Linux,,test-converters-Linux -> .github:1375 — Process completed with exit code 1.,,
58e1827849328d741cb2,12,https://github.com/aramis-lab/clinica/actions/runs/21625000658,a99b04ad3af2afcda3e887f4dcbe63c3d6f4ea4a,2026-02-03T09:39:36Z,,,,test-converters-Linux,,test-converters-Linux -> .github:1375 — Process completed with exit code 1.,,
58e1827849328d741cb2,13,https://github.com/aramis-lab/clinica/actions/runs/21632897389,3b03b2ec9b6a1aca8956afb57cb9ce89f76dbc58,2026-02-03T13:52:12Z,,.github/workflows/test_instantiation.yml; .github/workflows/test_non_regression_fast.yml; .github/workflows/test_pipelines_anat.yml; .github/workflows/test_pipelines_pet_no_surface.yml; .github/workflows/test_pipelines_pet_surface.yml,,test-converters-Linux,,test-converters-Linux -> .github:27 — Process completed with exit code 2.,,
58e1827849328d741cb2,14,https://github.com/aramis-lab/clinica/actions/runs/21747117684,664a0ebe20b59ca0f3fbe40e150793de88ab4e35,2026-02-06T10:21:59Z,test/nonregression/pipelines/anat/test_t1_volume.py; test/nonregression/pipelines/pet/test_pet_volume.py,,,test-converters-Linux,,test-converters-Linux -> .github:1507 — Process completed with exit code 1.,,
58e1827849328d741cb2,15,https://github.com/aramis-lab/clinica/actions/runs/21949956447,ff3c9eb1c011dba57c14b4803e293e320e461529,2026-02-12T14:09:49Z,,poetry.lock,,test-converters-Linux,,test-converters-Linux -> .github:1507 — Process completed with exit code 1.,,
58e1827849328d741cb2,16,https://github.com/aramis-lab/clinica/actions/runs/21990828535,0c1591645129ef624c64761242cf29aeb29ff6e8,2026-02-13T14:39:58Z,clinica/converters/genfi_to_bids/_converter.py; clinica/converters/genfi_to_bids/_utils.py; clinica/converters/genfi_to_bids/cli.py; test/unittests/converters/test_genfi_to_bids_utils.py,.pre-commit-config.yaml,,test-converters-Linux,,test-converters-Linux -> .github:1507 — Process completed with exit code 1.,,
58e1827849328d741cb2,17,https://github.com/aramis-lab/clinica/actions/runs/22187554829,73225f75a71fe0bba9365c6fbd889790b33994de,2026-02-19T15:13:14Z,clinica/pipelines/statistics_surface/_utils.py; clinica/utils/image.py; test/unittests/utils/test_image.py,.github/workflows/test.yml; .pre-commit-config.yaml; poetry.lock; pyproject.toml,,test-converters-Linux,,test-converters-Linux -> .github:678 — Process completed with exit code 1.,,
e36305636eb8208a18ef,1,https://github.com/aramis-lab/clinica/actions/runs/25363806539,bc855f8247c6de648ffaaa5c3a75055bbebd29ba,2026-05-05T07:36:24Z,clinica/converters/oasis3_to_bids/_utils.py,,,test-converters-Linux,test-converters-Linux -> Set up job,test-converters-Linux -> .github:14 — No space left on device : '/builds/actions-runner/_diag/Worker_20260505-083730-utc.log',,
fc08a94c7efab35ea343,1,https://github.com/aramis-lab/clinica/actions/runs/17300355900,803870d186b5d6f1466e92c8908d0553dcaf2a38,2025-08-28T15:21:51Z,clinica/converters/genfi_to_bids/_utils.py; test/unittests/converters/test_genfi_to_bids_utils.py,,,test-converters-Linux,,test-converters-Linux -> .github:283 — Process completed with exit code 1.,,
f701bf790bb44e9f05f4,1,https://github.com/aramis-lab/clinica/actions/runs/23848040076,d40972efdbcdb895392634140c04b74e7caeedb3,2026-04-01T12:14:51Z,,,,test-converters-Linux,test-converters-Linux -> Run non-regression tests for converters,test-converters-Linux -> .github:670 — Process completed with exit code 1.,,
f701bf790bb44e9f05f4,2,https://github.com/aramis-lab/clinica/actions/runs/23849421234,75e595c5a5c834b71b41033a92d60f929c251cb1,2026-04-01T12:49:34Z,clinica/converters/genfi_to_bids/_utils.py,,,test-converters-Linux,test-converters-Linux -> Run non-regression tests for converters,test-converters-Linux -> .github:291 — Process completed with exit code 1.,,
ada968646a68928448de,1,https://github.com/aramis-lab/clinica/actions/runs/20594521225,483e319359f1947499a3aa3c11e7da703858f017,2025-12-30T10:32:40Z,test/unittests/utils/test_check_dependency.py,,,test-converters-Linux,,test-converters-Linux -> .github:299 — Process completed with exit code 1.,,
90a2f2ed37cbdda2c448,1,https://github.com/aramis-lab/clinica/actions/runs/23188199023,c1c889d405b11e97b218399edcf77a919f16c1c3,2026-03-17T09:48:51Z,clinica/pipelines/pet_surface/pet_surface_utils.py,,,test-converters-Linux,,test-converters-Linux -> .github:21 — Process completed with exit code 2.,,
17d514d747d0ea3d80fb,1,https://github.com/aramis-lab/clinica/actions/runs/17791887422,032437de41a2bbfb04553c441dd0ed1a085d72bb,2025-09-17T08:41:14Z,clinica/pipelines/t1_volume_tissue_segmentation/t1_volume_tissue_segmentation_pipeline.py; clinica/pipelines/t1_volume_tissue_segmentation/t1_volume_tissue_segmentation_utils.py,,,test-converters-Linux,,test-converters-Linux -> .github:14 — No space left on device : '/builds/actions-runner/_diag/Worker_20250917-084124-utc.log',,
22767cb2a734eec37f1e,1,https://github.com/aramis-lab/clinica/actions/runs/19074539146,453cd9e1fbd945c51021e34a5503bb0a372f5204,2025-11-04T15:50:55Z,,.github/workflows/test_instantiation.yml,,test-converters-Linux,,"test-converters-Linux -> .github — System.IO.IOException: No space left on device : '/builds/actions-runner/_diag/Worker_20251104-155117-utc.log' at System.IO.RandomAccess.WriteAtOffset(SafeFileHandle handle, ReadOnlySpan 1 buffer, Int64 fileOffset) at System.IO.StreamWriter.Flush(Boolean flushStream, Boolean flushEncoder) at System.Diagnostics.TextWriterTraceListener.Flush() at GitHub.Runner.Common.HostTraceListener.WriteHeader(String source, TraceEventType eventType, Int32 id) at GitHub.Runner.Common.HostTraceListener.TraceEvent(TraceEventCache eventCache, String source, TraceEventType eventType, Int32 id, String message) at",,
5c66457ef7e7c4ceadcb,1,https://github.com/aramis-lab/clinica/actions/runs/19132331538,7b15bfe557385341d561394a67d268ecb7e82467,2025-11-06T10:18:31Z,test/unittests/pipelines/t1_volume_create_dartel/test_t1_volume_create_dartel_pipeline.py; test/unittests/pipelines/t1_volume_dartel2mni/test_t1_volume_dartel2mni_pipeline.py; test/unittests/pipelines/t1_volume_register_dartel/test_t1_volume_register_dartel_pipeline.py; test/unittests/pipelines/t1_volume_tissue_segmentation/test_t1_volume_tissue_segmentation_pipeline.py,,,test-converters-Linux,,test-converters-Linux -> .github:14 — No space left on device,,
8ba7427aa3ea6a22537a,1,https://github.com/aramis-lab/clinica/actions/runs/16913439301,7ab99310b73696356bbabdc1639db7dcae8b0c71,2025-08-12T15:28:36Z,clinica/converters/ukb_to_bids/_utils.py; test/unittests/converters/test_ukb_to_bids_utils.py,,,test-converters-Linux,,test-converters-Linux -> .github:43 — Process completed with exit code 2.,,
8ba7427aa3ea6a22537a,2,https://github.com/aramis-lab/clinica/actions/runs/16914203313,2c1fd9e2934e0b89a34c53c9beede32863850217,2025-08-12T16:00:37Z,clinica/converters/ukb_to_bids/_utils.py; test/unittests/converters/test_ukb_to_bids_utils.py,,,,,,,
743ef82b883a09df3427,1,https://github.com/aramis-lab/clinica/actions/runs/24203874499,6163087ae93f48128e88edbc5296613161a9733c,2026-04-09T17:24:30Z,clinica/converters/adni_to_bids/_converter.py; clinica/converters/adni_to_bids/_utils.py; clinica/converters/adni_to_bids/cli.py; clinica/converters/adni_to_bids/modality_converters/_av45_fbb_pet.py; clinica/converters/adni_to_bids/modality_converters/_dwi.py; clinica/converters/adni_to_bids/modality_converters/_factory.py; clinica/converters/adni_to_bids/modality_converters/_fdg_pet.py; clinica/converters/adni_to_bids/modality_converters/_flair.py; clinica/converters/adni_to_bids/modality_converters/_fmap.py; clinica/converters/adni_to_bids/modality_converters/_fmri.py; clinica/converters/adni_to_bids/modality_converters/_pet_utils.py; clinica/converters/adni_to_bids/modality_converters/_pib_pet.py; clinica/converters/adni_to_bids/modality_converters/_t1.py; clinica/converters/adni_to_bids/modality_converters/_tau_pet.py; test/unittests/converters/adni_to_bids/modality_converters/test_adni_pet_utils.py,,,test-instantiation-Linux,test-instantiation-Linux -> Run instantiation tests,test-instantiation-Linux -> .github:85 — Process completed with exit code 3.,,
743ef82b883a09df3427,2,https://github.com/aramis-lab/clinica/actions/runs/24232794166,3b9b2a49dff1eaa1df166d717d4172b01ad93a7a,2026-04-10T07:56:08Z,clinica/converters/adni_to_bids/_converter.py,,,test-instantiation-Linux,test-instantiation-Linux -> Run instantiation tests,test-instantiation-Linux -> .github:273 — Process completed with exit code 3.,,
743ef82b883a09df3427,3,https://github.com/aramis-lab/clinica/actions/runs/24233787372,83fd338e00ac122fe53d3f62a13d08551a12f2e9,2026-04-10T08:23:09Z,test/unittests/converters/adni_to_bids/modality_converters/test_adni_pet_utils.py; test/unittests/converters/adni_to_bids/modality_converters/test_fdg_pet.py; test/unittests/converters/adni_to_bids/test_adni_utils.py,,,test-instantiation-Linux,test-instantiation-Linux -> Run instantiation tests,test-instantiation-Linux -> .github:224 — Process completed with exit code 3.,,
2945d8ef7aefa9bafc5d,1,https://github.com/aramis-lab/clinica/actions/runs/24346824107,b294e5db0089f4eeab68c5845a4cf66399dbe6c6,2026-04-13T13:46:05Z,clinica/converters/adni_to_bids/_converter.py; clinica/converters/adni_to_bids/_utils.py; clinica/converters/adni_to_bids/cli.py; clinica/converters/adni_to_bids/modality_converters/_av45_fbb_pet.py; clinica/converters/adni_to_bids/modality_converters/_dwi.py; clinica/converters/adni_to_bids/modality_converters/_factory.py; clinica/converters/adni_to_bids/modality_converters/_fdg_pet.py; clinica/converters/adni_to_bids/modality_converters/_flair.py; clinica/converters/adni_to_bids/modality_converters/_fmap.py; clinica/converters/adni_to_bids/modality_converters/_fmri.py; clinica/converters/adni_to_bids/modality_converters/_pet_utils.py; clinica/converters/adni_to_bids/modality_converters/_pib_pet.py; clinica/converters/adni_to_bids/modality_converters/_t1.py; clinica/converters/adni_to_bids/modality_converters/_tau_pet.py; test/unittests/converters/adni_to_bids/test_adni_modality.py; test/unittests/converters/adni_to_bids/test_adni_utils.py,,,test-instantiation-Linux,test-instantiation-Linux -> Run instantiation tests,test-instantiation-Linux -> .github:221 — Process completed with exit code 3.,,
46761e4d551e0ef862f9,1,https://github.com/aramis-lab/clinica/actions/runs/26520814472,cd6ceccc4b28f19100403a7a08024140f6297992,2026-05-27T15:24:51Z,clinica/converters/adni_to_bids/modality_converters/_av45_fbb_pet.py; clinica/converters/adni_to_bids/modality_converters/_fdg_pet.py; clinica/converters/adni_to_bids/modality_converters/_pib_pet.py; clinica/converters/adni_to_bids/modality_converters/_tau_pet.py,,,test-instantiation-Linux,,"test-instantiation-Linux -> .github — System.IO.IOException: No space left on device : '/builds/actions-runner/_diag/Worker_20260527-152646-utc.log' at System.IO.RandomAccess.WriteAtOffset(SafeFileHandle handle, ReadOnlySpan 1 buffer, Int64 fileOffset) at System.IO.StreamWriter.Flush(Boolean flushStream, Boolean flushEncoder) at System.Diagnostics.TextWriterTraceListener.Flush() at GitHub.Runner.Common.HostTraceListener.WriteHeader(String source, TraceEventType eventType, Int32 id) at System.Diagnostics.TraceSource.TraceEvent(TraceEventType eventType, Int32 id, String message) at GitHub.Runner.Worker.Worker.RunAsync(String pipeIn,",,
dfafb74c4088d3555fab,1,https://github.com/aramis-lab/clinica/actions/runs/17794418096,0f6bee1642252f83e4a22c0b097933cfffed1c21,2025-09-17T10:19:34Z,,,,test-instantiation-Linux,,test-instantiation-Linux -> .github:14 — No space left on device : '/builds/actions-runner/_diag/Worker_20250917-101944-utc.log',,
dfafb74c4088d3555fab,2,https://github.com/aramis-lab/clinica/actions/runs/17794443008,1c8c0730372b898e163070d28a51d27a8e90e393,2025-09-17T10:20:34Z,,.github/workflows/stale.yaml,,test-instantiation-Linux,,test-instantiation-Linux -> .github:14 — No space left on device : '/builds/actions-runner/_diag/Worker_20250917-102044-utc.log',,
60910ff84dd06afdf1f5,1,https://github.com/aramis-lab/clinica/actions/runs/21625000677,a99b04ad3af2afcda3e887f4dcbe63c3d6f4ea4a,2026-02-03T09:39:36Z,,,,test-instantiation-Linux,,test-instantiation-Linux -> .github:14 — No space left on device : '/builds/actions-runner/_diag/Worker_20260203-093941-utc.log',,
f7d52d14e7cccc450326,1,https://github.com/aramis-lab/clinica/actions/runs/22187554762,73225f75a71fe0bba9365c6fbd889790b33994de,2026-02-19T15:13:14Z,clinica/pipelines/statistics_surface/_utils.py; clinica/utils/image.py; test/unittests/utils/test_image.py,.github/workflows/test.yml; .pre-commit-config.yaml; poetry.lock; pyproject.toml,,test-instantiation-Linux,,test-instantiation-Linux -> .github:1675 — Process completed with exit code 1.; test-instantiation-Linux -> .github:1766 — Process completed with exit code 1.,,
4317229deee990178b9f,1,https://github.com/aramis-lab/clinica/actions/runs/29015493045,93c6193a76f49d5e4f9fd23b7c999c71834f89c9,2026-07-09T11:38:15Z,,,,,,,,
eeeec0d62cdbad5336ff,1,https://github.com/aramis-lab/clinica/actions/runs/17300355909,803870d186b5d6f1466e92c8908d0553dcaf2a38,2025-08-28T15:21:51Z,clinica/converters/genfi_to_bids/_utils.py; test/unittests/converters/test_genfi_to_bids_utils.py,,,test-instantiation-Linux,,test-instantiation-Linux -> .github:14 — No space left on device : '/builds/actions-runner/_diag/Worker_20250828-152154-utc.log',,
f82f31db73bf97c6e407,1,https://github.com/aramis-lab/clinica/actions/runs/20846236329,f7bb728a89206b3037f2fc04c5bd7f54fd9850cc,2026-01-09T08:43:25Z,test/unittests/converters/test_genfi_to_bids_utils.py,,,test-instantiation-Linux,,test-instantiation-Linux -> .github:327 — Process completed with exit code 1.,,
f82f31db73bf97c6e407,2,https://github.com/aramis-lab/clinica/actions/runs/20848618195,c812abf356bf3b22715e3321fde18535bac3e869,2026-01-09T10:15:48Z,test/unittests/converters/test_genfi_to_bids_utils.py,,,test-instantiation-Linux,,test-instantiation-Linux -> .github:459 — Process completed with exit code 1.,,
5f42476008b6a7816da6,1,https://github.com/aramis-lab/clinica/actions/runs/19769321615,9d8f6047f4cfc18d404a9058e159ca75a7ea2a3f,2025-11-28T16:30:40Z,clinica/converters/ixi_to_bids/_utils.py,,,test-instantiation-Linux,,"test-instantiation-Linux -> .github:1 — The self-hosted runner lost communication with the server. Verify the machine is running and has a healthy network connection. Anything in your workflow that terminates the runner process, starves it for CPU/Memory, or blocks its network access can cause this error.",,
2591f9afdf5821406fb1,1,https://github.com/aramis-lab/clinica/actions/runs/22187868782,7002f2b3cd1e5b35cf04dee617fc735c6c4290b5,2026-02-19T15:21:10Z,clinica/converters/genfi_to_bids/_utils.py; test/unittests/converters/test_genfi_to_bids_utils.py,,,test-instantiation-Linux,,test-instantiation-Linux -> .github:1766 — Process completed with exit code 1.; test-instantiation-Linux -> .github:1594 — Process completed with exit code 1.,,
2591f9afdf5821406fb1,2,https://github.com/aramis-lab/clinica/actions/runs/22351085913,1befa054064c7f20c74381e589f3165a49cdc56d,2026-02-24T12:35:53Z,clinica/converters/genfi_to_bids/_utils.py; test/unittests/converters/test_genfi_to_bids_utils.py,,,test-instantiation-Linux,,test-instantiation-Linux -> .github:1773 — Process completed with exit code 1.,,
2591f9afdf5821406fb1,3,https://github.com/aramis-lab/clinica/actions/runs/22484462359,c1c1a59b19c12c082b87c6c111598c83151736b1,2026-02-27T11:30:23Z,clinica/converters/genfi_to_bids/_utils.py; test/unittests/converters/test_genfi_to_bids_utils.py,,,test-instantiation-Linux,,test-instantiation-Linux -> .github:1766 — Process completed with exit code 1.,,
2591f9afdf5821406fb1,4,https://github.com/aramis-lab/clinica/actions/runs/22484652770,1d277acb0196b7e97aab07e48ae638392f5951ec,2026-02-27T11:36:41Z,test/unittests/converters/test_genfi_to_bids_utils.py,,,test-instantiation-Linux,,test-instantiation-Linux -> .github:1825 — Process completed with exit code 1.,,
2591f9afdf5821406fb1,5,https://github.com/aramis-lab/clinica/actions/runs/22507462801,76381e413a92a917d56c7f70e77e3768ff93eb98,2026-02-27T23:12:32Z,clinica/converters/genfi_to_bids/_utils.py,,,test-instantiation-Linux,,test-instantiation-Linux -> .github:1766 — Process completed with exit code 1.,,
2591f9afdf5821406fb1,6,https://github.com/aramis-lab/clinica/actions/runs/22508121588,954c5f309edc3b229bd863e0bfe4fe779febed1a,2026-02-27T23:39:44Z,,,,test-instantiation-Linux,,test-instantiation-Linux -> .github:1766 — Process completed with exit code 1.,,
2591f9afdf5821406fb1,7,https://github.com/aramis-lab/clinica/actions/runs/22508349169,7469f5e0180c90c43438462ded5ea8686d1bc863,2026-02-27T23:49:44Z,clinica/converters/genfi_to_bids/_utils.py,,,test-instantiation-Linux,,test-instantiation-Linux -> .github:1594 — Process completed with exit code 1.,,
2591f9afdf5821406fb1,8,https://github.com/aramis-lab/clinica/actions/runs/22601073082,1ebc2941f3e760658b84551129b6030e4f07ae87,2026-03-02T23:45:00Z,clinica/converters/genfi_to_bids/_utils.py; test/unittests/converters/test_genfi_to_bids_utils.py,,,test-instantiation-Linux,,test-instantiation-Linux -> .github:1594 — Process completed with exit code 1.,,
be6a731338f89076c2ed,1,https://github.com/aramis-lab/clinica/actions/runs/22064427320,ea7e36898febb5e6e8d1b28785766c346e1f35f6,2026-02-16T13:22:47Z,,.github/workflows/test_converters.yml,,test-instantiation-Linux,,test-instantiation-Linux -> .github:67 — Process completed with exit code 2.,,
be6a731338f89076c2ed,2,https://github.com/aramis-lab/clinica/actions/runs/22065185026,19224cee2a8d1bbb3f855f48092cb7e13a9fb782,2026-02-16T13:46:48Z,,.github/workflows/test_converters.yml,,test-instantiation-Linux,,test-instantiation-Linux -> .github:67 — Process completed with exit code 2.,,
54df87d75a7f3fde7995,1,https://github.com/aramis-lab/clinica/actions/runs/16913439303,7ab99310b73696356bbabdc1639db7dcae8b0c71,2025-08-12T15:28:36Z,clinica/converters/ukb_to_bids/_utils.py; test/unittests/converters/test_ukb_to_bids_utils.py,,,test-instantiation-Linux,,test-instantiation-Linux -> .github:34 — No space left on device : '/builds/actions-runner/_diag/pages/9091fcf8-57b2-420e-86ad-0a9a24a6f6a9_291f0b3c-01db-5161-bebf-4daec3d9d4f4_1.log',,
54df87d75a7f3fde7995,2,https://github.com/aramis-lab/clinica/actions/runs/16914203343,2c1fd9e2934e0b89a34c53c9beede32863850217,2025-08-12T16:00:37Z,clinica/converters/ukb_to_bids/_utils.py; test/unittests/converters/test_ukb_to_bids_utils.py,,,test-instantiation-Linux,,test-instantiation-Linux -> .github:47 — Process completed with exit code 2.,,
8b2e02e125204d3d2009,1,https://github.com/aramis-lab/clinica/actions/runs/17675893377,f744eb00ef1f76178dbb9703877c5746b79d854f,2025-09-12T13:27:02Z,test/conftest.py,,,test-non-regression-fast-Linux,,"test-non-regression-fast-Linux -> .github:1 — The self-hosted runner lost communication with the server. Verify the machine is running and has a healthy network connection. Anything in your workflow that terminates the runner process, starves it for CPU/Memory, or blocks its network access can cause this error.",,
8b2e02e125204d3d2009,2,https://github.com/aramis-lab/clinica/actions/runs/17794418097,0f6bee1642252f83e4a22c0b097933cfffed1c21,2025-09-17T10:19:34Z,,,,test-non-regression-fast-Linux,,test-non-regression-fast-Linux -> .github:14 — No space left on device : '/builds/actions-runner/_diag/Worker_20250917-101937-utc.log',,
8b2e02e125204d3d2009,3,https://github.com/aramis-lab/clinica/actions/runs/17794436209,410d0faa4a13fb1760b6e87f0035012ebb840405,2025-09-17T10:20:21Z,,.github/workflows/lint.yaml; .github/workflows/publish.yaml; .github/workflows/test.yml,,test-non-regression-fast-Linux,,test-non-regression-fast-Linux -> .github:14 — No space left on device : '/builds/actions-runner/_diag/Worker_20250917-102024-utc.log',,
8b2e02e125204d3d2009,4,https://github.com/aramis-lab/clinica/actions/runs/17794443021,1c8c0730372b898e163070d28a51d27a8e90e393,2025-09-17T10:20:34Z,,.github/workflows/stale.yaml,,test-non-regression-fast-Linux,,test-non-regression-fast-Linux -> .github:14 — No space left on device : '/builds/actions-runner/_diag/Worker_20250917-102038-utc.log',,
8b2e02e125204d3d2009,5,https://github.com/aramis-lab/clinica/actions/runs/17857425126,d16ca3d65c4542758da6f4840d441310ea9ba97a,2025-09-19T11:48:46Z,clinica/pipelines/pet/volume/pipeline.py,,,test-non-regression-fast-Linux,,test-non-regression-fast-Linux -> .github:402 — Process completed with exit code 1.,,
8b2e02e125204d3d2009,6,https://github.com/aramis-lab/clinica/actions/runs/19665128455,1c577c91464d4d96eeaeba5e2fff8d1e9c8afb84,2025-11-25T09:44:38Z,,,,test-non-regression-fast-Linux,,test-non-regression-fast-Linux -> .github:402 — Process completed with exit code 1.,,
8b2e02e125204d3d2009,7,https://github.com/aramis-lab/clinica/actions/runs/20238815727,d8ae5e2acfc90d6c10bc0986406c00461538197d,2025-12-15T16:03:03Z,clinica/converters/ixi_to_bids/_utils.py; test/unittests/converters/test_ixi_to_bids_utils.py,,,test-non-regression-fast-Linux,,test-non-regression-fast-Linux -> .github:409 — Process completed with exit code 1.,,
8b2e02e125204d3d2009,8,https://github.com/aramis-lab/clinica/actions/runs/20331256938,dd390459b62bc8cae8b26ab1c2c22d0966710ce7,2025-12-18T08:50:20Z,,poetry.lock,,test-non-regression-fast-Linux,,test-non-regression-fast-Linux -> .github:274 — Process completed with exit code 1.,,
8b2e02e125204d3d2009,9,https://github.com/aramis-lab/clinica/actions/runs/20817016765,50882e6ea4826237b7336410e8309f600b4df4cc,2026-01-08T12:35:54Z,,poetry.lock,,test-non-regression-fast-Linux,,test-non-regression-fast-Linux -> .github:402 — Process completed with exit code 1.,,
8b2e02e125204d3d2009,10,https://github.com/aramis-lab/clinica/actions/runs/20849441419,f0bb2f68d85fc63347f03d2d0207868529ec368e,2026-01-09T10:47:03Z,clinica/pipelines/dwi/connectome/utils.py; test/unittests/pipelines/dwi/test_connectome_utils.py,,,test-non-regression-fast-Linux,,test-non-regression-fast-Linux -> .github:402 — Process completed with exit code 1.,,
8b2e02e125204d3d2009,11,https://github.com/aramis-lab/clinica/actions/runs/20859413952,55f70a296339506c2405d695ec2f148ad2c44904,2026-01-09T17:04:23Z,clinica/converters/genfi_to_bids/_utils.py; test/unittests/converters/test_genfi_to_bids_utils.py,,,test-non-regression-fast-Linux,,test-non-regression-fast-Linux -> .github:402 — Process completed with exit code 1.,,
8b2e02e125204d3d2009,12,https://github.com/aramis-lab/clinica/actions/runs/20921341488,1377db6aca848b477bc631f965e53a15d4c890da,2026-01-12T13:36:19Z,clinica/pipelines/pet/volume/utils.py; test/unittests/pipelines/pet/test_pet_utils.py; test/unittests/pipelines/pet/test_pet_volume_utils.py,,,test-non-regression-fast-Linux,,test-non-regression-fast-Linux -> .github:281 — Process completed with exit code 1.,,
8b2e02e125204d3d2009,13,https://github.com/aramis-lab/clinica/actions/runs/20988381820,f10e2d17fbc4c9eba1e5fa8af6374f337fb68826,2026-01-14T09:03:20Z,,poetry.lock,,test-non-regression-fast-Linux,,"test-non-regression-fast-Linux -> .github:1 — The self-hosted runner lost communication with the server. Verify the machine is running and has a healthy network connection. Anything in your workflow that terminates the runner process, starves it for CPU/Memory, or blocks its network access can cause this error.",,
8b2e02e125204d3d2009,14,https://github.com/aramis-lab/clinica/actions/runs/20996792828,cfc3fc04c81b17410622171878238e001208f81a,2026-01-14T14:00:39Z,clinica/converters/adni_to_bids/_utils.py,,,test-non-regression-fast-Linux,,test-non-regression-fast-Linux -> .github:276 — Process completed with exit code 1.,,
8b2e02e125204d3d2009,15,https://github.com/aramis-lab/clinica/actions/runs/21002489999,7906a6d7cfd8ec90489f9fcaca3bb8e7dea39e89,2026-01-14T16:52:45Z,clinica/pipelines/pet_surface/pet_surface_pipeline.py; clinica/pipelines/pet_surface/pet_surface_utils.py,,,test-non-regression-fast-Linux,,"test-non-regression-fast-Linux -> .github:1 — The self-hosted runner lost communication with the server. Verify the machine is running and has a healthy network connection. Anything in your workflow that terminates the runner process, starves it for CPU/Memory, or blocks its network access can cause this error.",,
8b2e02e125204d3d2009,16,https://github.com/aramis-lab/clinica/actions/runs/21026294905,c7628959aa09156e3d0d50638540d79fba3491d2,2026-01-15T09:29:02Z,,.github/workflows/test_pipelines_pet_surface.yml,,test-non-regression-fast-Linux,,test-non-regression-fast-Linux -> .github:274 — Process completed with exit code 1.,,
344071ba00087e1e6eee,1,https://github.com/aramis-lab/clinica/actions/runs/21068276597,30dada716adabfb1afb5f882dcf8be22e3516593,2026-01-16T13:30:53Z,clinica/converters/adni_to_bids/_utils.py,,,test-non-regression-fast-Linux,,"test-non-regression-fast-Linux -> .github:1 — The self-hosted runner lost communication with the server. Verify the machine is running and has a healthy network connection. Anything in your workflow that terminates the runner process, starves it for CPU/Memory, or blocks its network access can cause this error.",,
ba91e6492e4aecdf053f,1,https://github.com/aramis-lab/clinica/actions/runs/22187554847,73225f75a71fe0bba9365c6fbd889790b33994de,2026-02-19T15:13:14Z,clinica/pipelines/statistics_surface/_utils.py; clinica/utils/image.py; test/unittests/utils/test_image.py,.github/workflows/test.yml; .pre-commit-config.yaml; poetry.lock; pyproject.toml,,test-non-regression-fast-Linux,,test-non-regression-fast-Linux -> .github:1400 — Process completed with exit code 1.,,
dfbfdc87e053c54f0ba6,1,https://github.com/aramis-lab/clinica/actions/runs/25363806466,bc855f8247c6de648ffaaa5c3a75055bbebd29ba,2026-05-05T07:36:24Z,clinica/converters/oasis3_to_bids/_utils.py,,,test-non-regression-fast-Linux,,"test-non-regression-fast-Linux -> .github — System.IO.IOException: No space left on device : '/builds/actions-runner/_diag/Worker_20260505-073628-utc.log' at System.IO.RandomAccess.WriteAtOffset(SafeFileHandle handle, ReadOnlySpan 1 buffer, Int64 fileOffset) at System.IO.StreamWriter.Flush(Boolean flushStream, Boolean flushEncoder) at System.Diagnostics.TextWriterTraceListener.Flush() at GitHub.Runner.Common.HostTraceListener.WriteHeader(String source, TraceEventType eventType, Int32 id) at System.Diagnostics.TraceSource.TraceEvent(TraceEventType eventType, Int32 id, String message) at GitHub.Runner.Worker.Worker.RunAsync(String pipeIn,",,
587f33cd6fbd51ad0db6,1,https://github.com/aramis-lab/clinica/actions/runs/28446229713,35abdba8b584dc28b16141ec958aa3b191477b76,2026-06-30T13:00:45Z,,,,test-non-regression-fast-Linux,,"test-non-regression-fast-Linux -> .github — Unhandled exception. System.IO.IOException: No space left on device : '/builds/actions-runner/_diag/Worker_20260630-130050-utc.log' System.IO.IOException: No space left on device : '/builds/actions-runner/_diag/Worker_20260630-130050-utc.log' at System.IO.RandomAccess.WriteAtOffset(SafeFileHandle handle, ReadOnlySpan 1 buffer, Int64 fileOffset) at System.IO.StreamWriter.Flush(Boolean flushStream, Boolean flushEncoder) at System.Diagnostics.TextWriterTraceListener.Flush() at System.Diagnostics.TraceSource.Flush() at GitHub.Runner.Common.Tracing.Dispose(Boolean disposing) at GitHub.Runner.Common",,
587f33cd6fbd51ad0db6,2,https://github.com/aramis-lab/clinica/actions/runs/29015493081,93c6193a76f49d5e4f9fd23b7c999c71834f89c9,2026-07-09T11:38:15Z,,,,test-non-regression-fast-Linux,,"test-non-regression-fast-Linux -> .github — Unhandled exception. System.IO.IOException: No space left on device : '/builds/actions-runner/_diag/Worker_20260709-113820-utc.log' System.IO.IOException: No space left on device : '/builds/actions-runner/_diag/Worker_20260709-113820-utc.log' at System.IO.RandomAccess.WriteAtOffset(SafeFileHandle handle, ReadOnlySpan 1 buffer, Int64 fileOffset) at System.IO.Strategies.OSFileStreamStrategy.Write(ReadOnlySpan 1 buffer) at System.IO.StreamWriter.Flush(Boolean flushStream, Boolean flushEncoder) at System.Diagnostics.TextWriterTraceListener.Flush() at System.Diagnostics.TraceSource.Flush() at GitHu",,
9ddd22f67018366a14c4,1,https://github.com/aramis-lab/clinica/actions/runs/17307018834,093bca278afb614b72883094c3296e9f1d290f13,2025-08-28T20:21:43Z,clinica/converters/ukb_to_bids/_utils.py; test/nonregression/test_run_converters.py; test/unittests/converters/test_ukb_to_bids_utils.py,,,test-t1-linear-Linux; test-t1-volume-Linux,,"test-t1-linear-Linux -> .github — Unhandled exception. System.IO.IOException: No space left on device : '/builds/actions-runner/_diag/Worker_20250828-202146-utc.log' System.IO.IOException: No space left on device : '/builds/actions-runner/_diag/Worker_20250828-202146-utc.log' at System.IO.RandomAccess.WriteAtOffset(SafeFileHandle handle, ReadOnlySpan 1 buffer, Int64 fileOffset) at System.IO.Strategies.BufferedFileStreamStrategy.Flush(Boolean flushToDisk) at System.IO.StreamWriter.Flush(Boolean flushStream, Boolean flushEncoder) at System.Diagnostics.TextWriterTraceListener.Flush() at GitHub.Runner.Common.HostTraceListener.Writ; test-t1-volume-Linux -> .github:14 — No space left on device : '/builds/actions-runner/_diag/Worker_20250828-202146-utc.log'",,
900f6c163ffe89c1f0ae,1,https://github.com/aramis-lab/clinica/actions/runs/18204667199,d16ca3d65c4542758da6f4840d441310ea9ba97a,2025-10-02T20:21:14Z,clinica/pipelines/pet/volume/pipeline.py,,,test-t1-volume-Linux,,test-t1-volume-Linux -> .github:14 — No space left on device : '/builds/actions-runner/_diag/Worker_20251002-202117-utc.log',,
a27f4cfe8a00579f5e3a,1,https://github.com/aramis-lab/clinica/actions/runs/20146406477,6e0bf6d3dd9f58153ee066fed5cd3360562b2790,2025-12-11T20:25:54Z,,.github/workflows/build_and_deploy.yml; .github/workflows/lint.yaml; .github/workflows/publish.yaml; .github/workflows/test.yml; .github/workflows/test_converters.yml; .github/workflows/test_instantiation.yml; .github/workflows/test_non_regression_fast.yml; .github/workflows/test_pipelines_anat.yml; .github/workflows/test_pipelines_anat_freesurfer.yml; .github/workflows/test_pipelines_dwi.yml; .github/workflows/test_pipelines_dwi_preprocessing.yml; .github/workflows/test_pipelines_pet.yml,,test-t1-volume-Linux,,test-t1-volume-Linux -> .github:552 — Process completed with exit code 1.,,
a27f4cfe8a00579f5e3a,2,https://github.com/aramis-lab/clinica/actions/runs/20350230438,dd390459b62bc8cae8b26ab1c2c22d0966710ce7,2025-12-18T20:22:43Z,,poetry.lock,,test-t1-volume-Linux,,test-t1-volume-Linux -> .github:262 — Process completed with exit code 1.,,
b8cb89c0d862588cfdab,1,https://github.com/aramis-lab/clinica/actions/runs/20830727843,50882e6ea4826237b7336410e8309f600b4df4cc,2026-01-08T20:27:48Z,,poetry.lock,,test-t1-linear-Linux,,test-t1-linear-Linux -> .github:21 — Process completed with exit code 2.,,
b8cb89c0d862588cfdab,2,https://github.com/aramis-lab/clinica/actions/runs/21045328759,9746c988d712a80f7c628a2d7353dae7804b3122,2026-01-15T20:28:27Z,clinica/iotools/center_nifti.py; clinica/iotools/data_handling/__init__.py; clinica/iotools/data_handling/_centering.py; test/nonregression/test_run_iotools.py,,,test-t1-volume-Linux,,test-t1-volume-Linux -> .github:2109 — Process completed with exit code 1.; test-t1-volume-Linux -> .github:664 — Process completed with exit code 1.,,
b8cb89c0d862588cfdab,3,https://github.com/aramis-lab/clinica/actions/runs/21263847876,50fbb7d57694a4c5478d941aa1db18e32d2ed816,2026-01-22T20:30:12Z,clinica/utils/spm.py; test/unittests/utils/test_check_dependency.py; test/unittests/utils/test_spm.py,,,test-t1-volume-Linux,,test-t1-volume-Linux -> .github:757 — Process completed with exit code 1.; test-t1-volume-Linux -> .github:743 — Process completed with exit code 1.; test-t1-volume-Linux -> .github:736 — Process completed with exit code 1.; test-t1-volume-Linux -> .github:1288 — Process completed with exit code 1.; test-t1-volume-Linux -> .github:788 — Process completed with exit code 1.,,
b8cb89c0d862588cfdab,4,https://github.com/aramis-lab/clinica/actions/runs/21493756360,48a7750061e2edbda84f24d824c612599c47c92a,2026-01-29T20:32:53Z,clinica/utils/check_dependency.py; clinica/utils/spm.py; test/instantiation/test_instantiate_all_pipelines.py; test/nonregression/pipelines/pet/test_pet_surface.py; test/unittests/iotools/test_describe.py; test/unittests/pipelines/pet/test_pet_volume_pipeline.py; test/unittests/pipelines/t1_volume_tissue_segmentation/test_t1_volume_tissue_segmentation_pipeline.py; test/unittests/utils/test_check_dependency.py; test/unittests/utils/test_spm.py,,,test-t1-volume-Linux,,test-t1-volume-Linux -> .github:2305 — Process completed with exit code 1.,,
b8cb89c0d862588cfdab,5,https://github.com/aramis-lab/clinica/actions/runs/21727559004,3b03b2ec9b6a1aca8956afb57cb9ce89f76dbc58,2026-02-05T20:35:57Z,,.github/workflows/test_instantiation.yml; .github/workflows/test_non_regression_fast.yml; .github/workflows/test_pipelines_anat.yml; .github/workflows/test_pipelines_pet_no_surface.yml; .github/workflows/test_pipelines_pet_surface.yml,,test-t1-volume-Linux,,test-t1-volume-Linux -> .github:670 — Process completed with exit code 1.; test-t1-volume-Linux -> .github:1509 — Process completed with exit code 1.; test-t1-volume-Linux -> .github:754 — Process completed with exit code 1.; test-t1-volume-Linux -> .github:1540 — Process completed with exit code 1.,,
7f349c0800789845094b,1,https://github.com/aramis-lab/clinica/actions/runs/22199071273,73225f75a71fe0bba9365c6fbd889790b33994de,2026-02-19T20:35:29Z,clinica/pipelines/statistics_surface/_utils.py; clinica/utils/image.py; test/unittests/utils/test_image.py,.github/workflows/test.yml; .pre-commit-config.yaml; poetry.lock; pyproject.toml,,test-t1-linear-Linux; test-t1-volume-Linux,,test-t1-linear-Linux -> .github:196 — Process completed with exit code 1.; test-t1-volume-Linux -> .github:543 — Process completed with exit code 1.,,
7f349c0800789845094b,2,https://github.com/aramis-lab/clinica/actions/runs/22460297621,73225f75a71fe0bba9365c6fbd889790b33994de,2026-02-26T20:39:51Z,clinica/pipelines/statistics_surface/_utils.py; clinica/utils/image.py; test/unittests/utils/test_image.py,.github/workflows/test.yml; .pre-commit-config.yaml; poetry.lock; pyproject.toml,,test-t1-linear-Linux; test-t1-volume-Linux,,test-t1-linear-Linux -> .github:196 — Process completed with exit code 1.; test-t1-volume-Linux -> .github:640 — Process completed with exit code 1.,,
7f349c0800789845094b,3,https://github.com/aramis-lab/clinica/actions/runs/22735736503,6781cd96eab93d8813d97e5db06d4237298b2993,2026-03-05T20:39:13Z,clinica/converters/genfi_to_bids/_converter.py; clinica/converters/genfi_to_bids/_utils.py; clinica/converters/genfi_to_bids/cli.py; test/nonregression/test_run_converters.py; test/unittests/converters/test_genfi_to_bids_utils.py,,,test-t1-volume-Linux,,test-t1-volume-Linux -> .github:1112 — Process completed with exit code 1.; test-t1-volume-Linux -> .github:285 — Process completed with exit code 1.; test-t1-volume-Linux -> .github:281 — Process completed with exit code 1.; test-t1-volume-Linux -> .github:845 — Process completed with exit code 1.,,
7f349c0800789845094b,4,https://github.com/aramis-lab/clinica/actions/runs/23022755531,f3e554274bf17c00621b49e42f053c1c22590bc0,2026-03-12T20:37:48Z,,poetry.lock; pyproject.toml,,test-t1-volume-Linux,,test-t1-volume-Linux -> .github:835 — Process completed with exit code 1.; test-t1-volume-Linux -> .github:1033 — Process completed with exit code 1.; test-t1-volume-Linux -> .github:267 — Process completed with exit code 1.; test-t1-volume-Linux -> .github:1126 — Process completed with exit code 1.; test-t1-volume-Linux -> .github:24 — Process completed with exit code 2.; test-t1-volume-Linux -> .github:281 — Process completed with exit code 1.,,
4465af57d6af0deaed0f,1,https://github.com/aramis-lab/clinica/actions/runs/18232665256,d16ca3d65c4542758da6f4840d441310ea9ba97a,2025-10-03T20:09:49Z,clinica/pipelines/pet/volume/pipeline.py,,,test-dwi-Linux,,test-dwi-Linux -> .github:16 — No space left on device : '/builds/actions-runner/_diag/Worker_20251003-200952-utc.log',,
d3535226a67039b9b0f0,1,https://github.com/aramis-lab/clinica/actions/runs/22239641455,73225f75a71fe0bba9365c6fbd889790b33994de,2026-02-20T20:17:10Z,clinica/pipelines/statistics_surface/_utils.py; clinica/utils/image.py; test/unittests/utils/test_image.py,.github/workflows/test.yml; .pre-commit-config.yaml; poetry.lock; pyproject.toml,,test-dwi-Linux,,test-dwi-Linux -> .github:357 — Process completed with exit code 1.,,
d3535226a67039b9b0f0,2,https://github.com/aramis-lab/clinica/actions/runs/22502241435,73225f75a71fe0bba9365c6fbd889790b33994de,2026-02-27T20:16:36Z,clinica/pipelines/statistics_surface/_utils.py; clinica/utils/image.py; test/unittests/utils/test_image.py,.github/workflows/test.yml; .pre-commit-config.yaml; poetry.lock; pyproject.toml,,test-dwi-Linux,,test-dwi-Linux -> .github:349 — Process completed with exit code 1.,,
3932e1e05619595d2e67,1,https://github.com/aramis-lab/clinica/actions/runs/25940650815,bc855f8247c6de648ffaaa5c3a75055bbebd29ba,2026-05-15T20:47:55Z,clinica/converters/oasis3_to_bids/_utils.py,,,test-dwi-Linux,test-dwi-Linux -> Run tests for dwi pipelines,test-dwi-Linux -> .github:56 — Process completed with exit code 1.,,
08cae8d4e67cb176d80b,1,https://github.com/aramis-lab/clinica/actions/runs/17459309191,b23063e8c5408c4ff99181b5e2aa8b568dba2f5a,2025-09-04T09:20:36Z,clinica/converters/genfi_to_bids/_utils.py; test/unittests/converters/test_genfi_to_bids_utils.py,,,build-and-deploy-doc,,build-and-deploy-doc -> .github:338 — Process completed with exit code 23.,,
08cae8d4e67cb176d80b,2,https://github.com/aramis-lab/clinica/actions/runs/17675893406,f744eb00ef1f76178dbb9703877c5746b79d854f,2025-09-12T13:27:02Z,test/conftest.py,,,build-and-deploy-doc,,build-and-deploy-doc -> .github:338 — Process completed with exit code 23.,,
08cae8d4e67cb176d80b,3,https://github.com/aramis-lab/clinica/actions/runs/17794443015,1c8c0730372b898e163070d28a51d27a8e90e393,2025-09-17T10:20:34Z,,.github/workflows/stale.yaml,,build-and-deploy-doc,,build-and-deploy-doc -> .github:338 — Process completed with exit code 23.,,
08cae8d4e67cb176d80b,4,https://github.com/aramis-lab/clinica/actions/runs/17857425125,d16ca3d65c4542758da6f4840d441310ea9ba97a,2025-09-19T11:48:46Z,clinica/pipelines/pet/volume/pipeline.py,,,build-and-deploy-doc,,build-and-deploy-doc -> .github:338 — Process completed with exit code 23.,,
08cae8d4e67cb176d80b,5,https://github.com/aramis-lab/clinica/actions/runs/19665128463,1c577c91464d4d96eeaeba5e2fff8d1e9c8afb84,2025-11-25T09:44:38Z,,,,build-and-deploy-doc,,build-and-deploy-doc -> .github:338 — Process completed with exit code 23.,,
08cae8d4e67cb176d80b,6,https://github.com/aramis-lab/clinica/actions/runs/19861927431,d9f5cc087995f6e6523860943e9aa17d819ef1f2,2025-12-02T14:23:33Z,clinica/converters/ixi_to_bids/_utils.py; test/unittests/converters/test_ixi_to_bids_utils.py,,,build-and-deploy-doc,,build-and-deploy-doc -> .github:338 — Process completed with exit code 23.,,
08cae8d4e67cb176d80b,7,https://github.com/aramis-lab/clinica/actions/runs/20101558643,9a2aa2934ce96954494dab0eb40ebb3602af3129,2025-12-10T14:13:02Z,clinica/pipelines/pet/volume/pipeline.py; clinica/pipelines/pet/volume/utils.py; clinica/pipelines/t1_volume_tissue_segmentation/t1_volume_tissue_segmentation_utils.py,,,build-and-deploy-doc,,build-and-deploy-doc -> .github:338 — Process completed with exit code 23.,,
08cae8d4e67cb176d80b,8,https://github.com/aramis-lab/clinica/actions/runs/20127879028,6e0bf6d3dd9f58153ee066fed5cd3360562b2790,2025-12-11T09:13:06Z,,.github/workflows/build_and_deploy.yml; .github/workflows/lint.yaml; .github/workflows/publish.yaml; .github/workflows/test.yml; .github/workflows/test_converters.yml; .github/workflows/test_instantiation.yml; .github/workflows/test_non_regression_fast.yml; .github/workflows/test_pipelines_anat.yml; .github/workflows/test_pipelines_anat_freesurfer.yml; .github/workflows/test_pipelines_dwi.yml; .github/workflows/test_pipelines_dwi_preprocessing.yml; .github/workflows/test_pipelines_pet.yml,,build-and-deploy-doc,,build-and-deploy-doc -> .github:338 — Process completed with exit code 23.,,
08cae8d4e67cb176d80b,9,https://github.com/aramis-lab/clinica/actions/runs/20238777820,6efa6f55d1b65be013692e6b86f16697ff4e3191,2025-12-15T16:01:53Z,clinica/converters/ixi_to_bids/_utils.py; test/unittests/converters/test_ixi_to_bids_utils.py,,,build-and-deploy-doc,,build-and-deploy-doc -> .github:338 — Process completed with exit code 23.,,
08cae8d4e67cb176d80b,10,https://github.com/aramis-lab/clinica/actions/runs/20238815723,d8ae5e2acfc90d6c10bc0986406c00461538197d,2025-12-15T16:03:03Z,clinica/converters/ixi_to_bids/_utils.py; test/unittests/converters/test_ixi_to_bids_utils.py,,,build-and-deploy-doc,,build-and-deploy-doc -> .github:338 — Process completed with exit code 23.,,
08cae8d4e67cb176d80b,11,https://github.com/aramis-lab/clinica/actions/runs/20331256931,dd390459b62bc8cae8b26ab1c2c22d0966710ce7,2025-12-18T08:50:20Z,,poetry.lock,,build-and-deploy-doc,,build-and-deploy-doc -> .github:338 — Process completed with exit code 23.,,
08cae8d4e67cb176d80b,12,https://github.com/aramis-lab/clinica/actions/runs/20817016791,50882e6ea4826237b7336410e8309f600b4df4cc,2026-01-08T12:35:54Z,,poetry.lock,,build-and-deploy-doc,,build-and-deploy-doc -> .github:338 — Process completed with exit code 23.,,
08cae8d4e67cb176d80b,13,https://github.com/aramis-lab/clinica/actions/runs/20849441418,f0bb2f68d85fc63347f03d2d0207868529ec368e,2026-01-09T10:47:03Z,clinica/pipelines/dwi/connectome/utils.py; test/unittests/pipelines/dwi/test_connectome_utils.py,,,build-and-deploy-doc,,build-and-deploy-doc -> .github:338 — Process completed with exit code 23.,,
08cae8d4e67cb176d80b,14,https://github.com/aramis-lab/clinica/actions/runs/20859413944,55f70a296339506c2405d695ec2f148ad2c44904,2026-01-09T17:04:23Z,clinica/converters/genfi_to_bids/_utils.py; test/unittests/converters/test_genfi_to_bids_utils.py,,,build-and-deploy-doc,,build-and-deploy-doc -> .github:338 — Process completed with exit code 23.,,
08cae8d4e67cb176d80b,15,https://github.com/aramis-lab/clinica/actions/runs/20921304196,e4fa68fb237bc21877d78037545fad392636d788,2026-01-12T13:35:04Z,clinica/dataset/caps/_dataset_description.py,,,build-and-deploy-doc,,build-and-deploy-doc -> .github:338 — Process completed with exit code 23.,,
08cae8d4e67cb176d80b,16,https://github.com/aramis-lab/clinica/actions/runs/20921341467,1377db6aca848b477bc631f965e53a15d4c890da,2026-01-12T13:36:19Z,clinica/pipelines/pet/volume/utils.py; test/unittests/pipelines/pet/test_pet_utils.py; test/unittests/pipelines/pet/test_pet_volume_utils.py,,,build-and-deploy-doc,,build-and-deploy-doc -> .github:338 — Process completed with exit code 23.,,
08cae8d4e67cb176d80b,17,https://github.com/aramis-lab/clinica/actions/runs/20988381825,f10e2d17fbc4c9eba1e5fa8af6374f337fb68826,2026-01-14T09:03:20Z,,poetry.lock,,build-and-deploy-doc,,build-and-deploy-doc -> .github:338 — Process completed with exit code 23.,,
08cae8d4e67cb176d80b,18,https://github.com/aramis-lab/clinica/actions/runs/20996792818,cfc3fc04c81b17410622171878238e001208f81a,2026-01-14T14:00:39Z,clinica/converters/adni_to_bids/_utils.py,,,build-and-deploy-doc,,build-and-deploy-doc -> .github:338 — Process completed with exit code 23.,,
08cae8d4e67cb176d80b,19,https://github.com/aramis-lab/clinica/actions/runs/21002055740,f3d1c175dbd6972e549b6d9e76e37d142abf5e21,2026-01-14T16:38:50Z,clinica/pipelines/t1_volume_tissue_segmentation/t1_volume_tissue_segmentation_pipeline.py; clinica/pipelines/t1_volume_tissue_segmentation/t1_volume_tissue_segmentation_utils.py; clinica/utils/spm.py; test/unittests/pipelines/t1_volume_create_dartel/test_t1_volume_create_dartel_pipeline.py; test/unittests/pipelines/t1_volume_dartel2mni/test_t1_volume_dartel2mni_pipeline.py; test/unittests/pipelines/t1_volume_register_dartel/test_t1_volume_register_dartel_pipeline.py; test/unittests/pipelines/t1_volume_tissue_segmentation/test_t1_volume_tissue_segmentation_pipeline.py,.github/workflows/test_instantiation.yml; .github/workflows/test_pipelines_anat.yml,,build-and-deploy-doc,,build-and-deploy-doc -> .github:338 — Process completed with exit code 23.,,
08cae8d4e67cb176d80b,20,https://github.com/aramis-lab/clinica/actions/runs/21002489967,7906a6d7cfd8ec90489f9fcaca3bb8e7dea39e89,2026-01-14T16:52:45Z,clinica/pipelines/pet_surface/pet_surface_pipeline.py; clinica/pipelines/pet_surface/pet_surface_utils.py,,,build-and-deploy-doc,,build-and-deploy-doc -> .github:338 — Process completed with exit code 23.,,
08cae8d4e67cb176d80b,21,https://github.com/aramis-lab/clinica/actions/runs/21025215672,c6e6fcd258d8b6c0741a48442dba0da0eec89c79,2026-01-15T08:50:31Z,test/unittests/pipelines/pet/test_pet_volume_pipeline.py,.github/workflows/test_pipelines_pet.yml; .github/workflows/test_pipelines_pet_no_surface.yml; .github/workflows/test_pipelines_pet_surface.yml,,build-and-deploy-doc,,build-and-deploy-doc -> .github:338 — Process completed with exit code 23.,,
08cae8d4e67cb176d80b,22,https://github.com/aramis-lab/clinica/actions/runs/21026294900,c7628959aa09156e3d0d50638540d79fba3491d2,2026-01-15T09:29:02Z,,.github/workflows/test_pipelines_pet_surface.yml,,build-and-deploy-doc,,build-and-deploy-doc -> .github:338 — Process completed with exit code 23.,,
08cae8d4e67cb176d80b,23,https://github.com/aramis-lab/clinica/actions/runs/21037376855,9746c988d712a80f7c628a2d7353dae7804b3122,2026-01-15T15:50:43Z,clinica/iotools/center_nifti.py; clinica/iotools/data_handling/__init__.py; clinica/iotools/data_handling/_centering.py; test/nonregression/test_run_iotools.py,,,build-and-deploy-doc,,build-and-deploy-doc -> .github:338 — Process completed with exit code 23.,,
08cae8d4e67cb176d80b,24,https://github.com/aramis-lab/clinica/actions/runs/21068276602,30dada716adabfb1afb5f882dcf8be22e3516593,2026-01-16T13:30:53Z,clinica/converters/adni_to_bids/_utils.py,,,build-and-deploy-doc,,build-and-deploy-doc -> .github:338 — Process completed with exit code 23.,,
08cae8d4e67cb176d80b,25,https://github.com/aramis-lab/clinica/actions/runs/21074242358,21dfa03e09a2fc619f50cf732ace2e5a2ffc9884,2026-01-16T16:57:42Z,clinica/converters/adni_to_bids/_utils.py,,,build-and-deploy-doc,,build-and-deploy-doc -> .github:338 — Process completed with exit code 23.,,
08cae8d4e67cb176d80b,26,https://github.com/aramis-lab/clinica/actions/runs/21165277882,50fbb7d57694a4c5478d941aa1db18e32d2ed816,2026-01-20T08:55:01Z,clinica/utils/spm.py; test/unittests/utils/test_check_dependency.py; test/unittests/utils/test_spm.py,,,build-and-deploy-doc,,build-and-deploy-doc -> .github:338 — Process completed with exit code 23.,,
08cae8d4e67cb176d80b,27,https://github.com/aramis-lab/clinica/actions/runs/21281865938,4bd9f4da8eadd85b1fbb49e2be2999c4d66b16a1,2026-01-23T09:49:39Z,clinica/converters/adni_to_bids/modality_converters/_dwi.py; clinica/converters/adni_to_bids/modality_converters/_flair.py; clinica/converters/adni_to_bids/modality_converters/_fmap.py; clinica/converters/adni_to_bids/modality_converters/_fmri.py; clinica/converters/adni_to_bids/modality_converters/_t1.py,,,build-and-deploy-doc,,build-and-deploy-doc -> .github:338 — Process completed with exit code 23.; build-and-deploy-doc -> .github:41 — Process completed with exit code 255.,,
08cae8d4e67cb176d80b,28,https://github.com/aramis-lab/clinica/actions/runs/21431144298,362ff95246a418086f3e52af5c10a2888eebd171,2026-01-28T08:39:47Z,clinica/pipelines/statistics_volume/statistics_volume_utils.py; test/unittests/pipelines/statistics_volume/test_statistics_volume_utils.py,.github/workflows/test_non_regression_fast.yml,,build-and-deploy-doc,,build-and-deploy-doc -> .github:41 — Process completed with exit code 255.,,
08cae8d4e67cb176d80b,29,https://github.com/aramis-lab/clinica/actions/runs/21444759894,1464bf06a02f188db70a0bfacf17c9a2c2809b1a,2026-01-28T15:40:27Z,clinica/pipelines/pet_surface/pet_surface_pipeline.py,,,build-and-deploy-doc,,build-and-deploy-doc -> .github:41 — Process completed with exit code 255.,,
a0b3640115c3be68addb,1,https://github.com/aramis-lab/clinica/actions/runs/21632897432,3b03b2ec9b6a1aca8956afb57cb9ce89f76dbc58,2026-02-03T13:52:12Z,,.github/workflows/test_instantiation.yml; .github/workflows/test_non_regression_fast.yml; .github/workflows/test_pipelines_anat.yml; .github/workflows/test_pipelines_pet_no_surface.yml; .github/workflows/test_pipelines_pet_surface.yml,,build-and-deploy-doc,,build-and-deploy-doc -> .github:32 — Process completed with exit code 2.,,
b9dfd8d5515da4d75b5c,1,https://github.com/aramis-lab/clinica/actions/runs/19958017237,9d2fe288fb51c2a2ab12142829c8a3b7b946740f,2025-12-05T09:04:07Z,clinica/converters/ixi_to_bids/_utils.py; test/unittests/converters/test_ixi_to_bids_utils.py,,,build-and-deploy-doc,,build-and-deploy-doc -> .github:29 — Process completed with exit code 2.,,
ba58bb8e912d5eac6751,1,https://github.com/aramis-lab/clinica/actions/runs/17039362053,43d47c99d3499286edd5673f12456395ed2dbeaf,2025-08-18T11:33:10Z,,pyproject.toml,,Dependabot,,Dependabot -> .github:431 — Dependabot encountered an error performing the update Error: The updater encountered one or more errors. For more information see: https://github.com/aramis-lab/clinica/network/updates/1077584169 (write access to the repository is required to view the log),,
f05ee2d45853579c26ba,1,https://github.com/aramis-lab/clinica/actions/runs/19983638554,d9f5cc087995f6e6523860943e9aa17d819ef1f2,2025-12-06T05:09:57Z,clinica/converters/ixi_to_bids/_utils.py; test/unittests/converters/test_ixi_to_bids_utils.py,,,Dependabot,,Dependabot -> .github:285 — Dependabot encountered an error performing the update Error: The updater encountered one or more errors. For more information see: https://github.com/aramis-lab/clinica/network/updates/1175816982 (write access to the repository is required to view the log),,
5eaccb140920eca1ab82,1,https://github.com/aramis-lab/clinica/actions/runs/24372595848,3318a46814aee023d51e22d70ee9ad96c6200d29,2026-04-13T23:39:46Z,clinica/converters/genfi_to_bids/_utils.py; clinica/converters/genfi_to_bids/cli.py; test/unittests/converters/test_genfi_to_bids_utils.py,,,Dependabot,Dependabot -> Run Dependabot,Dependabot -> .github:405 — Dependabot encountered an error performing the update Error: The updater encountered one or more errors. For more information see: https://github.com/aramis-lab/clinica/network/updates/1321564578 (write access to the repository is required to view the log),,
5eaccb140920eca1ab82,2,https://github.com/aramis-lab/clinica/actions/runs/24378570942,3318a46814aee023d51e22d70ee9ad96c6200d29,2026-04-14T02:58:37Z,clinica/converters/genfi_to_bids/_utils.py; clinica/converters/genfi_to_bids/cli.py; test/unittests/converters/test_genfi_to_bids_utils.py,,,Dependabot,Dependabot -> Run Dependabot,Dependabot -> .github:407 — Dependabot encountered an error performing the update Error: The updater encountered one or more errors. For more information see: https://github.com/aramis-lab/clinica/network/updates/1322013318 (write access to the repository is required to view the log),,
5f1b734b8fa86ad8540d,1,https://github.com/aramis-lab/clinica/actions/runs/25742752966,bc855f8247c6de648ffaaa5c3a75055bbebd29ba,2026-05-12T14:57:31Z,clinica/converters/oasis3_to_bids/_utils.py,,,Dependabot,Dependabot -> Run Dependabot,Dependabot -> .github:129 — Dependabot encountered an error performing the update Error: The updater encountered one or more errors. For more information see: https://github.com/aramis-lab/clinica/network/updates/1363073278 (write access to the repository is required to view the log),,
bef916bf944749fdd6b4,1,https://github.com/aramis-lab/clinica/actions/runs/26149316054,988269416895cc900bd58d5d5bbf2eb3f05dd364,2026-05-20T07:56:06Z,,poetry.lock,,Dependabot,Dependabot -> Run Dependabot,Dependabot -> .github:129 — Dependabot encountered an error performing the update Error: The updater encountered one or more errors. For more information see: https://github.com/aramis-lab/clinica/network/updates/1376160626 (write access to the repository is required to view the log),,
bef916bf944749fdd6b4,2,https://github.com/aramis-lab/clinica/actions/runs/26149404333,e633afc89e672c4539a1c7e4587b1825deb26a9d,2026-05-20T07:57:57Z,,poetry.lock,,Dependabot,Dependabot -> Run Dependabot,Dependabot -> .github:128 — Dependabot encountered an error performing the update Error: The updater encountered one or more errors. For more information see: https://github.com/aramis-lab/clinica/network/updates/1376163508 (write access to the repository is required to view the log),,
04dcba3311dac89dc90a,1,https://github.com/aramis-lab/clinica/actions/runs/29845838253,d2753f7a65278cc32dd2e872adf8eeeb4de76a48,2026-07-21T15:50:16Z,clinica/pipelines/t1_linear/anat_linear_pipeline.py,,,Dependabot,Dependabot -> Run Dependabot,Dependabot -> Dependabot encountered an error performing the update,,
04dcba3311dac89dc90a,2,https://github.com/aramis-lab/clinica/actions/runs/29927097843,d2753f7a65278cc32dd2e872adf8eeeb4de76a48,2026-07-22T14:07:57Z,clinica/pipelines/t1_linear/anat_linear_pipeline.py,,,Dependabot,Dependabot -> Run Dependabot,Dependabot -> Dependabot encountered an error performing the update,,
04dcba3311dac89dc90a,3,https://github.com/aramis-lab/clinica/actions/runs/29927892432,d2753f7a65278cc32dd2e872adf8eeeb4de76a48,2026-07-22T14:17:44Z,clinica/pipelines/t1_linear/anat_linear_pipeline.py,,,Dependabot,Dependabot -> Run Dependabot,Dependabot -> Dependabot encountered an error performing the update,,
4ddd570b115e592dfed6,1,https://github.com/aramis-lab/clinica/actions/runs/22414689069,73225f75a71fe0bba9365c6fbd889790b33994de,2026-02-25T20:30:36Z,clinica/pipelines/statistics_surface/_utils.py; clinica/utils/image.py; test/unittests/utils/test_image.py,.github/workflows/test.yml; .pre-commit-config.yaml; poetry.lock; pyproject.toml,,test-pipelines-pet-linear-Linux; test-pipelines-pet-volume-Linux,,test-pipelines-pet-linear-Linux -> .github:146 — Process completed with exit code 1.; test-pipelines-pet-volume-Linux -> .github:295 — Process completed with exit code 1.,,
9922d41cff5c031c503f,1,https://github.com/business-science/pytimetk/actions/runs/18381292928,f79d9d9015c62ae3343b4a453d324159fd31f1e8,2025-10-09T15:51:20Z,src/pytimetk/core/anomalize.py; src/pytimetk/core/apply_by_time.py; src/pytimetk/core/correlationfunnel.py; src/pytimetk/core/filter_by_time.py; src/pytimetk/core/future.py; src/pytimetk/core/pad.py; src/pytimetk/core/summarize_by_time.py; src/pytimetk/core/ts_features.py; src/pytimetk/core/ts_summary.py; src/pytimetk/feature_engineering/diffs.py; src/pytimetk/feature_engineering/ewm.py; src/pytimetk/feature_engineering/expanding.py; src/pytimetk/feature_engineering/expanding_apply.py; src/pytimetk/feature_engineering/fourier.py; src/pytimetk/feature_engineering/hilbert.py; src/pytimetk/feature_engineering/holiday_signature.py; src/pytimetk/feature_engineering/lags.py; src/pytimetk/feature_engineering/leads.py; src/pytimetk/feature_engineering/pct_change.py; src/pytimetk/feature_engineering/rolling.py; src/pytimetk/feature_engineering/rolling_apply.py; src/pytimetk/feature_engineering/timeseries_signature.py; src/pytimetk/feature_engineering/wavelet.py; src/pytimetk/finance/adx.py; src/pytimetk/finance/atr.py; src/pytimetk/finance/bbands.py; src/pytimetk/finance/cmo.py; src/pytimetk/finance/drawdown.py; src/pytimetk/finance/ewma_volatility.py; src/pytimetk/finance/fip_momentum.py; src/pytimetk/finance/hurst_exponent.py; src/pytimetk/finance/macd.py; src/pytimetk/finance/ppo.py; src/pytimetk/finance/qsmomentum.py; src/pytimetk/finance/regime_detection.py; src/pytimetk/finance/roc.py; src/pytimetk/finance/rolling_risk_metrics.py; src/pytimetk/finance/rsi.py; src/pytimetk/finance/stochastic_oscillator.py; src/pytimetk/plot/plot_anomalies.py; src/pytimetk/plot/plot_anomalies_cleaned.py; src/pytimetk/plot/plot_anomalies_decomp.py; src/pytimetk/plot/plot_correlation_funnel.py; src/pytimetk/plot/plot_timeseries.py; src/pytimetk/utils/checks.py; src/pytimetk/utils/memory_helpers.py; src/pytimetk/utils/pandas_helpers.py; src/pytimetk/utils/parallel_helpers.py; typings/pandas_flavor/__init__.pyi; typings/polars/__init__.pyi; typings/polars/expr/__init__.pyi; typings/polars/expr/expr.pyi,pyproject.toml,,macos-latest (3.9); ubuntu-latest (3.10); ubuntu-latest (3.11); ubuntu-latest (3.9),,macos-latest (3.9) -> .github:12 — Process completed with exit code 1.; ubuntu-latest (3.10) -> .github:13 — Process completed with exit code 1.; ubuntu-latest (3.11) -> .github:13 — Process completed with exit code 1.; ubuntu-latest (3.9) -> .github:13 — Process completed with exit code 1.,,
9922d41cff5c031c503f,2,https://github.com/business-science/pytimetk/actions/runs/18381876597,aa0be9db12c8952f21098c33d42afa535c194693,2025-10-09T16:07:10Z,scripts/generate_pandas_stubs.py; stub-packages/pandas-stubs-pytimetk/pandas-stubs-pytimetk/pandas/core/frame.pyi; stub-packages/pandas-stubs-pytimetk/pandas-stubs-pytimetk/pandas/core/groupby/generic.pyi; typings/pandas/core/frame.pyi; typings/pandas/core/groupby/generic.pyi,stub-packages/pandas-stubs-pytimetk/pyproject.toml,,macos-latest (3.9); ubuntu-latest (3.10); ubuntu-latest (3.11); ubuntu-latest (3.9),,macos-latest (3.9) -> .github:12 — Process completed with exit code 1.; ubuntu-latest (3.10) -> .github:13 — Process completed with exit code 1.; ubuntu-latest (3.11) -> .github:13 — Process completed with exit code 1.; ubuntu-latest (3.9) -> .github:13 — Process completed with exit code 1.,,
9922d41cff5c031c503f,3,https://github.com/business-science/pytimetk/actions/runs/18382084259,2720eb1cbb248ff65ddaacc039d218060197e954,2025-10-09T16:14:48Z,stub-packages/pandas-stubs-pytimetk/pandas-stubs-pytimetk/__init__.pyi,stub-packages/pandas-stubs-pytimetk/pyproject.toml,,macos-latest (3.9); ubuntu-latest (3.10); ubuntu-latest (3.11); ubuntu-latest (3.9),,macos-latest (3.9) -> .github:12 — Process completed with exit code 1.; ubuntu-latest (3.10) -> .github:13 — Process completed with exit code 1.; ubuntu-latest (3.11) -> .github:13 — Process completed with exit code 1.; ubuntu-latest (3.9) -> .github:13 — Process completed with exit code 1.,,
9922d41cff5c031c503f,4,https://github.com/business-science/pytimetk/actions/runs/18382500579,08a01a0cd497da205d9a47f8ba035acca03e592c,2025-10-09T16:30:20Z,,pyproject.toml,,macos-latest (3.9); ubuntu-latest (3.10); ubuntu-latest (3.11); ubuntu-latest (3.9),,macos-latest (3.9) -> .github:12 — Process completed with exit code 1.; ubuntu-latest (3.10) -> .github:13 — Process completed with exit code 1.; ubuntu-latest (3.11) -> .github:13 — Process completed with exit code 1.; ubuntu-latest (3.9) -> .github:13 — Process completed with exit code 1.,,
9922d41cff5c031c503f,5,https://github.com/business-science/pytimetk/actions/runs/18383014509,58b4a5bfcfb542a7949687f9e5314e675e233f77,2025-10-09T16:50:43Z,scripts/generate_pandas_stubs.py; stub-packages/pandas-stubs-pytimetk/pandas-stubs-pytimetk/__init__.pyi; stub-packages/pandas-stubs-pytimetk/pandas-stubs-pytimetk/pandas/core/frame.pyi; stub-packages/pandas-stubs-pytimetk/pandas-stubs-pytimetk/pandas/core/groupby/generic.pyi; stub-packages/pandas-stubs-pytimetk/src/__init__.pyi; stub-packages/pandas-stubs-pytimetk/src/pandas/core/frame.pyi; stub-packages/pandas-stubs-pytimetk/src/pandas/core/groupby/generic.pyi,stub-packages/pandas-stubs-pytimetk/pyproject.toml,,macos-latest (3.9); ubuntu-latest (3.10); ubuntu-latest (3.11); ubuntu-latest (3.9),,macos-latest (3.9) -> .github:12 — Process completed with exit code 1.; ubuntu-latest (3.10) -> .github:13 — Process completed with exit code 1.; ubuntu-latest (3.11) -> .github:13 — Process completed with exit code 1.; ubuntu-latest (3.9) -> .github:13 — Process completed with exit code 1.,,
9922d41cff5c031c503f,6,https://github.com/business-science/pytimetk/actions/runs/18383397128,fc6b4d1c2e037d757c5d3629f451e14487ecbf73,2025-10-09T17:05:28Z,stub-packages/pandas-stubs-pytimetk/src/__init__.pyi; stub-packages/pandas-stubs-pytimetk/src/pandas/core/frame.pyi; typings/pandas/core/frame.pyi,stub-packages/pandas-stubs-pytimetk/pyproject.toml,,macos-latest (3.9); ubuntu-latest (3.10); ubuntu-latest (3.11); ubuntu-latest (3.9),,macos-latest (3.9) -> .github:12 — Process completed with exit code 1.; ubuntu-latest (3.10) -> .github:13 — Process completed with exit code 1.; ubuntu-latest (3.11) -> .github:13 — Process completed with exit code 1.; ubuntu-latest (3.9) -> .github:13 — Process completed with exit code 1.,,
9922d41cff5c031c503f,7,https://github.com/business-science/pytimetk/actions/runs/18383517833,136833215c90f814c5aa50524ee63004ff980101,2025-10-09T17:10:00Z,scripts/generate_pandas_stubs.py; stub-packages/pandas-stubs-pytimetk/src/pandas/__init__.pyi; stub-packages/pandas-stubs-pytimetk/src/pandas/core/frame.pyi; typings/pandas/__init__.pyi; typings/pandas/core/frame.pyi,stub-packages/pandas-stubs-pytimetk/pyproject.toml,,macos-latest (3.9); ubuntu-latest (3.10); ubuntu-latest (3.11); ubuntu-latest (3.9),,macos-latest (3.9) -> .github:12 — Process completed with exit code 1.; ubuntu-latest (3.10) -> .github:13 — Process completed with exit code 1.; ubuntu-latest (3.11) -> .github:13 — Process completed with exit code 1.; ubuntu-latest (3.9) -> .github:13 — Process completed with exit code 1.,,
9922d41cff5c031c503f,8,https://github.com/business-science/pytimetk/actions/runs/18383559065,e2c8ab0feb4c76e01e9b812dfa1e162b86d790a0,2025-10-09T17:11:37Z,,stub-packages/pandas-stubs-pytimetk/pyproject.toml,,macos-latest (3.9); ubuntu-latest (3.10); ubuntu-latest (3.11); ubuntu-latest (3.9),,macos-latest (3.9) -> .github:12 — Process completed with exit code 1.; ubuntu-latest (3.10) -> .github:13 — Process completed with exit code 1.; ubuntu-latest (3.11) -> .github:13 — Process completed with exit code 1.; ubuntu-latest (3.9) -> .github:13 — Process completed with exit code 1.,,
9922d41cff5c031c503f,9,https://github.com/business-science/pytimetk/actions/runs/18384029751,0445ef1b12d79aa46822ea5da8603fb2b543c7c0,2025-10-09T17:29:47Z,src/pytimetk/__init__.py; src/pytimetk/_typing_support.py,,,macos-latest (3.9); ubuntu-latest (3.10); ubuntu-latest (3.11); ubuntu-latest (3.9),,macos-latest (3.9) -> .github:12 — Process completed with exit code 1.; ubuntu-latest (3.10) -> .github:13 — Process completed with exit code 1.; ubuntu-latest (3.11) -> .github:13 — Process completed with exit code 1.; ubuntu-latest (3.9) -> .github:13 — Process completed with exit code 1.,,
512939f062c2e8f37b99,1,https://github.com/business-science/pytimetk/actions/runs/18429251876,012e6ecfe1e13a449d6ea472850fafc225434998,2025-10-11T12:16:26Z,src/pytimetk/core/anomalize.py; src/pytimetk/core/apply_by_time.py; src/pytimetk/core/correlationfunnel.py; src/pytimetk/core/filter_by_time.py; src/pytimetk/core/future.py; src/pytimetk/core/pad.py; src/pytimetk/core/summarize_by_time.py; src/pytimetk/core/ts_features.py; src/pytimetk/core/ts_summary.py; src/pytimetk/feature_engineering/diffs.py; src/pytimetk/feature_engineering/ewm.py; src/pytimetk/feature_engineering/expanding.py; src/pytimetk/feature_engineering/expanding_apply.py; src/pytimetk/feature_engineering/fourier.py; src/pytimetk/feature_engineering/hilbert.py; src/pytimetk/feature_engineering/holiday_signature.py; src/pytimetk/feature_engineering/lags.py; src/pytimetk/feature_engineering/leads.py; src/pytimetk/feature_engineering/pct_change.py; src/pytimetk/feature_engineering/rolling.py; src/pytimetk/feature_engineering/rolling_apply.py; src/pytimetk/feature_engineering/timeseries_signature.py; src/pytimetk/feature_engineering/wavelet.py; src/pytimetk/finance/adx.py; src/pytimetk/finance/atr.py; src/pytimetk/finance/bbands.py; src/pytimetk/finance/cmo.py; src/pytimetk/finance/drawdown.py; src/pytimetk/finance/ewma_volatility.py; src/pytimetk/finance/fip_momentum.py; src/pytimetk/finance/hurst_exponent.py; src/pytimetk/finance/macd.py; src/pytimetk/finance/ppo.py; src/pytimetk/finance/qsmomentum.py; src/pytimetk/finance/regime_detection.py; src/pytimetk/finance/roc.py; src/pytimetk/finance/rolling_risk_metrics.py; src/pytimetk/finance/rsi.py; src/pytimetk/finance/stochastic_oscillator.py; src/pytimetk/plot/plot_anomalies.py; src/pytimetk/plot/plot_anomalies_cleaned.py; src/pytimetk/plot/plot_anomalies_decomp.py; src/pytimetk/plot/plot_timeseries.py; src/pytimetk/utils/memory_helpers.py; src/pytimetk/utils/pandas_helpers.py; src/pytimetk/utils/parallel_helpers.py,poetry.lock; pyproject.toml,,macos-latest (3.9); ubuntu-latest (3.10); ubuntu-latest (3.11); ubuntu-latest (3.9),,macos-latest (3.9) -> .github:12 — Process completed with exit code 1.; ubuntu-latest (3.10) -> .github:13 — Process completed with exit code 1.; ubuntu-latest (3.11) -> .github:13 — Process completed with exit code 1.; ubuntu-latest (3.9) -> .github:13 — Process completed with exit code 1.,,
512939f062c2e8f37b99,2,https://github.com/business-science/pytimetk/actions/runs/18429461267,bec770d00f752660ef7e339d942121bde1684aba,2025-10-11T12:35:53Z,,,,macos-latest (3.9); ubuntu-latest (3.10); ubuntu-latest (3.11); ubuntu-latest (3.9),,macos-latest (3.9) -> .github:12 — Process completed with exit code 1.; ubuntu-latest (3.10) -> .github:13 — Process completed with exit code 1.; ubuntu-latest (3.11) -> .github:13 — Process completed with exit code 1.; ubuntu-latest (3.9) -> .github:13 — Process completed with exit code 1.,,
6594e4306eb577fdadd5,1,https://github.com/business-science/pytimetk/actions/runs/18561966996,f318361c912a126b69f7b9f3f51f104dfcdacdc4,2025-10-16T12:55:22Z,,,,macos-latest (3.9); ubuntu-latest (3.10); ubuntu-latest (3.11); ubuntu-latest (3.9),,macos-latest (3.9) -> .github:12 — Process completed with exit code 1.; ubuntu-latest (3.10) -> .github:13 — Process completed with exit code 1.; ubuntu-latest (3.11) -> .github:13 — Process completed with exit code 1.; ubuntu-latest (3.9) -> .github:13 — Process completed with exit code 1.,,
0a33161c8e88085687e8,1,https://github.com/business-science/pytimetk/actions/runs/18615290941,b7414a3156b6e2a9ebb1353fce2b4afdf86f43cc,2025-10-18T11:57:23Z,src/pytimetk/polars_namespace.py,,,macos-latest (3.9); ubuntu-latest (3.10); ubuntu-latest (3.11); ubuntu-latest (3.9),,macos-latest (3.9) -> .github:488 — Process completed with exit code 1.; ubuntu-latest (3.10) -> .github:487 — Process completed with exit code 1.; ubuntu-latest (3.11) -> .github:487 — Process completed with exit code 1.; ubuntu-latest (3.9) -> .github:489 — Process completed with exit code 1.,,
f2603ce87a21ae10c816,1,https://github.com/business-science/pytimetk/actions/runs/19171017100,c703dfaf39b41b6c1c5ad7d4f29a1a02bcac41d8,2025-11-07T14:14:55Z,,,,macos-latest (3.9); ubuntu-latest (3.10); ubuntu-latest (3.11); ubuntu-latest (3.9),,macos-latest (3.9) -> .github:189 — Process completed with exit code 2.; ubuntu-latest (3.10) -> .github:190 — Process completed with exit code 2.; ubuntu-latest (3.11) -> .github:190 — Process completed with exit code 2.; ubuntu-latest (3.9) -> .github:190 — Process completed with exit code 2.,,
71a7a869ded8b75a43fc,1,https://github.com/business-science/pytimetk/actions/runs/19174397451,0434b3702af828e8f8321a402a6e35c099525515,2025-11-07T16:21:17Z,src/pytimetk/finance/regime_detection.py; tests/finance/test_regime_detection.py,pyproject.toml,,macos-latest (3.9); ubuntu-latest (3.10); ubuntu-latest (3.11); ubuntu-latest (3.9),,macos-latest (3.9) -> .github:12 — Process completed with exit code 1.; ubuntu-latest (3.10) -> .github:13 — Process completed with exit code 1.; ubuntu-latest (3.11) -> .github:13 — Process completed with exit code 1.; ubuntu-latest (3.9) -> .github:13 — Process completed with exit code 1.,,
71a7a869ded8b75a43fc,2,https://github.com/business-science/pytimetk/actions/runs/19179627511,2483e72908748239ccf3f769e1801072615c260d,2025-11-07T19:55:37Z,src/pytimetk/feature_engineering/hilbert.py; tests/feature_engineering/test_hilbert.py,,,macos-latest (3.9); ubuntu-latest (3.10); ubuntu-latest (3.11); ubuntu-latest (3.9),,macos-latest (3.9) -> .github:12 — Process completed with exit code 1.; ubuntu-latest (3.10) -> .github:13 — Process completed with exit code 1.; ubuntu-latest (3.11) -> .github:13 — Process completed with exit code 1.; ubuntu-latest (3.9) -> .github:13 — Process completed with exit code 1.,,
71a7a869ded8b75a43fc,3,https://github.com/business-science/pytimetk/actions/runs/19179991092,121755861942cbefccea282fba07c79b5906f6d9,2025-11-07T20:11:34Z,src/pytimetk/feature_engineering/fourier.py; src/pytimetk/feature_engineering/hilbert.py; src/pytimetk/feature_engineering/wavelet.py; tests/feature_engineering/test_fourier.py; tests/feature_engineering/test_wavelet.py,,,macos-latest (3.9); ubuntu-latest (3.10); ubuntu-latest (3.11); ubuntu-latest (3.9),,macos-latest (3.9) -> .github:12 — Process completed with exit code 1.; ubuntu-latest (3.10) -> .github:13 — Process completed with exit code 1.; ubuntu-latest (3.11) -> .github:13 — Process completed with exit code 1.; ubuntu-latest (3.9) -> .github:13 — Process completed with exit code 1.,,
71a7a869ded8b75a43fc,4,https://github.com/business-science/pytimetk/actions/runs/19180265692,cb1ff1c562853d4d124531475b589982bc1a9634,2025-11-07T20:22:51Z,src/pytimetk/core/acf_diagnostics.py; src/pytimetk/finance/regime_detection.py; src/pytimetk/plot/plot_acf_diagnostics.py,,,macos-latest (3.9); ubuntu-latest (3.10); ubuntu-latest (3.11); ubuntu-latest (3.9),,macos-latest (3.9) -> .github:12 — Process completed with exit code 1.; ubuntu-latest (3.10) -> .github:13 — Process completed with exit code 1.; ubuntu-latest (3.11) -> .github:13 — Process completed with exit code 1.; ubuntu-latest (3.9) -> .github:13 — Process completed with exit code 1.,,
71a7a869ded8b75a43fc,5,https://github.com/business-science/pytimetk/actions/runs/19181715585,d732ff0a04ad2b1a42818fc60f7ce4068e0fafa2,2025-11-07T21:28:15Z,src/pytimetk/finance/regime_detection.py,pyproject.toml,,macos-latest (3.9); ubuntu-latest (3.10); ubuntu-latest (3.11); ubuntu-latest (3.9),,macos-latest (3.9) -> .github:12 — Process completed with exit code 1.; ubuntu-latest (3.10) -> .github:13 — Process completed with exit code 1.; ubuntu-latest (3.11) -> .github:13 — Process completed with exit code 1.; ubuntu-latest (3.9) -> .github:13 — Process completed with exit code 1.,,
71a7a869ded8b75a43fc,6,https://github.com/business-science/pytimetk/actions/runs/19181812863,81066a83769c2ad571bbd4c4d9ed36604fc4c516,2025-11-07T21:32:35Z,src/pytimetk/finance/regime_detection.py,,,macos-latest (3.9); ubuntu-latest (3.10); ubuntu-latest (3.11); ubuntu-latest (3.9),,macos-latest (3.9) -> .github:12 — Process completed with exit code 1.; ubuntu-latest (3.10) -> .github:13 — Process completed with exit code 1.; ubuntu-latest (3.11) -> .github:13 — Process completed with exit code 1.; ubuntu-latest (3.9) -> .github:13 — Process completed with exit code 1.,,
71a7a869ded8b75a43fc,7,https://github.com/business-science/pytimetk/actions/runs/19181883944,cfc738b8142e52b92dcbc5553540ba785a3dacb3,2025-11-07T21:35:54Z,src/pytimetk/core/seasonal_diagnostics.py; src/pytimetk/finance/regime_detection.py; tests/core/test_seasonal_diagnostics.py,,,macos-latest (3.9); ubuntu-latest (3.10); ubuntu-latest (3.11); ubuntu-latest (3.9),,macos-latest (3.9) -> .github:12 — Process completed with exit code 1.; ubuntu-latest (3.10) -> .github:13 — Process completed with exit code 1.; ubuntu-latest (3.11) -> .github:13 — Process completed with exit code 1.; ubuntu-latest (3.9) -> .github:13 — Process completed with exit code 1.,,
71a7a869ded8b75a43fc,8,https://github.com/business-science/pytimetk/actions/runs/19182063087,ef537249b3297d1e05e80bd253726451be0b2439,2025-11-07T21:44:54Z,,,,macos-latest (3.9); ubuntu-latest (3.10); ubuntu-latest (3.11); ubuntu-latest (3.9),,macos-latest (3.9) -> .github:12 — Process completed with exit code 1.; ubuntu-latest (3.10) -> .github:13 — Process completed with exit code 1.; ubuntu-latest (3.11) -> .github:13 — Process completed with exit code 1.; ubuntu-latest (3.9) -> .github:13 — Process completed with exit code 1.,,
71a7a869ded8b75a43fc,9,https://github.com/business-science/pytimetk/actions/runs/19182161986,afaf342cb8f729b14d66c980eea9705a8f82bc65,2025-11-07T21:50:00Z,src/pytimetk/plot/plot_timeseries.py,,,macos-latest (3.9); ubuntu-latest (3.10); ubuntu-latest (3.11); ubuntu-latest (3.9),,macos-latest (3.9) -> .github:12 — Process completed with exit code 1.; ubuntu-latest (3.10) -> .github:13 — Process completed with exit code 1.; ubuntu-latest (3.11) -> .github:13 — Process completed with exit code 1.; ubuntu-latest (3.9) -> .github:13 — Process completed with exit code 1.,,
71a7a869ded8b75a43fc,10,https://github.com/business-science/pytimetk/actions/runs/19182239826,92fdddbdbbe4d857f3b1dcfd2a288153dce89288,2025-11-07T21:54:01Z,src/pytimetk/plot/plot_timeseries.py,,,macos-latest (3.9); ubuntu-latest (3.10); ubuntu-latest (3.11); ubuntu-latest (3.9),,macos-latest (3.9) -> .github:12 — Process completed with exit code 1.; ubuntu-latest (3.10) -> .github:13 — Process completed with exit code 1.; ubuntu-latest (3.11) -> .github:13 — Process completed with exit code 1.; ubuntu-latest (3.9) -> .github:13 — Process completed with exit code 1.,,
71a7a869ded8b75a43fc,11,https://github.com/business-science/pytimetk/actions/runs/19182756720,8b9b044434ff770556f0c8374430353d5188dcab,2025-11-07T22:18:58Z,src/pytimetk/core/seasonal_diagnostics.py; src/pytimetk/feature_engineering/wavelet.py,poetry.lock,,macos-latest (3.9); ubuntu-latest (3.10); ubuntu-latest (3.11); ubuntu-latest (3.9),,macos-latest (3.9) -> .github:209 — Process completed with exit code 1.; ubuntu-latest (3.10) -> .github:207 — Process completed with exit code 1.; ubuntu-latest (3.11) -> .github:208 — Process completed with exit code 1.; ubuntu-latest (3.9) -> .github:203 — Process completed with exit code 1.,,
3cef3a9af369373db990,1,https://github.com/business-science/pytimetk/actions/runs/31023799405,90b72c4737d1535b1be82675416dbdb25a9996d7,2026-08-05T16:08:14Z,src/pytimetk/finance/adx.py; src/pytimetk/finance/atr.py; src/pytimetk/finance/bbands.py; src/pytimetk/finance/ewma_volatility.py; src/pytimetk/finance/hurst_exponent.py; src/pytimetk/finance/rolling_risk_metrics.py; src/pytimetk/finance/rsi.py; tests/finance/test_finance_backend_regressions.py; tests/finance/test_rolling_risk_metrics.py,,,macos-latest (3.9); ubuntu-latest (3.10); ubuntu-latest (3.11); ubuntu-latest (3.9),macos-latest (3.9) -> Test with pytest; ubuntu-latest (3.10) -> Test with pytest; ubuntu-latest (3.11) -> Test with pytest; ubuntu-latest (3.9) -> Test with pytest,macos-latest (3.9) -> Process completed with exit code 1.; ubuntu-latest (3.10) -> Process completed with exit code 1.; ubuntu-latest (3.11) -> Process completed with exit code 1.; ubuntu-latest (3.9) -> Process completed with exit code 1.,,
3cef3a9af369373db990,2,https://github.com/business-science/pytimetk/actions/runs/31023922137,c50126029dbe3a49d900e2d41e9c98f9ea7d7a11,2026-08-05T16:09:47Z,,,,macos-latest (3.9); ubuntu-latest (3.10); ubuntu-latest (3.11); ubuntu-latest (3.9),macos-latest (3.9) -> Test with pytest; ubuntu-latest (3.10) -> Test with pytest; ubuntu-latest (3.11) -> Test with pytest; ubuntu-latest (3.9) -> Test with pytest,macos-latest (3.9) -> Process completed with exit code 1.; ubuntu-latest (3.10) -> Process completed with exit code 1.; ubuntu-latest (3.11) -> Process completed with exit code 1.; ubuntu-latest (3.9) -> Process completed with exit code 1.,,
3cef3a9af369373db990,3,https://github.com/business-science/pytimetk/actions/runs/31024437565,460e032315b8612b59016eb6cbb51135601d186c,2026-08-05T16:15:59Z,,pyproject.toml,,macos-latest (3.9); ubuntu-latest (3.10); ubuntu-latest (3.11); ubuntu-latest (3.9),macos-latest (3.9) -> Test with pytest; ubuntu-latest (3.10) -> Test with pytest; ubuntu-latest (3.11) -> Test with pytest; ubuntu-latest (3.9) -> Test with pytest,macos-latest (3.9) -> Process completed with exit code 1.; ubuntu-latest (3.10) -> Process completed with exit code 1.; ubuntu-latest (3.11) -> Process completed with exit code 1.; ubuntu-latest (3.9) -> Process completed with exit code 1.,,
05211c5fdfd6fbb1958d,1,https://github.com/business-science/pytimetk/actions/runs/18381292875,f79d9d9015c62ae3343b4a453d324159fd31f1e8,2025-10-09T15:51:20Z,src/pytimetk/core/anomalize.py; src/pytimetk/core/apply_by_time.py; src/pytimetk/core/correlationfunnel.py; src/pytimetk/core/filter_by_time.py; src/pytimetk/core/future.py; src/pytimetk/core/pad.py; src/pytimetk/core/summarize_by_time.py; src/pytimetk/core/ts_features.py; src/pytimetk/core/ts_summary.py; src/pytimetk/feature_engineering/diffs.py; src/pytimetk/feature_engineering/ewm.py; src/pytimetk/feature_engineering/expanding.py; src/pytimetk/feature_engineering/expanding_apply.py; src/pytimetk/feature_engineering/fourier.py; src/pytimetk/feature_engineering/hilbert.py; src/pytimetk/feature_engineering/holiday_signature.py; src/pytimetk/feature_engineering/lags.py; src/pytimetk/feature_engineering/leads.py; src/pytimetk/feature_engineering/pct_change.py; src/pytimetk/feature_engineering/rolling.py; src/pytimetk/feature_engineering/rolling_apply.py; src/pytimetk/feature_engineering/timeseries_signature.py; src/pytimetk/feature_engineering/wavelet.py; src/pytimetk/finance/adx.py; src/pytimetk/finance/atr.py; src/pytimetk/finance/bbands.py; src/pytimetk/finance/cmo.py; src/pytimetk/finance/drawdown.py; src/pytimetk/finance/ewma_volatility.py; src/pytimetk/finance/fip_momentum.py; src/pytimetk/finance/hurst_exponent.py; src/pytimetk/finance/macd.py; src/pytimetk/finance/ppo.py; src/pytimetk/finance/qsmomentum.py; src/pytimetk/finance/regime_detection.py; src/pytimetk/finance/roc.py; src/pytimetk/finance/rolling_risk_metrics.py; src/pytimetk/finance/rsi.py; src/pytimetk/finance/stochastic_oscillator.py; src/pytimetk/plot/plot_anomalies.py; src/pytimetk/plot/plot_anomalies_cleaned.py; src/pytimetk/plot/plot_anomalies_decomp.py; src/pytimetk/plot/plot_correlation_funnel.py; src/pytimetk/plot/plot_timeseries.py; src/pytimetk/utils/checks.py; src/pytimetk/utils/memory_helpers.py; src/pytimetk/utils/pandas_helpers.py; src/pytimetk/utils/parallel_helpers.py; typings/pandas_flavor/__init__.pyi; typings/polars/__init__.pyi; typings/polars/expr/__init__.pyi; typings/polars/expr/expr.pyi,pyproject.toml,,ubuntu-latest (3.9) - pandas 2.2.0; ubuntu-latest (3.9) - pandas latest,,ubuntu-latest (3.9) - pandas 2.2.0 -> .github:18 — Process completed with exit code 1.; ubuntu-latest (3.9) - pandas latest -> .github:18 — Process completed with exit code 1.,,
05211c5fdfd6fbb1958d,2,https://github.com/business-science/pytimetk/actions/runs/18381876577,aa0be9db12c8952f21098c33d42afa535c194693,2025-10-09T16:07:10Z,scripts/generate_pandas_stubs.py; stub-packages/pandas-stubs-pytimetk/pandas-stubs-pytimetk/pandas/core/frame.pyi; stub-packages/pandas-stubs-pytimetk/pandas-stubs-pytimetk/pandas/core/groupby/generic.pyi; typings/pandas/core/frame.pyi; typings/pandas/core/groupby/generic.pyi,stub-packages/pandas-stubs-pytimetk/pyproject.toml,,ubuntu-latest (3.9) - pandas 2.2.0; ubuntu-latest (3.9) - pandas latest,,ubuntu-latest (3.9) - pandas 2.2.0 -> .github:18 — Process completed with exit code 1.; ubuntu-latest (3.9) - pandas latest -> .github:18 — Process completed with exit code 1.,,
05211c5fdfd6fbb1958d,3,https://github.com/business-science/pytimetk/actions/runs/18382084252,2720eb1cbb248ff65ddaacc039d218060197e954,2025-10-09T16:14:48Z,stub-packages/pandas-stubs-pytimetk/pandas-stubs-pytimetk/__init__.pyi,stub-packages/pandas-stubs-pytimetk/pyproject.toml,,ubuntu-latest (3.9) - pandas 2.2.0; ubuntu-latest (3.9) - pandas latest,,ubuntu-latest (3.9) - pandas 2.2.0 -> .github:18 — Process completed with exit code 1.; ubuntu-latest (3.9) - pandas latest -> .github:18 — Process completed with exit code 1.,,
05211c5fdfd6fbb1958d,4,https://github.com/business-science/pytimetk/actions/runs/18382500591,08a01a0cd497da205d9a47f8ba035acca03e592c,2025-10-09T16:30:20Z,,pyproject.toml,,ubuntu-latest (3.9) - pandas 2.2.0; ubuntu-latest (3.9) - pandas latest,,ubuntu-latest (3.9) - pandas 2.2.0 -> .github:18 — Process completed with exit code 1.; ubuntu-latest (3.9) - pandas latest -> .github:18 — Process completed with exit code 1.,,
05211c5fdfd6fbb1958d,5,https://github.com/business-science/pytimetk/actions/runs/18383014497,58b4a5bfcfb542a7949687f9e5314e675e233f77,2025-10-09T16:50:43Z,scripts/generate_pandas_stubs.py; stub-packages/pandas-stubs-pytimetk/pandas-stubs-pytimetk/__init__.pyi; stub-packages/pandas-stubs-pytimetk/pandas-stubs-pytimetk/pandas/core/frame.pyi; stub-packages/pandas-stubs-pytimetk/pandas-stubs-pytimetk/pandas/core/groupby/generic.pyi; stub-packages/pandas-stubs-pytimetk/src/__init__.pyi; stub-packages/pandas-stubs-pytimetk/src/pandas/core/frame.pyi; stub-packages/pandas-stubs-pytimetk/src/pandas/core/groupby/generic.pyi,stub-packages/pandas-stubs-pytimetk/pyproject.toml,,ubuntu-latest (3.9) - pandas 2.2.0; ubuntu-latest (3.9) - pandas latest,,ubuntu-latest (3.9) - pandas 2.2.0 -> .github:18 — Process completed with exit code 1.; ubuntu-latest (3.9) - pandas latest -> .github:18 — Process completed with exit code 1.,,
05211c5fdfd6fbb1958d,6,https://github.com/business-science/pytimetk/actions/runs/18383397025,fc6b4d1c2e037d757c5d3629f451e14487ecbf73,2025-10-09T17:05:28Z,stub-packages/pandas-stubs-pytimetk/src/__init__.pyi; stub-packages/pandas-stubs-pytimetk/src/pandas/core/frame.pyi; typings/pandas/core/frame.pyi,stub-packages/pandas-stubs-pytimetk/pyproject.toml,,ubuntu-latest (3.9) - pandas 2.2.0; ubuntu-latest (3.9) - pandas latest,,ubuntu-latest (3.9) - pandas 2.2.0 -> .github:18 — Process completed with exit code 1.; ubuntu-latest (3.9) - pandas latest -> .github:18 — Process completed with exit code 1.,,
05211c5fdfd6fbb1958d,7,https://github.com/business-science/pytimetk/actions/runs/18383517792,136833215c90f814c5aa50524ee63004ff980101,2025-10-09T17:10:00Z,scripts/generate_pandas_stubs.py; stub-packages/pandas-stubs-pytimetk/src/pandas/__init__.pyi; stub-packages/pandas-stubs-pytimetk/src/pandas/core/frame.pyi; typings/pandas/__init__.pyi; typings/pandas/core/frame.pyi,stub-packages/pandas-stubs-pytimetk/pyproject.toml,,ubuntu-latest (3.9) - pandas 2.2.0; ubuntu-latest (3.9) - pandas latest,,ubuntu-latest (3.9) - pandas 2.2.0 -> .github:18 — Process completed with exit code 1.; ubuntu-latest (3.9) - pandas latest -> .github:18 — Process completed with exit code 1.,,
05211c5fdfd6fbb1958d,8,https://github.com/business-science/pytimetk/actions/runs/18383559075,e2c8ab0feb4c76e01e9b812dfa1e162b86d790a0,2025-10-09T17:11:37Z,,stub-packages/pandas-stubs-pytimetk/pyproject.toml,,ubuntu-latest (3.9) - pandas 2.2.0; ubuntu-latest (3.9) - pandas latest,,ubuntu-latest (3.9) - pandas 2.2.0 -> .github:18 — Process completed with exit code 1.; ubuntu-latest (3.9) - pandas latest -> .github:18 — Process completed with exit code 1.,,
05211c5fdfd6fbb1958d,9,https://github.com/business-science/pytimetk/actions/runs/18384029736,0445ef1b12d79aa46822ea5da8603fb2b543c7c0,2025-10-09T17:29:47Z,src/pytimetk/__init__.py; src/pytimetk/_typing_support.py,,,ubuntu-latest (3.9) - pandas 2.2.0; ubuntu-latest (3.9) - pandas latest,,ubuntu-latest (3.9) - pandas 2.2.0 -> .github:18 — Process completed with exit code 1.; ubuntu-latest (3.9) - pandas latest -> .github:18 — Process completed with exit code 1.,,
0aaea82d79578ccdf2af,1,https://github.com/business-science/pytimetk/actions/runs/18429251875,012e6ecfe1e13a449d6ea472850fafc225434998,2025-10-11T12:16:26Z,src/pytimetk/core/anomalize.py; src/pytimetk/core/apply_by_time.py; src/pytimetk/core/correlationfunnel.py; src/pytimetk/core/filter_by_time.py; src/pytimetk/core/future.py; src/pytimetk/core/pad.py; src/pytimetk/core/summarize_by_time.py; src/pytimetk/core/ts_features.py; src/pytimetk/core/ts_summary.py; src/pytimetk/feature_engineering/diffs.py; src/pytimetk/feature_engineering/ewm.py; src/pytimetk/feature_engineering/expanding.py; src/pytimetk/feature_engineering/expanding_apply.py; src/pytimetk/feature_engineering/fourier.py; src/pytimetk/feature_engineering/hilbert.py; src/pytimetk/feature_engineering/holiday_signature.py; src/pytimetk/feature_engineering/lags.py; src/pytimetk/feature_engineering/leads.py; src/pytimetk/feature_engineering/pct_change.py; src/pytimetk/feature_engineering/rolling.py; src/pytimetk/feature_engineering/rolling_apply.py; src/pytimetk/feature_engineering/timeseries_signature.py; src/pytimetk/feature_engineering/wavelet.py; src/pytimetk/finance/adx.py; src/pytimetk/finance/atr.py; src/pytimetk/finance/bbands.py; src/pytimetk/finance/cmo.py; src/pytimetk/finance/drawdown.py; src/pytimetk/finance/ewma_volatility.py; src/pytimetk/finance/fip_momentum.py; src/pytimetk/finance/hurst_exponent.py; src/pytimetk/finance/macd.py; src/pytimetk/finance/ppo.py; src/pytimetk/finance/qsmomentum.py; src/pytimetk/finance/regime_detection.py; src/pytimetk/finance/roc.py; src/pytimetk/finance/rolling_risk_metrics.py; src/pytimetk/finance/rsi.py; src/pytimetk/finance/stochastic_oscillator.py; src/pytimetk/plot/plot_anomalies.py; src/pytimetk/plot/plot_anomalies_cleaned.py; src/pytimetk/plot/plot_anomalies_decomp.py; src/pytimetk/plot/plot_timeseries.py; src/pytimetk/utils/memory_helpers.py; src/pytimetk/utils/pandas_helpers.py; src/pytimetk/utils/parallel_helpers.py,poetry.lock; pyproject.toml,,ubuntu-latest (3.9) - pandas 2.2.0; ubuntu-latest (3.9) - pandas latest,,ubuntu-latest (3.9) - pandas 2.2.0 -> .github:18 — Process completed with exit code 1.; ubuntu-latest (3.9) - pandas latest -> .github:18 — Process completed with exit code 1.,,
0aaea82d79578ccdf2af,2,https://github.com/business-science/pytimetk/actions/runs/18429461262,bec770d00f752660ef7e339d942121bde1684aba,2025-10-11T12:35:53Z,,,,ubuntu-latest (3.9) - pandas 2.2.0; ubuntu-latest (3.9) - pandas latest,,ubuntu-latest (3.9) - pandas 2.2.0 -> .github:18 — Process completed with exit code 1.; ubuntu-latest (3.9) - pandas latest -> .github:18 — Process completed with exit code 1.,,
1d0865697ad961b56014,1,https://github.com/business-science/pytimetk/actions/runs/18561966992,f318361c912a126b69f7b9f3f51f104dfcdacdc4,2025-10-16T12:55:22Z,,,,ubuntu-latest (3.9) - pandas 2.2.0; ubuntu-latest (3.9) - pandas latest,,ubuntu-latest (3.9) - pandas 2.2.0 -> .github:18 — Process completed with exit code 1.; ubuntu-latest (3.9) - pandas latest -> .github:18 — Process completed with exit code 1.,,
8e319d59e8ce0e6e8a1d,1,https://github.com/business-science/pytimetk/actions/runs/18615290940,b7414a3156b6e2a9ebb1353fce2b4afdf86f43cc,2025-10-18T11:57:23Z,src/pytimetk/polars_namespace.py,,,ubuntu-latest (3.9) - pandas 2.2.0; ubuntu-latest (3.9) - pandas latest,,ubuntu-latest (3.9) - pandas 2.2.0 -> .github:489 — Process completed with exit code 1.; ubuntu-latest (3.9) - pandas latest -> .github:489 — Process completed with exit code 1.,,
499b754e379d8c712dda,1,https://github.com/business-science/pytimetk/actions/runs/19171017129,c703dfaf39b41b6c1c5ad7d4f29a1a02bcac41d8,2025-11-07T14:14:55Z,,,,ubuntu-latest (3.9) - pandas 2.2.0; ubuntu-latest (3.9) - pandas latest,,ubuntu-latest (3.9) - pandas 2.2.0 -> .github:190 — Process completed with exit code 2.; ubuntu-latest (3.9) - pandas latest -> .github:190 — Process completed with exit code 2.,,
dc05047f16100a8eeb42,1,https://github.com/business-science/pytimetk/actions/runs/19174397371,0434b3702af828e8f8321a402a6e35c099525515,2025-11-07T16:21:17Z,src/pytimetk/finance/regime_detection.py; tests/finance/test_regime_detection.py,pyproject.toml,,ubuntu-latest (3.9) - pandas 2.2.0; ubuntu-latest (3.9) - pandas latest,,ubuntu-latest (3.9) - pandas 2.2.0 -> .github:18 — Process completed with exit code 1.; ubuntu-latest (3.9) - pandas latest -> .github:18 — Process completed with exit code 1.,,
dc05047f16100a8eeb42,2,https://github.com/business-science/pytimetk/actions/runs/19179627506,2483e72908748239ccf3f769e1801072615c260d,2025-11-07T19:55:37Z,src/pytimetk/feature_engineering/hilbert.py; tests/feature_engineering/test_hilbert.py,,,ubuntu-latest (3.9) - pandas 2.2.0; ubuntu-latest (3.9) - pandas latest,,ubuntu-latest (3.9) - pandas 2.2.0 -> .github:18 — Process completed with exit code 1.; ubuntu-latest (3.9) - pandas latest -> .github:18 — Process completed with exit code 1.,,
dc05047f16100a8eeb42,3,https://github.com/business-science/pytimetk/actions/runs/19179991140,121755861942cbefccea282fba07c79b5906f6d9,2025-11-07T20:11:34Z,src/pytimetk/feature_engineering/fourier.py; src/pytimetk/feature_engineering/hilbert.py; src/pytimetk/feature_engineering/wavelet.py; tests/feature_engineering/test_fourier.py; tests/feature_engineering/test_wavelet.py,,,ubuntu-latest (3.9) - pandas 2.2.0; ubuntu-latest (3.9) - pandas latest,,ubuntu-latest (3.9) - pandas 2.2.0 -> .github:18 — Process completed with exit code 1.; ubuntu-latest (3.9) - pandas latest -> .github:18 — Process completed with exit code 1.,,
dc05047f16100a8eeb42,4,https://github.com/business-science/pytimetk/actions/runs/19180265706,cb1ff1c562853d4d124531475b589982bc1a9634,2025-11-07T20:22:51Z,src/pytimetk/core/acf_diagnostics.py; src/pytimetk/finance/regime_detection.py; src/pytimetk/plot/plot_acf_diagnostics.py,,,ubuntu-latest (3.9) - pandas 2.2.0; ubuntu-latest (3.9) - pandas latest,,ubuntu-latest (3.9) - pandas 2.2.0 -> .github:18 — Process completed with exit code 1.; ubuntu-latest (3.9) - pandas latest -> .github:18 — Process completed with exit code 1.,,
dc05047f16100a8eeb42,5,https://github.com/business-science/pytimetk/actions/runs/19181715594,d732ff0a04ad2b1a42818fc60f7ce4068e0fafa2,2025-11-07T21:28:15Z,src/pytimetk/finance/regime_detection.py,pyproject.toml,,ubuntu-latest (3.9) - pandas 2.2.0; ubuntu-latest (3.9) - pandas latest,,ubuntu-latest (3.9) - pandas 2.2.0 -> .github:18 — Process completed with exit code 1.; ubuntu-latest (3.9) - pandas latest -> .github:18 — Process completed with exit code 1.,,
dc05047f16100a8eeb42,6,https://github.com/business-science/pytimetk/actions/runs/19181812860,81066a83769c2ad571bbd4c4d9ed36604fc4c516,2025-11-07T21:32:35Z,src/pytimetk/finance/regime_detection.py,,,ubuntu-latest (3.9) - pandas 2.2.0; ubuntu-latest (3.9) - pandas latest,,ubuntu-latest (3.9) - pandas 2.2.0 -> .github:18 — Process completed with exit code 1.; ubuntu-latest (3.9) - pandas latest -> .github:18 — Process completed with exit code 1.,,
dc05047f16100a8eeb42,7,https://github.com/business-science/pytimetk/actions/runs/19181883935,cfc738b8142e52b92dcbc5553540ba785a3dacb3,2025-11-07T21:35:54Z,src/pytimetk/core/seasonal_diagnostics.py; src/pytimetk/finance/regime_detection.py; tests/core/test_seasonal_diagnostics.py,,,ubuntu-latest (3.9) - pandas 2.2.0; ubuntu-latest (3.9) - pandas latest,,ubuntu-latest (3.9) - pandas 2.2.0 -> .github:18 — Process completed with exit code 1.; ubuntu-latest (3.9) - pandas latest -> .github:18 — Process completed with exit code 1.,,
dc05047f16100a8eeb42,8,https://github.com/business-science/pytimetk/actions/runs/19182063092,ef537249b3297d1e05e80bd253726451be0b2439,2025-11-07T21:44:54Z,,,,ubuntu-latest (3.9) - pandas 2.2.0; ubuntu-latest (3.9) - pandas latest,,ubuntu-latest (3.9) - pandas 2.2.0 -> .github:18 — Process completed with exit code 1.; ubuntu-latest (3.9) - pandas latest -> .github:18 — Process completed with exit code 1.,,
dc05047f16100a8eeb42,9,https://github.com/business-science/pytimetk/actions/runs/19182161980,afaf342cb8f729b14d66c980eea9705a8f82bc65,2025-11-07T21:50:00Z,src/pytimetk/plot/plot_timeseries.py,,,ubuntu-latest (3.9) - pandas 2.2.0; ubuntu-latest (3.9) - pandas latest,,ubuntu-latest (3.9) - pandas 2.2.0 -> .github:18 — Process completed with exit code 1.; ubuntu-latest (3.9) - pandas latest -> .github:18 — Process completed with exit code 1.,,
dc05047f16100a8eeb42,10,https://github.com/business-science/pytimetk/actions/runs/19182239827,92fdddbdbbe4d857f3b1dcfd2a288153dce89288,2025-11-07T21:54:01Z,src/pytimetk/plot/plot_timeseries.py,,,ubuntu-latest (3.9) - pandas 2.2.0; ubuntu-latest (3.9) - pandas latest,,ubuntu-latest (3.9) - pandas 2.2.0 -> .github:18 — Process completed with exit code 1.; ubuntu-latest (3.9) - pandas latest -> .github:18 — Process completed with exit code 1.,,
dc05047f16100a8eeb42,11,https://github.com/business-science/pytimetk/actions/runs/19182756712,8b9b044434ff770556f0c8374430353d5188dcab,2025-11-07T22:18:58Z,src/pytimetk/core/seasonal_diagnostics.py; src/pytimetk/feature_engineering/wavelet.py,poetry.lock,,ubuntu-latest (3.9) - pandas 2.2.0; ubuntu-latest (3.9) - pandas latest,,ubuntu-latest (3.9) - pandas 2.2.0 -> .github:208 — Process completed with exit code 1.; ubuntu-latest (3.9) - pandas latest -> .github:208 — Process completed with exit code 1.,,
d71cd9539bf334a8c3f2,1,https://github.com/business-science/pytimetk/actions/runs/21553082399,51491ec325e660ee8f2ef91a91686346492ec7eb,2026-02-01T00:02:28Z,,.github/workflows/pandas-checks.yaml; .github/workflows/polars-checks.yaml; .github/workflows/timetk-checks.yaml,,ubuntu-latest (3.9) - pandas latest,,ubuntu-latest (3.9) - pandas latest -> .github:150 — Process completed with exit code 1.,,
d71cd9539bf334a8c3f2,2,https://github.com/business-science/pytimetk/actions/runs/22531864067,51491ec325e660ee8f2ef91a91686346492ec7eb,2026-03-01T00:02:18Z,,.github/workflows/pandas-checks.yaml; .github/workflows/polars-checks.yaml; .github/workflows/timetk-checks.yaml,,ubuntu-latest (3.9) - pandas latest,,ubuntu-latest (3.9) - pandas latest -> .github:150 — Process completed with exit code 1.,,
d71cd9539bf334a8c3f2,3,https://github.com/business-science/pytimetk/actions/runs/23762434566,738f0dc73937e878d6d077a000ba000e26f2b788,2026-03-30T19:02:18Z,,.github/workflows/pandas-checks.yaml; .github/workflows/polars-checks.yaml; .github/workflows/timetk-checks.yaml; poetry.lock; pyproject.toml,,ubuntu-latest (3.11) - pandas latest,ubuntu-latest (3.11) - pandas latest -> Install package,ubuntu-latest (3.11) - pandas latest -> .github:149 — Process completed with exit code 1.,,
d71cd9539bf334a8c3f2,4,https://github.com/business-science/pytimetk/actions/runs/23762457876,68321d3f5d9613482ad0375fc870d7234bf04caf,2026-03-30T19:02:50Z,,,,ubuntu-latest (3.11) - pandas latest,ubuntu-latest (3.11) - pandas latest -> Install package,ubuntu-latest (3.11) - pandas latest -> .github:149 — Process completed with exit code 1.,,
d71cd9539bf334a8c3f2,5,https://github.com/business-science/pytimetk/actions/runs/23762915369,0c73628213c1fb8034bc6b368d6a5db59031e02e,2026-03-30T19:13:42Z,,.github/workflows/pandas-checks.yaml; .github/workflows/polars-checks.yaml,,ubuntu-latest (3.11) - pandas latest,ubuntu-latest (3.11) - pandas latest -> Test with pytest,ubuntu-latest (3.11) - pandas latest -> .github:1850 — Process completed with exit code 2.,,
d71cd9539bf334a8c3f2,6,https://github.com/business-science/pytimetk/actions/runs/23763450777,626ef3ade68da71c1b834934fcaab4fdc0f81d58,2026-03-30T19:26:34Z,,.github/workflows/polars-checks.yaml,,ubuntu-latest (3.11) - pandas latest,ubuntu-latest (3.11) - pandas latest -> Test with pytest,ubuntu-latest (3.11) - pandas latest -> .github:1724 — Process completed with exit code 2.,,
d71cd9539bf334a8c3f2,7,https://github.com/business-science/pytimetk/actions/runs/23765417163,27a47363c7e25f2718bc7feaffd4579bb68c94d1,2026-03-30T20:11:38Z,,.github/workflows/pandas-checks.yaml,,ubuntu-latest (3.11) - pandas latest,ubuntu-latest (3.11) - pandas latest -> Test with pytest,ubuntu-latest (3.11) - pandas latest -> .github:34 — Process completed with exit code 2.,,
d71cd9539bf334a8c3f2,8,https://github.com/business-science/pytimetk/actions/runs/23765656435,72a59b6e2e1a77a582db8aa0395f0b96331c8c07,2026-03-30T20:17:06Z,src/pytimetk/utils/dataframe_ops.py; src/pytimetk/utils/pandas_flavor_compat.py,,,ubuntu-latest (3.11) - pandas latest,ubuntu-latest (3.11) - pandas latest -> Test with pytest,ubuntu-latest (3.11) - pandas latest -> .github:6444 — Process completed with exit code 1.,,
75a02e79585f6f7df89a,1,https://github.com/business-science/pytimetk/actions/runs/31023801486,90b72c4737d1535b1be82675416dbdb25a9996d7,2026-08-05T16:08:16Z,src/pytimetk/finance/adx.py; src/pytimetk/finance/atr.py; src/pytimetk/finance/bbands.py; src/pytimetk/finance/ewma_volatility.py; src/pytimetk/finance/hurst_exponent.py; src/pytimetk/finance/rolling_risk_metrics.py; src/pytimetk/finance/rsi.py; tests/finance/test_finance_backend_regressions.py; tests/finance/test_rolling_risk_metrics.py,,,ubuntu-latest (3.11) - pandas latest; ubuntu-latest (3.9) - pandas 2.2.0,ubuntu-latest (3.11) - pandas latest -> Test with pytest; ubuntu-latest (3.9) - pandas 2.2.0 -> Test with pytest,ubuntu-latest (3.11) - pandas latest -> Process completed with exit code 1.; ubuntu-latest (3.9) - pandas 2.2.0 -> Process completed with exit code 1.,,
75a02e79585f6f7df89a,2,https://github.com/business-science/pytimetk/actions/runs/31023921544,c50126029dbe3a49d900e2d41e9c98f9ea7d7a11,2026-08-05T16:09:46Z,,,,ubuntu-latest (3.11) - pandas latest; ubuntu-latest (3.9) - pandas 2.2.0,ubuntu-latest (3.11) - pandas latest -> Test with pytest; ubuntu-latest (3.9) - pandas 2.2.0 -> Test with pytest,ubuntu-latest (3.11) - pandas latest -> Process completed with exit code 1.; ubuntu-latest (3.9) - pandas 2.2.0 -> Process completed with exit code 1.,,
75a02e79585f6f7df89a,3,https://github.com/business-science/pytimetk/actions/runs/31024437556,460e032315b8612b59016eb6cbb51135601d186c,2026-08-05T16:15:59Z,,pyproject.toml,,ubuntu-latest (3.11) - pandas latest; ubuntu-latest (3.9) - pandas 2.2.0,ubuntu-latest (3.11) - pandas latest -> Test with pytest; ubuntu-latest (3.9) - pandas 2.2.0 -> Test with pytest,ubuntu-latest (3.11) - pandas latest -> Process completed with exit code 1.; ubuntu-latest (3.9) - pandas 2.2.0 -> Process completed with exit code 1.,,
aeccd2105b469f228925,1,https://github.com/business-science/pytimetk/actions/runs/18381292894,f79d9d9015c62ae3343b4a453d324159fd31f1e8,2025-10-09T15:51:20Z,src/pytimetk/core/anomalize.py; src/pytimetk/core/apply_by_time.py; src/pytimetk/core/correlationfunnel.py; src/pytimetk/core/filter_by_time.py; src/pytimetk/core/future.py; src/pytimetk/core/pad.py; src/pytimetk/core/summarize_by_time.py; src/pytimetk/core/ts_features.py; src/pytimetk/core/ts_summary.py; src/pytimetk/feature_engineering/diffs.py; src/pytimetk/feature_engineering/ewm.py; src/pytimetk/feature_engineering/expanding.py; src/pytimetk/feature_engineering/expanding_apply.py; src/pytimetk/feature_engineering/fourier.py; src/pytimetk/feature_engineering/hilbert.py; src/pytimetk/feature_engineering/holiday_signature.py; src/pytimetk/feature_engineering/lags.py; src/pytimetk/feature_engineering/leads.py; src/pytimetk/feature_engineering/pct_change.py; src/pytimetk/feature_engineering/rolling.py; src/pytimetk/feature_engineering/rolling_apply.py; src/pytimetk/feature_engineering/timeseries_signature.py; src/pytimetk/feature_engineering/wavelet.py; src/pytimetk/finance/adx.py; src/pytimetk/finance/atr.py; src/pytimetk/finance/bbands.py; src/pytimetk/finance/cmo.py; src/pytimetk/finance/drawdown.py; src/pytimetk/finance/ewma_volatility.py; src/pytimetk/finance/fip_momentum.py; src/pytimetk/finance/hurst_exponent.py; src/pytimetk/finance/macd.py; src/pytimetk/finance/ppo.py; src/pytimetk/finance/qsmomentum.py; src/pytimetk/finance/regime_detection.py; src/pytimetk/finance/roc.py; src/pytimetk/finance/rolling_risk_metrics.py; src/pytimetk/finance/rsi.py; src/pytimetk/finance/stochastic_oscillator.py; src/pytimetk/plot/plot_anomalies.py; src/pytimetk/plot/plot_anomalies_cleaned.py; src/pytimetk/plot/plot_anomalies_decomp.py; src/pytimetk/plot/plot_correlation_funnel.py; src/pytimetk/plot/plot_timeseries.py; src/pytimetk/utils/checks.py; src/pytimetk/utils/memory_helpers.py; src/pytimetk/utils/pandas_helpers.py; src/pytimetk/utils/parallel_helpers.py; typings/pandas_flavor/__init__.pyi; typings/polars/__init__.pyi; typings/polars/expr/__init__.pyi; typings/polars/expr/expr.pyi,pyproject.toml,,ubuntu-latest (3.9) - polars 1.2.0; ubuntu-latest (3.9) - polars latest,,ubuntu-latest (3.9) - polars 1.2.0 -> .github:18 — Process completed with exit code 1.; ubuntu-latest (3.9) - polars latest -> .github:18 — Process completed with exit code 1.,,
aeccd2105b469f228925,2,https://github.com/business-science/pytimetk/actions/runs/18381876567,aa0be9db12c8952f21098c33d42afa535c194693,2025-10-09T16:07:10Z,scripts/generate_pandas_stubs.py; stub-packages/pandas-stubs-pytimetk/pandas-stubs-pytimetk/pandas/core/frame.pyi; stub-packages/pandas-stubs-pytimetk/pandas-stubs-pytimetk/pandas/core/groupby/generic.pyi; typings/pandas/core/frame.pyi; typings/pandas/core/groupby/generic.pyi,stub-packages/pandas-stubs-pytimetk/pyproject.toml,,ubuntu-latest (3.9) - polars 1.2.0; ubuntu-latest (3.9) - polars latest,,ubuntu-latest (3.9) - polars 1.2.0 -> .github:18 — Process completed with exit code 1.; ubuntu-latest (3.9) - polars latest -> .github:18 — Process completed with exit code 1.,,
aeccd2105b469f228925,3,https://github.com/business-science/pytimetk/actions/runs/18382084257,2720eb1cbb248ff65ddaacc039d218060197e954,2025-10-09T16:14:48Z,stub-packages/pandas-stubs-pytimetk/pandas-stubs-pytimetk/__init__.pyi,stub-packages/pandas-stubs-pytimetk/pyproject.toml,,ubuntu-latest (3.9) - polars 1.2.0; ubuntu-latest (3.9) - polars latest,,ubuntu-latest (3.9) - polars 1.2.0 -> .github:18 — Process completed with exit code 1.; ubuntu-latest (3.9) - polars latest -> .github:18 — Process completed with exit code 1.,,
aeccd2105b469f228925,4,https://github.com/business-science/pytimetk/actions/runs/18382500614,08a01a0cd497da205d9a47f8ba035acca03e592c,2025-10-09T16:30:20Z,,pyproject.toml,,ubuntu-latest (3.9) - polars 1.2.0; ubuntu-latest (3.9) - polars latest,,ubuntu-latest (3.9) - polars 1.2.0 -> .github:18 — Process completed with exit code 1.; ubuntu-latest (3.9) - polars latest -> .github:18 — Process completed with exit code 1.,,
aeccd2105b469f228925,5,https://github.com/business-science/pytimetk/actions/runs/18383014560,58b4a5bfcfb542a7949687f9e5314e675e233f77,2025-10-09T16:50:43Z,scripts/generate_pandas_stubs.py; stub-packages/pandas-stubs-pytimetk/pandas-stubs-pytimetk/__init__.pyi; stub-packages/pandas-stubs-pytimetk/pandas-stubs-pytimetk/pandas/core/frame.pyi; stub-packages/pandas-stubs-pytimetk/pandas-stubs-pytimetk/pandas/core/groupby/generic.pyi; stub-packages/pandas-stubs-pytimetk/src/__init__.pyi; stub-packages/pandas-stubs-pytimetk/src/pandas/core/frame.pyi; stub-packages/pandas-stubs-pytimetk/src/pandas/core/groupby/generic.pyi,stub-packages/pandas-stubs-pytimetk/pyproject.toml,,ubuntu-latest (3.9) - polars 1.2.0; ubuntu-latest (3.9) - polars latest,,ubuntu-latest (3.9) - polars 1.2.0 -> .github:18 — Process completed with exit code 1.; ubuntu-latest (3.9) - polars latest -> .github:18 — Process completed with exit code 1.,,
aeccd2105b469f228925,6,https://github.com/business-science/pytimetk/actions/runs/18383397046,fc6b4d1c2e037d757c5d3629f451e14487ecbf73,2025-10-09T17:05:28Z,stub-packages/pandas-stubs-pytimetk/src/__init__.pyi; stub-packages/pandas-stubs-pytimetk/src/pandas/core/frame.pyi; typings/pandas/core/frame.pyi,stub-packages/pandas-stubs-pytimetk/pyproject.toml,,ubuntu-latest (3.9) - polars 1.2.0; ubuntu-latest (3.9) - polars latest,,ubuntu-latest (3.9) - polars 1.2.0 -> .github:18 — Process completed with exit code 1.; ubuntu-latest (3.9) - polars latest -> .github:18 — Process completed with exit code 1.,,
aeccd2105b469f228925,7,https://github.com/business-science/pytimetk/actions/runs/18383517784,136833215c90f814c5aa50524ee63004ff980101,2025-10-09T17:10:00Z,scripts/generate_pandas_stubs.py; stub-packages/pandas-stubs-pytimetk/src/pandas/__init__.pyi; stub-packages/pandas-stubs-pytimetk/src/pandas/core/frame.pyi; typings/pandas/__init__.pyi; typings/pandas/core/frame.pyi,stub-packages/pandas-stubs-pytimetk/pyproject.toml,,ubuntu-latest (3.9) - polars 1.2.0; ubuntu-latest (3.9) - polars latest,,ubuntu-latest (3.9) - polars 1.2.0 -> .github:18 — Process completed with exit code 1.; ubuntu-latest (3.9) - polars latest -> .github:18 — Process completed with exit code 1.,,
aeccd2105b469f228925,8,https://github.com/business-science/pytimetk/actions/runs/18383559058,e2c8ab0feb4c76e01e9b812dfa1e162b86d790a0,2025-10-09T17:11:37Z,,stub-packages/pandas-stubs-pytimetk/pyproject.toml,,ubuntu-latest (3.9) - polars 1.2.0; ubuntu-latest (3.9) - polars latest,,ubuntu-latest (3.9) - polars 1.2.0 -> .github:18 — Process completed with exit code 1.; ubuntu-latest (3.9) - polars latest -> .github:18 — Process completed with exit code 1.,,
aeccd2105b469f228925,9,https://github.com/business-science/pytimetk/actions/runs/18384029725,0445ef1b12d79aa46822ea5da8603fb2b543c7c0,2025-10-09T17:29:47Z,src/pytimetk/__init__.py; src/pytimetk/_typing_support.py,,,ubuntu-latest (3.9) - polars 1.2.0; ubuntu-latest (3.9) - polars latest,,ubuntu-latest (3.9) - polars 1.2.0 -> .github:18 — Process completed with exit code 1.; ubuntu-latest (3.9) - polars latest -> .github:18 — Process completed with exit code 1.,,
ab82a6a2b86a6725f487,1,https://github.com/business-science/pytimetk/actions/runs/18429251880,012e6ecfe1e13a449d6ea472850fafc225434998,2025-10-11T12:16:27Z,src/pytimetk/core/anomalize.py; src/pytimetk/core/apply_by_time.py; src/pytimetk/core/correlationfunnel.py; src/pytimetk/core/filter_by_time.py; src/pytimetk/core/future.py; src/pytimetk/core/pad.py; src/pytimetk/core/summarize_by_time.py; src/pytimetk/core/ts_features.py; src/pytimetk/core/ts_summary.py; src/pytimetk/feature_engineering/diffs.py; src/pytimetk/feature_engineering/ewm.py; src/pytimetk/feature_engineering/expanding.py; src/pytimetk/feature_engineering/expanding_apply.py; src/pytimetk/feature_engineering/fourier.py; src/pytimetk/feature_engineering/hilbert.py; src/pytimetk/feature_engineering/holiday_signature.py; src/pytimetk/feature_engineering/lags.py; src/pytimetk/feature_engineering/leads.py; src/pytimetk/feature_engineering/pct_change.py; src/pytimetk/feature_engineering/rolling.py; src/pytimetk/feature_engineering/rolling_apply.py; src/pytimetk/feature_engineering/timeseries_signature.py; src/pytimetk/feature_engineering/wavelet.py; src/pytimetk/finance/adx.py; src/pytimetk/finance/atr.py; src/pytimetk/finance/bbands.py; src/pytimetk/finance/cmo.py; src/pytimetk/finance/drawdown.py; src/pytimetk/finance/ewma_volatility.py; src/pytimetk/finance/fip_momentum.py; src/pytimetk/finance/hurst_exponent.py; src/pytimetk/finance/macd.py; src/pytimetk/finance/ppo.py; src/pytimetk/finance/qsmomentum.py; src/pytimetk/finance/regime_detection.py; src/pytimetk/finance/roc.py; src/pytimetk/finance/rolling_risk_metrics.py; src/pytimetk/finance/rsi.py; src/pytimetk/finance/stochastic_oscillator.py; src/pytimetk/plot/plot_anomalies.py; src/pytimetk/plot/plot_anomalies_cleaned.py; src/pytimetk/plot/plot_anomalies_decomp.py; src/pytimetk/plot/plot_timeseries.py; src/pytimetk/utils/memory_helpers.py; src/pytimetk/utils/pandas_helpers.py; src/pytimetk/utils/parallel_helpers.py,poetry.lock; pyproject.toml,,ubuntu-latest (3.9) - polars 1.2.0; ubuntu-latest (3.9) - polars latest,,ubuntu-latest (3.9) - polars 1.2.0 -> .github:18 — Process completed with exit code 1.; ubuntu-latest (3.9) - polars latest -> .github:18 — Process completed with exit code 1.,,
ab82a6a2b86a6725f487,2,https://github.com/business-science/pytimetk/actions/runs/18429461263,bec770d00f752660ef7e339d942121bde1684aba,2025-10-11T12:35:53Z,,,,ubuntu-latest (3.9) - polars 1.2.0; ubuntu-latest (3.9) - polars latest,,ubuntu-latest (3.9) - polars 1.2.0 -> .github:18 — Process completed with exit code 1.; ubuntu-latest (3.9) - polars latest -> .github:18 — Process completed with exit code 1.,,
bc9e097feec2510d96c7,1,https://github.com/business-science/pytimetk/actions/runs/18432979236,02a16cc761a79e0f76b1e4a0d9fda39a7168093d,2025-10-11T18:10:06Z,src/pytimetk/finance/adx.py; src/pytimetk/finance/atr.py; src/pytimetk/finance/cmo.py; src/pytimetk/finance/drawdown.py; src/pytimetk/finance/ewma_volatility.py; src/pytimetk/finance/fip_momentum.py; src/pytimetk/finance/hurst_exponent.py; src/pytimetk/finance/qsmomentum.py; src/pytimetk/finance/regime_detection.py; src/pytimetk/finance/rolling_risk_metrics.py; src/pytimetk/finance/stochastic_oscillator.py; tests/finance/test_drawdown.py; tests/finance/test_regime_detection.py; tests/finance/test_stochastic_oscillator.py,,,ubuntu-latest (3.9) - polars 1.2.0,,ubuntu-latest (3.9) - polars 1.2.0 -> .github:1559 — Process completed with exit code 1.,,
bc9e097feec2510d96c7,2,https://github.com/business-science/pytimetk/actions/runs/18433002908,8a14c7d98841774e0f222ad25c2c7cc4f433862d,2025-10-11T18:12:07Z,src/pytimetk/finance/cmo.py; src/pytimetk/finance/drawdown.py; src/pytimetk/finance/qsmomentum.py,,,ubuntu-latest (3.9) - polars 1.2.0,,ubuntu-latest (3.9) - polars 1.2.0 -> .github:1559 — Process completed with exit code 1.,,
bc9e097feec2510d96c7,3,https://github.com/business-science/pytimetk/actions/runs/18433160961,d378e2e1cea3aba4972d4702d27b38c483ffa04b,2025-10-11T18:25:56Z,src/pytimetk/__init__.py; src/pytimetk/polars_namespace.py; tests/conftest.py; tests/finance/test_polars_namespace.py,,,ubuntu-latest (3.9) - polars 1.2.0,,ubuntu-latest (3.9) - polars 1.2.0 -> .github:1712 — Process completed with exit code 1.,,
bc9e097feec2510d96c7,4,https://github.com/business-science/pytimetk/actions/runs/18433251029,2dc166ce4476fdd94d01f839da2619183699ee64,2025-10-11T18:34:12Z,src/pytimetk/finance/adx.py; src/pytimetk/finance/bbands.py; src/pytimetk/finance/cmo.py; src/pytimetk/finance/drawdown.py; src/pytimetk/finance/ewma_volatility.py; src/pytimetk/finance/fip_momentum.py; src/pytimetk/finance/hurst_exponent.py; src/pytimetk/finance/macd.py; src/pytimetk/finance/qsmomentum.py; src/pytimetk/finance/regime_detection.py; src/pytimetk/finance/rolling_risk_metrics.py; src/pytimetk/finance/stochastic_oscillator.py,,,ubuntu-latest (3.9) - polars 1.2.0,,ubuntu-latest (3.9) - polars 1.2.0 -> .github:1712 — Process completed with exit code 1.,,
bc9e097feec2510d96c7,5,https://github.com/business-science/pytimetk/actions/runs/18436370583,d80c2fe3bdf6baad35660b8e6d1a965855a5aed3,2025-10-12T00:01:46Z,src/pytimetk/finance/qsmomentum.py; src/pytimetk/finance/regime_detection.py,,,ubuntu-latest (3.9) - polars 1.2.0,,ubuntu-latest (3.9) - polars 1.2.0 -> .github:1712 — Process completed with exit code 1.,,
bc9e097feec2510d96c7,6,https://github.com/business-science/pytimetk/actions/runs/18436530444,e5ebbf7650729c49482c279a2a2a08ef4e31d717,2025-10-12T00:15:53Z,src/pytimetk/finance/adx.py; src/pytimetk/finance/atr.py; src/pytimetk/finance/ppo.py; src/pytimetk/finance/roc.py; src/pytimetk/finance/rsi.py,,,ubuntu-latest (3.9) - polars 1.2.0,,ubuntu-latest (3.9) - polars 1.2.0 -> .github:1712 — Process completed with exit code 1.,,
bc9e097feec2510d96c7,7,https://github.com/business-science/pytimetk/actions/runs/18436755061,b62afeff44234fd4000f22a9042aa9a494b3ab32,2025-10-12T00:35:59Z,src/pytimetk/feature_engineering/diffs.py; src/pytimetk/feature_engineering/ewm.py; src/pytimetk/feature_engineering/lags.py; src/pytimetk/feature_engineering/pct_change.py; src/pytimetk/feature_engineering/spline.py; src/pytimetk/finance/atr.py; src/pytimetk/finance/ppo.py; src/pytimetk/finance/roc.py; src/pytimetk/finance/rsi.py; src/pytimetk/polars_namespace.py,,,ubuntu-latest (3.9) - polars 1.2.0,,ubuntu-latest (3.9) - polars 1.2.0 -> .github:1712 — Process completed with exit code 1.,,
bc9e097feec2510d96c7,8,https://github.com/business-science/pytimetk/actions/runs/18442726139,f990bfff25ca9c847300e3d6a2781ac690330c2d,2025-10-12T10:29:30Z,src/pytimetk/feature_engineering/expanding.py; src/pytimetk/feature_engineering/expanding_apply.py; src/pytimetk/feature_engineering/hilbert.py; src/pytimetk/feature_engineering/rolling.py; src/pytimetk/feature_engineering/rolling_apply.py; src/pytimetk/feature_engineering/wavelet.py; src/pytimetk/polars_namespace.py,,,ubuntu-latest (3.9) - polars 1.2.0,,ubuntu-latest (3.9) - polars 1.2.0 -> .github:1966 — Process completed with exit code 1.,,
bc9e097feec2510d96c7,9,https://github.com/business-science/pytimetk/actions/runs/18442940264,a5303f03d63553720ab0842e751fe860452ec847,2025-10-12T10:50:52Z,src/pytimetk/feature_engineering/fourier.py; src/pytimetk/feature_engineering/holiday_signature.py; src/pytimetk/feature_engineering/timeseries_signature.py,,,ubuntu-latest (3.9) - polars 1.2.0,,ubuntu-latest (3.9) - polars 1.2.0 -> .github:1966 — Process completed with exit code 1.,,
bc9e097feec2510d96c7,10,https://github.com/business-science/pytimetk/actions/runs/18443037986,6dd0ba625f43ac35452c7efefd0969a510e756a3,2025-10-12T11:02:10Z,src/pytimetk/feature_engineering/hilbert.py; tests/feature_engineering/test_hilbert.py,,,ubuntu-latest (3.9) - polars 1.2.0,,ubuntu-latest (3.9) - polars 1.2.0 -> .github:1967 — Process completed with exit code 1.,,
bc9e097feec2510d96c7,11,https://github.com/business-science/pytimetk/actions/runs/18443216407,5237d1e2eda3e455be5ba8e476e065d8f87b0689,2025-10-12T11:17:43Z,src/pytimetk/feature_engineering/ewm.py; tests/feature_engineering/test_ewm.py,,,ubuntu-latest (3.9) - polars 1.2.0,,ubuntu-latest (3.9) - polars 1.2.0 -> .github:1969 — Process completed with exit code 1.,,
bc9e097feec2510d96c7,12,https://github.com/business-science/pytimetk/actions/runs/18443262603,3d1226998d6ac4f566722700dae8616720e73ed8,2025-10-12T11:21:52Z,,,,ubuntu-latest (3.9) - polars 1.2.0,,ubuntu-latest (3.9) - polars 1.2.0 -> .github:1969 — Process completed with exit code 1.,,
bc9e097feec2510d96c7,13,https://github.com/business-science/pytimetk/actions/runs/18443465787,ea80367f9436ff5b8e0f1822cb73071682f86b8c,2025-10-12T11:42:32Z,src/pytimetk/feature_engineering/wavelet.py; src/pytimetk/polars_namespace.py; tests/core/test_holiday_signature.py; tests/feature_engineering/test_ewm.py; tests/feature_engineering/test_fourier.py; tests/feature_engineering/test_timeseries_signature.py; tests/feature_engineering/test_wavelet.py,,,ubuntu-latest (3.9) - polars 1.2.0,,ubuntu-latest (3.9) - polars 1.2.0 -> .github:1978 — Process completed with exit code 1.,,
bc9e097feec2510d96c7,14,https://github.com/business-science/pytimetk/actions/runs/18443613242,9a16f7bc75bda801a35f03b4dba95d1c59895368,2025-10-12T12:00:30Z,tests/feature_engineering/test_docstring_examples.py; tests/finance/test_docstring_examples.py,,,ubuntu-latest (3.9) - polars 1.2.0,,ubuntu-latest (3.9) - polars 1.2.0 -> .github:2342 — Process completed with exit code 1.,,
bc9e097feec2510d96c7,15,https://github.com/business-science/pytimetk/actions/runs/18443774425,79b8c287eae847d2ee0124d8dcffe311b4e5e94f,2025-10-12T12:14:17Z,src/pytimetk/core/make_timeseries_sequence.py; tests/core/test_make_timeseries_sequence.py,,,ubuntu-latest (3.9) - polars 1.2.0,,ubuntu-latest (3.9) - polars 1.2.0 -> .github:2347 — Process completed with exit code 1.,,
bc9e097feec2510d96c7,16,https://github.com/business-science/pytimetk/actions/runs/18444123586,7156ac83d3be691dc5d9d7d1f92a60228ee185a1,2025-10-12T12:45:23Z,src/pytimetk/feature_engineering/expanding_apply.py; src/pytimetk/feature_engineering/timeseries_signature.py; tests/feature_engineering/test_expanding_apply.py,,,ubuntu-latest (3.9) - polars 1.2.0,,ubuntu-latest (3.9) - polars 1.2.0 -> .github:2352 — Process completed with exit code 1.,,
bc9e097feec2510d96c7,17,https://github.com/business-science/pytimetk/actions/runs/18444225207,5fb50262eda932e3bd72590252a05a1b6e5ae2d0,2025-10-12T12:54:36Z,src/pytimetk/core/ts_summary.py; src/pytimetk/polars_namespace.py; tests/core/test_ts_summary.py,,,ubuntu-latest (3.9) - polars 1.2.0,,ubuntu-latest (3.9) - polars 1.2.0 -> .github:2354 — Process completed with exit code 1.,,
bc9e097feec2510d96c7,18,https://github.com/business-science/pytimetk/actions/runs/18445888073,20a08620dca3e5e9137724b1207b396a3c5acd7b,2025-10-12T15:25:15Z,src/pytimetk/core/anomalize.py; src/pytimetk/core/apply_by_time.py; src/pytimetk/core/correlationfunnel.py; src/pytimetk/core/future.py; src/pytimetk/core/pad.py; src/pytimetk/core/ts_features.py; src/pytimetk/polars_namespace.py; src/pytimetk/utils/dataframe_ops.py; tests/core/test_anomalize.py; tests/core/test_apply_by_time.py; tests/core/test_correlationfunnel.py; tests/core/test_future_frame.py; tests/core/test_pad_by_time.py; tests/core/test_ts_features.py,,,ubuntu-latest (3.9) - polars 1.2.0,,ubuntu-latest (3.9) - polars 1.2.0 -> .github:2369 — Process completed with exit code 1.,,
bc9e097feec2510d96c7,19,https://github.com/business-science/pytimetk/actions/runs/18446175894,ad581d7fc36f498360034450f8cf45f5bc682b4e,2025-10-12T15:52:55Z,src/pytimetk/plot/plot_timeseries.py; src/pytimetk/polars_namespace.py; tests/plot/test_anomalies_plots.py; tests/plot/test_plot_correlation_funnel.py; tests/plot/test_plot_timeseries.py,,,ubuntu-latest (3.9) - polars 1.2.0,,ubuntu-latest (3.9) - polars 1.2.0 -> .github:2382 — Process completed with exit code 1.,,
bc9e097feec2510d96c7,20,https://github.com/business-science/pytimetk/actions/runs/18446230598,a6254d6d3c985112ac4b476fb5422cdb5b477244,2025-10-12T15:59:49Z,src/pytimetk/plot/plot_anomalies.py; src/pytimetk/plot/plot_anomalies_cleaned.py; src/pytimetk/plot/plot_anomalies_decomp.py; src/pytimetk/plot/plot_correlation_funnel.py,,,ubuntu-latest (3.9) - polars 1.2.0,,ubuntu-latest (3.9) - polars 1.2.0 -> .github:2382 — Process completed with exit code 1.,,
bc9e097feec2510d96c7,21,https://github.com/business-science/pytimetk/actions/runs/18446301308,7a756b1f57501b874742ca612597516b4019006d,2025-10-12T16:05:19Z,,,,ubuntu-latest (3.9) - polars 1.2.0,,ubuntu-latest (3.9) - polars 1.2.0 -> .github:2382 — Process completed with exit code 1.,,
bc9e097feec2510d96c7,22,https://github.com/business-science/pytimetk/actions/runs/18447421916,8f5b3937ba1e2b113b90999fd275d265e43c2a96,2025-10-12T17:48:25Z,src/pytimetk/core/frequency.py; src/pytimetk/feature_engineering/expanding_apply.py; src/pytimetk/utils/dataframe_ops.py,,,ubuntu-latest (3.9) - polars 1.2.0,,ubuntu-latest (3.9) - polars 1.2.0 -> .github:2355 — Process completed with exit code 1.,,
bc9e097feec2510d96c7,23,https://github.com/business-science/pytimetk/actions/runs/18451354599,3a92c52c55cf9ffc3eb38440efdd885b8752d0c4,2025-10-13T00:04:29Z,src/pytimetk/__init__.py; src/pytimetk/feature_store/__init__.py; src/pytimetk/feature_store/store.py; src/pytimetk/polars_namespace.py; tests/feature_store/test_feature_store.py,,,ubuntu-latest (3.9) - polars 1.2.0,,ubuntu-latest (3.9) - polars 1.2.0 -> .github:2359 — Process completed with exit code 1.,,
bc9e097feec2510d96c7,24,https://github.com/business-science/pytimetk/actions/runs/18451444629,b3c9bcbe5dde49fc9f3916165cf5a82a12045cf8,2025-10-13T00:10:55Z,,,,ubuntu-latest (3.9) - polars 1.2.0,,ubuntu-latest (3.9) - polars 1.2.0 -> .github:2359 — Process completed with exit code 1.,,
bc9e097feec2510d96c7,25,https://github.com/business-science/pytimetk/actions/runs/18451779993,0b77bd5387bea764ce1d88b9042888b6a33fb2d4,2025-10-13T00:32:54Z,,,,ubuntu-latest (3.9) - polars 1.2.0,,ubuntu-latest (3.9) - polars 1.2.0 -> .github:2359 — Process completed with exit code 1.,,
bc9e097feec2510d96c7,26,https://github.com/business-science/pytimetk/actions/runs/18452072094,92aa01614c8e080ea4275b83ee7d8466bf14eb11,2025-10-13T00:54:31Z,,,,ubuntu-latest (3.9) - polars 1.2.0,,ubuntu-latest (3.9) - polars 1.2.0 -> .github:2360 — Process completed with exit code 1.,,
bc9e097feec2510d96c7,27,https://github.com/business-science/pytimetk/actions/runs/18452111403,382bedfda61b1fb7b7b25eef21fc33d571505990,2025-10-13T00:57:52Z,,,,ubuntu-latest (3.9) - polars 1.2.0,,ubuntu-latest (3.9) - polars 1.2.0 -> .github:2360 — Process completed with exit code 1.,,
bc9e097feec2510d96c7,28,https://github.com/business-science/pytimetk/actions/runs/18452204332,73b6203352ad44cb27f4d09350992b23a637ea67,2025-10-13T01:04:28Z,,,,ubuntu-latest (3.9) - polars 1.2.0,,ubuntu-latest (3.9) - polars 1.2.0 -> .github:2360 — Process completed with exit code 1.,,
bc9e097feec2510d96c7,29,https://github.com/business-science/pytimetk/actions/runs/18452725333,a66ceaf99134b32165ea027676745bcd8b8e7604,2025-10-13T01:40:43Z,,,,ubuntu-latest (3.9) - polars 1.2.0,,ubuntu-latest (3.9) - polars 1.2.0 -> .github:2360 — Process completed with exit code 1.,,
bc9e097feec2510d96c7,30,https://github.com/business-science/pytimetk/actions/runs/18466932391,70e8a975ce432c68e9dfdef2ca7c16c3ecce1b06,2025-10-13T13:12:33Z,,,,ubuntu-latest (3.9) - polars 1.2.0,,ubuntu-latest (3.9) - polars 1.2.0 -> .github:2360 — Process completed with exit code 1.,,
8e5a8acd8eb61f87a396,1,https://github.com/business-science/pytimetk/actions/runs/18561966987,f318361c912a126b69f7b9f3f51f104dfcdacdc4,2025-10-16T12:55:22Z,,,,ubuntu-latest (3.9) - polars 1.2.0; ubuntu-latest (3.9) - polars latest,,ubuntu-latest (3.9) - polars 1.2.0 -> .github:18 — Process completed with exit code 1.; ubuntu-latest (3.9) - polars latest -> .github:18 — Process completed with exit code 1.,,
3bc78d69a5cd46433a4c,1,https://github.com/business-science/pytimetk/actions/runs/18615290936,b7414a3156b6e2a9ebb1353fce2b4afdf86f43cc,2025-10-18T11:57:23Z,src/pytimetk/polars_namespace.py,,,ubuntu-latest (3.9) - polars 1.2.0; ubuntu-latest (3.9) - polars latest,,ubuntu-latest (3.9) - polars 1.2.0 -> .github:489 — Process completed with exit code 1.; ubuntu-latest (3.9) - polars latest -> .github:489 — Process completed with exit code 1.,,
0f5e0cf857651efe3d57,1,https://github.com/business-science/pytimetk/actions/runs/19171017120,c703dfaf39b41b6c1c5ad7d4f29a1a02bcac41d8,2025-11-07T14:14:55Z,,,,ubuntu-latest (3.9) - polars 1.2.0; ubuntu-latest (3.9) - polars latest,,ubuntu-latest (3.9) - polars 1.2.0 -> .github:190 — Process completed with exit code 2.; ubuntu-latest (3.9) - polars latest -> .github:190 — Process completed with exit code 2.,,
a81d2e5c483fa0efa8e2,1,https://github.com/business-science/pytimetk/actions/runs/19174397383,0434b3702af828e8f8321a402a6e35c099525515,2025-11-07T16:21:17Z,src/pytimetk/finance/regime_detection.py; tests/finance/test_regime_detection.py,pyproject.toml,,ubuntu-latest (3.9) - polars 1.2.0; ubuntu-latest (3.9) - polars latest,,ubuntu-latest (3.9) - polars 1.2.0 -> .github:18 — Process completed with exit code 1.; ubuntu-latest (3.9) - polars latest -> .github:18 — Process completed with exit code 1.,,
a81d2e5c483fa0efa8e2,2,https://github.com/business-science/pytimetk/actions/runs/19179627533,2483e72908748239ccf3f769e1801072615c260d,2025-11-07T19:55:37Z,src/pytimetk/feature_engineering/hilbert.py; tests/feature_engineering/test_hilbert.py,,,ubuntu-latest (3.9) - polars 1.2.0; ubuntu-latest (3.9) - polars latest,,ubuntu-latest (3.9) - polars 1.2.0 -> .github:18 — Process completed with exit code 1.; ubuntu-latest (3.9) - polars latest -> .github:18 — Process completed with exit code 1.,,
a81d2e5c483fa0efa8e2,3,https://github.com/business-science/pytimetk/actions/runs/19179991114,121755861942cbefccea282fba07c79b5906f6d9,2025-11-07T20:11:34Z,src/pytimetk/feature_engineering/fourier.py; src/pytimetk/feature_engineering/hilbert.py; src/pytimetk/feature_engineering/wavelet.py; tests/feature_engineering/test_fourier.py; tests/feature_engineering/test_wavelet.py,,,ubuntu-latest (3.9) - polars 1.2.0; ubuntu-latest (3.9) - polars latest,,ubuntu-latest (3.9) - polars 1.2.0 -> .github:18 — Process completed with exit code 1.; ubuntu-latest (3.9) - polars latest -> .github:18 — Process completed with exit code 1.,,
a81d2e5c483fa0efa8e2,4,https://github.com/business-science/pytimetk/actions/runs/19180265710,cb1ff1c562853d4d124531475b589982bc1a9634,2025-11-07T20:22:51Z,src/pytimetk/core/acf_diagnostics.py; src/pytimetk/finance/regime_detection.py; src/pytimetk/plot/plot_acf_diagnostics.py,,,ubuntu-latest (3.9) - polars 1.2.0; ubuntu-latest (3.9) - polars latest,,ubuntu-latest (3.9) - polars 1.2.0 -> .github:18 — Process completed with exit code 1.; ubuntu-latest (3.9) - polars latest -> .github:18 — Process completed with exit code 1.,,
a81d2e5c483fa0efa8e2,5,https://github.com/business-science/pytimetk/actions/runs/19181715642,d732ff0a04ad2b1a42818fc60f7ce4068e0fafa2,2025-11-07T21:28:15Z,src/pytimetk/finance/regime_detection.py,pyproject.toml,,ubuntu-latest (3.9) - polars 1.2.0; ubuntu-latest (3.9) - polars latest,,ubuntu-latest (3.9) - polars 1.2.0 -> .github:18 — Process completed with exit code 1.; ubuntu-latest (3.9) - polars latest -> .github:18 — Process completed with exit code 1.,,
a81d2e5c483fa0efa8e2,6,https://github.com/business-science/pytimetk/actions/runs/19181812862,81066a83769c2ad571bbd4c4d9ed36604fc4c516,2025-11-07T21:32:35Z,src/pytimetk/finance/regime_detection.py,,,ubuntu-latest (3.9) - polars 1.2.0; ubuntu-latest (3.9) - polars latest,,ubuntu-latest (3.9) - polars 1.2.0 -> .github:18 — Process completed with exit code 1.; ubuntu-latest (3.9) - polars latest -> .github:18 — Process completed with exit code 1.,,
a81d2e5c483fa0efa8e2,7,https://github.com/business-science/pytimetk/actions/runs/19181883928,cfc738b8142e52b92dcbc5553540ba785a3dacb3,2025-11-07T21:35:54Z,src/pytimetk/core/seasonal_diagnostics.py; src/pytimetk/finance/regime_detection.py; tests/core/test_seasonal_diagnostics.py,,,ubuntu-latest (3.9) - polars 1.2.0; ubuntu-latest (3.9) - polars latest,,ubuntu-latest (3.9) - polars 1.2.0 -> .github:18 — Process completed with exit code 1.; ubuntu-latest (3.9) - polars latest -> .github:18 — Process completed with exit code 1.,,
a81d2e5c483fa0efa8e2,8,https://github.com/business-science/pytimetk/actions/runs/19182063085,ef537249b3297d1e05e80bd253726451be0b2439,2025-11-07T21:44:54Z,,,,ubuntu-latest (3.9) - polars 1.2.0; ubuntu-latest (3.9) - polars latest,,ubuntu-latest (3.9) - polars 1.2.0 -> .github:18 — Process completed with exit code 1.; ubuntu-latest (3.9) - polars latest -> .github:18 — Process completed with exit code 1.,,
a81d2e5c483fa0efa8e2,9,https://github.com/business-science/pytimetk/actions/runs/19182161978,afaf342cb8f729b14d66c980eea9705a8f82bc65,2025-11-07T21:50:00Z,src/pytimetk/plot/plot_timeseries.py,,,ubuntu-latest (3.9) - polars 1.2.0; ubuntu-latest (3.9) - polars latest,,ubuntu-latest (3.9) - polars 1.2.0 -> .github:18 — Process completed with exit code 1.; ubuntu-latest (3.9) - polars latest -> .github:18 — Process completed with exit code 1.,,
a81d2e5c483fa0efa8e2,10,https://github.com/business-science/pytimetk/actions/runs/19182239829,92fdddbdbbe4d857f3b1dcfd2a288153dce89288,2025-11-07T21:54:01Z,src/pytimetk/plot/plot_timeseries.py,,,ubuntu-latest (3.9) - polars 1.2.0; ubuntu-latest (3.9) - polars latest,,ubuntu-latest (3.9) - polars 1.2.0 -> .github:18 — Process completed with exit code 1.; ubuntu-latest (3.9) - polars latest -> .github:18 — Process completed with exit code 1.,,
a81d2e5c483fa0efa8e2,11,https://github.com/business-science/pytimetk/actions/runs/19182756688,8b9b044434ff770556f0c8374430353d5188dcab,2025-11-07T22:18:58Z,src/pytimetk/core/seasonal_diagnostics.py; src/pytimetk/feature_engineering/wavelet.py,poetry.lock,,ubuntu-latest (3.9) - polars 1.2.0; ubuntu-latest (3.9) - polars latest,,ubuntu-latest (3.9) - polars 1.2.0 -> .github:208 — Process completed with exit code 1.; ubuntu-latest (3.9) - polars latest -> .github:208 — Process completed with exit code 1.,,
a3458fac5eeb98dec8ae,1,https://github.com/business-science/pytimetk/actions/runs/19720458757,935d9ed0113c83778453f144546bcf420b99d83d,2025-11-26T23:37:52Z,,pyproject.toml,,ubuntu-latest (3.9) - polars latest,,ubuntu-latest (3.9) - polars latest -> .github:66 — Process completed with exit code 1.,,
f3ec0818e76d8a3f8dea,1,https://github.com/business-science/pytimetk/actions/runs/21553243173,51491ec325e660ee8f2ef91a91686346492ec7eb,2026-02-01T00:14:05Z,,.github/workflows/pandas-checks.yaml; .github/workflows/polars-checks.yaml; .github/workflows/timetk-checks.yaml,,ubuntu-latest (3.9) - polars latest,,ubuntu-latest (3.9) - polars latest -> .github:150 — Process completed with exit code 1.,,
f3ec0818e76d8a3f8dea,2,https://github.com/business-science/pytimetk/actions/runs/22532051661,51491ec325e660ee8f2ef91a91686346492ec7eb,2026-03-01T00:13:26Z,,.github/workflows/pandas-checks.yaml; .github/workflows/polars-checks.yaml; .github/workflows/timetk-checks.yaml,,ubuntu-latest (3.9) - polars latest,,ubuntu-latest (3.9) - polars latest -> .github:150 — Process completed with exit code 1.,,
f3ec0818e76d8a3f8dea,3,https://github.com/business-science/pytimetk/actions/runs/23762434611,738f0dc73937e878d6d077a000ba000e26f2b788,2026-03-30T19:02:18Z,,.github/workflows/pandas-checks.yaml; .github/workflows/polars-checks.yaml; .github/workflows/timetk-checks.yaml; poetry.lock; pyproject.toml,,ubuntu-latest (3.9) - polars latest,ubuntu-latest (3.9) - polars latest -> Install package,ubuntu-latest (3.9) - polars latest -> .github:147 — Process completed with exit code 1.,,
f3ec0818e76d8a3f8dea,4,https://github.com/business-science/pytimetk/actions/runs/23762457858,68321d3f5d9613482ad0375fc870d7234bf04caf,2026-03-30T19:02:50Z,,,,ubuntu-latest (3.9) - polars latest,ubuntu-latest (3.9) - polars latest -> Install package,ubuntu-latest (3.9) - polars latest -> .github:147 — Process completed with exit code 1.,,
eb0bfca54a01a14841fb,1,https://github.com/business-science/pytimetk/actions/runs/31023799120,90b72c4737d1535b1be82675416dbdb25a9996d7,2026-08-05T16:08:14Z,src/pytimetk/finance/adx.py; src/pytimetk/finance/atr.py; src/pytimetk/finance/bbands.py; src/pytimetk/finance/ewma_volatility.py; src/pytimetk/finance/hurst_exponent.py; src/pytimetk/finance/rolling_risk_metrics.py; src/pytimetk/finance/rsi.py; tests/finance/test_finance_backend_regressions.py; tests/finance/test_rolling_risk_metrics.py,,,ubuntu-latest (3.9) - polars 1.2.0,ubuntu-latest (3.9) - polars 1.2.0 -> Test with pytest,ubuntu-latest (3.9) - polars 1.2.0 -> Process completed with exit code 1.,,
eb0bfca54a01a14841fb,2,https://github.com/business-science/pytimetk/actions/runs/31023921640,c50126029dbe3a49d900e2d41e9c98f9ea7d7a11,2026-08-05T16:09:46Z,,,,ubuntu-latest (3.9) - polars 1.2.0,ubuntu-latest (3.9) - polars 1.2.0 -> Test with pytest,ubuntu-latest (3.9) - polars 1.2.0 -> Process completed with exit code 1.,,
eb0bfca54a01a14841fb,3,https://github.com/business-science/pytimetk/actions/runs/31024437984,460e032315b8612b59016eb6cbb51135601d186c,2026-08-05T16:15:59Z,,pyproject.toml,,ubuntu-latest (3.9) - polars 1.2.0,ubuntu-latest (3.9) - polars 1.2.0 -> Test with pytest,ubuntu-latest (3.9) - polars 1.2.0 -> Process completed with exit code 1.,,
3f490cca8268b9b0fcc3,1,https://github.com/deepdoctection/deepdoctection/actions/runs/31117986748,6087ecf01e2e78c377203c656b4e75fb1d8e5c37,2026-08-06T15:56:12Z,packages/dd_core/src/dd_core/__init__.py; packages/dd_core/src/dd_core/datapoint/annotation.py; packages/dd_core/tests/datapoint/annotation/test_ann_cont.py; packages/dd_datasets/src/dd_datasets/__init__.py; packages/deepdoctection/src/deepdoctection/__init__.py,docker/gpu/Dockerfile; packages/dd_core/pyproject.toml; packages/dd_datasets/pyproject.toml; packages/deepdoctection/pyproject.toml,,,,,,
ea3f4b47d3b0749b4211,1,https://github.com/deepdoctection/deepdoctection/actions/runs/20318420271,f274a9d0f868c55b10994315bf92e06f3b2073ca,2025-12-17T21:52:38Z,,.github/workflows/test_package.yml,,3.11-pt,,3.11-pt -> .github:2376 — Process completed with exit code 2.,,
d4bd11af36f1830b29f9,1,https://github.com/deepdoctection/deepdoctection/actions/runs/20753241667,65e7d42d03f1e7df875881e8ee54b3b59df41eec,2026-01-06T15:35:23Z,packages/dd_core/src/dd_core/__init__.py; packages/dd_core/src/dd_core/datapoint/annotation.py; packages/dd_core/src/dd_core/datapoint/image.py; packages/dd_datasets/src/dd_datasets/__init__.py; packages/deepdoctection/src/deepdoctection/__init__.py,packages/dd_core/pyproject.toml; packages/dd_datasets/pyproject.toml; packages/deepdoctection/pyproject.toml,,py310-deepdoctection-slow; py312-deepdoctection-full,,py310-deepdoctection-slow -> .github:86 — Process completed with exit code 2.; py312-deepdoctection-full -> .github:82 — Process completed with exit code 2.,,
41810369024ade4e068c,1,https://github.com/deepdoctection/deepdoctection/actions/runs/20552917123,8a11c0a234b69afdfab3f89b0e5cb44264e8711b,2025-12-28T11:09:36Z,packages/dd_core/src/dd_core/datapoint/view.py; packages/deepdoctection/tests/extern/test_hflm_integration.py; packages/deepdoctection/tests/extern/test_layoutlm_integration.py,.github/workflows/docker.yaml,,py310-deepdoctection-test,,py310-deepdoctection-test -> .github:70 — Process completed with exit code 2.,,
4f639b0937ebdbb3c469,1,https://github.com/deepdoctection/deepdoctection/actions/runs/21510912885,330c1aa2da2b84da782fc3f41eb4eba04158620b,2026-01-30T09:25:24Z,packages/dd_core/src/dd_core/datapoint/annotation.py; packages/dd_core/src/dd_core/datapoint/view.py; packages/dd_core/tests/datapoint/annotation/test_ann_cont.py,,,py312-all-test-full; py312-core-test,,py312-all-test-full -> .github:349 — Process completed with exit code 2.; py312-core-test -> .github:182 — Process completed with exit code 2.,,
4f639b0937ebdbb3c469,2,https://github.com/deepdoctection/deepdoctection/actions/runs/21523160345,35dbfd113771413fdab6f0a1db040730352bff83,2026-01-30T16:37:37Z,packages/dd_core/src/dd_core/datapoint/annotation.py; packages/dd_core/tests/datapoint/annotation/test_ann_cont.py,packages/pyproject.toml,,py310-all-test-full; py312-core-test,,py310-all-test-full -> .github:350 — Process completed with exit code 2.; py312-core-test -> .github:184 — Process completed with exit code 2.,,
77d9c9b4c2205358abd3,1,https://github.com/deepdoctection/deepdoctection/actions/runs/23763670579,7ade9875ad5349a21ba20921c51f412e50ad1210,2026-03-30T19:31:40Z,packages/dd_core/src/dd_core/__init__.py; packages/dd_core/src/dd_core/datapoint/annotation.py; packages/dd_core/src/dd_core/datapoint/view.py; packages/dd_core/src/dd_core/doc.py; packages/dd_core/tests/datapoint/annotation/test_ann_misc.py; packages/dd_core/tests/test_doc.py; packages/dd_datasets/src/dd_datasets/__init__.py; packages/deepdoctection/src/deepdoctection/__init__.py; packages/deepdoctection/src/deepdoctection/pipe/anngen.py; packages/deepdoctection/src/deepdoctection/pipe/refine.py; packages/deepdoctection/tests/pipe/test_refine.py,docker/gpu/Dockerfile; packages/dd_core/pyproject.toml; packages/dd_datasets/pyproject.toml; packages/deepdoctection/pyproject.toml; packages/pyproject.toml,,py310-all-test-full; py310-core-test,py310-all-test-full -> Run tox via make; py310-core-test -> Run tox via make,py310-all-test-full -> .github:790 — Process completed with exit code 2.; py310-core-test -> .github:623 — Process completed with exit code 2.,,
8e935e9528088c6d9e61,1,https://github.com/deepdoctection/deepdoctection/actions/runs/16441355505,1ec1fd0a13518d73815ef7eb70d7b02d7f697e5f,2025-07-22T10:13:56Z,deepdoctection/__init__.py; deepdoctection/analyzer/config.py; deepdoctection/datapoint/view.py; deepdoctection/extern/model.py,,,,,,,
8b429134324dbf0e4774,1,https://github.com/deepdoctection/deepdoctection/actions/runs/20753241655,65e7d42d03f1e7df875881e8ee54b3b59df41eec,2026-01-06T15:35:23Z,packages/dd_core/src/dd_core/__init__.py; packages/dd_core/src/dd_core/datapoint/annotation.py; packages/dd_core/src/dd_core/datapoint/image.py; packages/dd_datasets/src/dd_datasets/__init__.py; packages/deepdoctection/src/deepdoctection/__init__.py,packages/dd_core/pyproject.toml; packages/dd_datasets/pyproject.toml; packages/deepdoctection/pyproject.toml,,"check-lint-and-format (ubuntu-latest, 3.10, 25.3, 4.32.0)",,"check-lint-and-format (ubuntu-latest, 3.10, 25.3, 4.32.0) -> .github:26 — Process completed with exit code 2.",,
8b429134324dbf0e4774,2,https://github.com/deepdoctection/deepdoctection/actions/runs/20753361448,7ce96467deb964046476411a91f14c9ffa504fcb,2026-01-06T15:39:39Z,,packages/deepdoctection/pyproject.toml,,"check-lint-and-format (ubuntu-latest, 3.10, 25.3, 4.32.0)",,"check-lint-and-format (ubuntu-latest, 3.10, 25.3, 4.32.0) -> .github:26 — Process completed with exit code 2.",,
204897a8d2c3c54179fa,1,https://github.com/deepdoctection/deepdoctection/actions/runs/20777122851,ac65b6b8ae81e52f587740d56968ffb17d02c1c4,2026-01-07T09:41:15Z,packages/dd_core/src/dd_core/__init__.py; packages/dd_core/src/dd_core/datapoint/view.py; packages/dd_datasets/src/dd_datasets/__init__.py; packages/deepdoctection/src/deepdoctection/__init__.py,.github/workflows/docker.yaml; docker/gpu/Dockerfile; packages/dd_core/pyproject.toml; packages/dd_datasets/pyproject.toml; packages/deepdoctection/pyproject.toml,,"analyze (ubuntu-latest, 3.10, 25.3, 4.32.0)",,"analyze (ubuntu-latest, 3.10, 25.3, 4.32.0) -> .github:24 — Process completed with exit code 2.",,
a5f7ed6ac04bffa7fb4f,1,https://github.com/deepdoctection/deepdoctection/actions/runs/20809800258,77c54baeb0e29cc9ab06c1c692e5f69c6f553f24,2026-01-08T08:00:34Z,packages/dd_core/src/dd_core/__init__.py; packages/dd_core/src/dd_core/datapoint/annotation.py; packages/dd_datasets/src/dd_datasets/__init__.py; packages/deepdoctection/src/deepdoctection/__init__.py,docker/gpu/Dockerfile; packages/dd_core/pyproject.toml; packages/dd_datasets/pyproject.toml; packages/deepdoctection/pyproject.toml,,"check-lint-and-format (ubuntu-latest, 3.10, 25.3, 4.32.0)",,"check-lint-and-format (ubuntu-latest, 3.10, 25.3, 4.32.0) -> .github:26 — Process completed with exit code 2.",,
af97a7e6c5317afadcdb,1,https://github.com/deepdoctection/deepdoctection/actions/runs/23085656664,f3487e4935d0caa2996ce99ebfac1c0b315fe564,2026-03-14T09:56:52Z,packages/dd_core/src/dd_core/__init__.py; packages/dd_core/src/dd_core/doc.py; packages/dd_core/src/dd_core/utils/object_types.py; packages/dd_core/src/dd_core/utils/pdf_utils.py; packages/dd_core/tests/test_session_id_removal_integration.py; packages/dd_core/tests/utils/test_object_types.py; packages/dd_datasets/src/dd_datasets/__init__.py; packages/deepdoctection/src/deepdoctection/__init__.py,docker/gpu/Dockerfile; packages/dd_core/pyproject.toml; packages/dd_datasets/pyproject.toml; packages/deepdoctection/pyproject.toml,,"check-lint-and-format (ubuntu-latest, 3.10, 25.3, 4.32.0)",,"check-lint-and-format (ubuntu-latest, 3.10, 25.3, 4.32.0) -> .github:26 — Process completed with exit code 2.",,
3e9bbf546dbccd690bae,1,https://github.com/deepdoctection/deepdoctection/actions/runs/23789326097,e7a817e45357a8abd53151dfc8cd8c2c793b4362,2026-03-31T09:03:36Z,packages/dd_core/src/dd_core/__init__.py; packages/dd_core/src/dd_core/datapoint/__init__.py; packages/dd_core/src/dd_core/datapoint/image.py; packages/dd_core/src/dd_core/doc.py; packages/dd_core/tests/datapoint/image/test_image_extras.py; packages/dd_datasets/src/dd_datasets/__init__.py; packages/deepdoctection/src/deepdoctection/__init__.py; packages/deepdoctection/src/deepdoctection/pipe/anngen.py; packages/deepdoctection/tests/pipe/test_anngen.py,docker/gpu/Dockerfile; packages/dd_core/pyproject.toml; packages/dd_datasets/pyproject.toml; packages/deepdoctection/pyproject.toml; packages/pyproject.toml,,"check-lint-and-format (ubuntu-latest, 3.10, 25.3, 4.32.0)","check-lint-and-format (ubuntu-latest, 3.10, 25.3, 4.32.0) -> Run check-lint-and-format","check-lint-and-format (ubuntu-latest, 3.10, 25.3, 4.32.0) -> .github:34 — Process completed with exit code 2.",,
9a048e99c3304cd2e5e6,1,https://github.com/deepdoctection/deepdoctection/actions/runs/16594352234,954120960a07dec98e3f64ef9ae7fcab275e48c8,2025-07-29T11:07:28Z,tests/analyzer/test_dd.py,,,"lint (ubuntu-latest, 3.9, torch torchvision --extra-index-url https://download.pytorch.org/whl/cp...",,"lint (ubuntu-latest, 3.9, torch torchvision --extra-index-url https://download.pytorch.org/whl/cp... -> .github:20 — Process completed with exit code 2.",,
772cbedf3f0f81af796c,1,https://github.com/deepdoctection/deepdoctection/actions/runs/17693526491,e27725892335abc35f408194a0c14b67bce1f6ae,2025-09-13T07:25:59Z,deepdoctection/datapoint/box.py; deepdoctection/datapoint/view.py; deepdoctection/pipe/order.py; deepdoctection/pipe/text.py,,,"lint (ubuntu-latest, 3.9, torch torchvision --extra-index-url https://download.pytorch.org/whl/cp...; mypy (ubuntu-latest, 3.9, torch torchvision --extra-index-url https://download.pytorch.org/whl/cp...",,"lint (ubuntu-latest, 3.9, torch torchvision --extra-index-url https://download.pytorch.org/whl/cp... -> .github:16 — Process completed with exit code 2.; mypy (ubuntu-latest, 3.9, torch torchvision --extra-index-url https://download.pytorch.org/whl/cp... -> .github:19 — Process completed with exit code 2.",,
2086b5809917ed2642ad,1,https://github.com/deepdoctection/deepdoctection/actions/runs/17715780182,f65a7c1fc55ed75dc8cd3cc5580e58f6ed1e33ad,2025-09-14T19:39:34Z,deepdoctection/datapoint/image.py; deepdoctection/datapoint/view.py; deepdoctection/extern/base.py; deepdoctection/extern/tessocr.py; deepdoctection/pipe/text.py; deepdoctection/pipe/transform.py; deepdoctection/utils/logger.py; deepdoctection/utils/transform.py,,,"lint (ubuntu-latest, 3.9, torch torchvision --extra-index-url https://download.pytorch.org/whl/cp...; mypy (ubuntu-latest, 3.9, torch torchvision --extra-index-url https://download.pytorch.org/whl/cp...",,"lint (ubuntu-latest, 3.9, torch torchvision --extra-index-url https://download.pytorch.org/whl/cp... -> .github:16 — Process completed with exit code 2.; mypy (ubuntu-latest, 3.9, torch torchvision --extra-index-url https://download.pytorch.org/whl/cp... -> .github:20 — Process completed with exit code 2.",,
627259135ad6ba2a9f0c,1,https://github.com/deepdoctection/deepdoctection/actions/runs/20310193884,7ac934c3fb142da9804ddc333770c79b35bee263,2025-12-17T16:39:19Z,packages/dd_core/tests/datapoint/image/test_image_pdf.py; packages/deepdoctection/tests/extern/test_tessocr.py,.github/workflows/tests.yaml,,"check-lint-and-format (ubuntu-latest, 3.10, 25.3, 4.32.0)",,"check-lint-and-format (ubuntu-latest, 3.10, 25.3, 4.32.0) -> .github:26 — Process completed with exit code 2.",,
08d64e3f19a8430fcd31,1,https://github.com/deepdoctection/deepdoctection/actions/runs/22478828589,fddbee3de436598455cd514b896232897f14a2a8,2026-02-27T08:32:04Z,packages/dd_core/src/dd_core/doc.py; packages/dd_core/tests/test_doc.py,,,"check-lint-and-format (ubuntu-latest, 3.10, 25.3, 4.32.0)",,"check-lint-and-format (ubuntu-latest, 3.10, 25.3, 4.32.0) -> .github:26 — Process completed with exit code 2.",,
08d64e3f19a8430fcd31,2,https://github.com/deepdoctection/deepdoctection/actions/runs/22479830555,425140cf4761188716eb545f94b0a611dd8cae5c,2026-02-27T09:05:06Z,packages/dd_core/src/dd_core/utils/env_info.py; packages/dd_core/tests/test_doc.py,,,"check-lint-and-format (ubuntu-latest, 3.10, 25.3, 4.32.0)",,"check-lint-and-format (ubuntu-latest, 3.10, 25.3, 4.32.0) -> .github:26 — Process completed with exit code 2.",,
ad67ba6d0798d880c0b9,1,https://github.com/deepdoctection/deepdoctection/actions/runs/22818800563,001cd3e30fabcdb17cbb68a952006cafe371238e,2026-03-08T10:01:51Z,packages/dd_core/src/dd_core/__init__.py; packages/dd_core/src/dd_core/datapoint/annotation.py; packages/dd_core/src/dd_core/datapoint/image.py; packages/dd_core/src/dd_core/datapoint/view.py; packages/dd_core/src/dd_core/doc.py; packages/dd_core/tests/datapoint/annotation/test_ann_cat.py; packages/dd_core/tests/datapoint/annotation/test_session_id_backward_compat.py; packages/dd_core/tests/datapoint/view/test_image_annotation_base_view.py; packages/dd_core/tests/test_session_id_removal_integration.py; packages/dd_datasets/src/dd_datasets/__init__.py; packages/deepdoctection/src/deepdoctection/__init__.py; packages/deepdoctection/src/deepdoctection/pipe/anngen.py; packages/deepdoctection/src/deepdoctection/pipe/base.py; packages/deepdoctection/src/deepdoctection/pipe/doctectionpipe.py,docker/gpu/Dockerfile; packages/dd_core/pyproject.toml; packages/dd_datasets/pyproject.toml; packages/deepdoctection/pyproject.toml,,"check-lint-and-format (ubuntu-latest, 3.10, 25.3, 4.32.0)",,"check-lint-and-format (ubuntu-latest, 3.10, 25.3, 4.32.0) -> .github:26 — Process completed with exit code 2.",,
811bcc97e7f1320162d1,1,https://github.com/deepdoctection/deepdoctection/actions/runs/20753707068,4a20ae83cdd66e2002d1a173fb97301ff751cee2,2026-01-06T15:51:51Z,,docker/gpu/Dockerfile,,Build and push Docker image to Docker Hub,,"Build and push Docker image to Docker Hub -> .github:1181 — buildx failed with: ERROR: failed to build: failed to solve: process ""/bin/sh -c /bin/bash -c \""source $HOME/venv/bin/activate && uv pip install --no-cache-dir [full]==$DEEPDOCTECTION_VERSION && uv pip install --no-cache-dir opencv-python\"""" did not complete successfully: exit code: 1",,
811bcc97e7f1320162d1,2,https://github.com/deepdoctection/deepdoctection/actions/runs/20777825864,155798f7f5947c56f6d3ac299f3ba1abe336e217,2026-01-07T10:07:16Z,packages/dd_core/src/dd_core/datapoint/view.py,,,Build and push Docker image to Docker Hub,,"Build and push Docker image to Docker Hub -> .github:1183 — buildx failed with: ERROR: failed to build: failed to solve: process ""/bin/sh -c /bin/bash -c \""source $HOME/venv/bin/activate && uv pip install --no-cache-dir [full]==$DEEPDOCTECTION_VERSION && uv pip install --no-cache-dir opencv-python\"""" did not complete successfully: exit code: 1",,
6176b0b3aa2dae52321d,1,https://github.com/deepdoctection/deepdoctection/actions/runs/22088241906,092b1affff0281c6fcc5fc830bdd7c8e024f72fe,2026-02-17T06:24:37Z,packages/dd_core/src/dd_core/__init__.py; packages/dd_core/src/dd_core/dataflow/custom_serialize.py; packages/dd_core/src/dd_core/datapoint/annotation.py; packages/dd_core/src/dd_core/datapoint/view.py; packages/dd_core/src/dd_core/mapper/maputils.py; packages/dd_core/src/dd_core/mapper/misc.py; packages/dd_core/src/dd_core/utils/env_info.py; packages/dd_datasets/src/dd_datasets/__init__.py; packages/deepdoctection/src/deepdoctection/__init__.py; packages/deepdoctection/src/deepdoctection/extern/hfdetr.py; packages/deepdoctection/src/deepdoctection/extern/hflm.py; packages/deepdoctection/src/deepdoctection/pipe/base.py; packages/deepdoctection/src/deepdoctection/pipe/doctectionpipe.py; packages/deepdoctection/src/deepdoctection/pipe/order.py; packages/deepdoctection/src/deepdoctection/train/hf_detr_train.py; packages/deepdoctection/tests/eval/test_eval.py; packages/shared_test_utils/src/shared_test_utils/assets.py; packages/shared_test_utils/src/shared_test_utils/collector.py,docker/gpu/Dockerfile; packages/dd_core/pyproject.toml; packages/dd_datasets/pyproject.toml; packages/deepdoctection/pyproject.toml,,Build and push Docker image to Docker Hub,,"Build and push Docker image to Docker Hub -> .github:1183 — buildx failed with: ERROR: failed to build: failed to solve: process ""/bin/sh -c /bin/bash -c \""source $HOME/venv/bin/activate && uv pip install --no-cache-dir [full]==$DEEPDOCTECTION_VERSION && uv pip install --no-cache-dir opencv-python\"""" did not complete successfully: exit code: 1",,
a1222223c677adb87ddb,1,https://github.com/deepdoctection/deepdoctection/actions/runs/23790023097,9f99563bba623fd876d3305b8ebf3810ac7b9e84,2026-03-31T09:20:56Z,packages/deepdoctection/src/deepdoctection/pipe/anngen.py,,,Build and push Docker image to Docker Hub,Build and push Docker image to Docker Hub -> Build and push Docker image,"Build and push Docker image to Docker Hub -> .github:1186 — buildx failed with: ERROR: failed to build: failed to solve: process ""/bin/sh -c /bin/bash -c \""source $HOME/venv/bin/activate && uv pip install --no-cache-dir [full]==$DEEPDOCTECTION_VERSION && uv pip install --no-cache-dir opencv-python\"""" did not complete successfully: exit code: 1",,
20061c4c3d44b0c4c1b6,1,https://github.com/huggingface/accelerate/actions/runs/17156366185,0422db7e1040518ea3278459b009ee44a66292e8,2025-08-22T13:17:51Z,src/accelerate/parallelism_config.py,,,quality,,quality -> .github:31 — Process completed with exit code 2.,,
760a67831f86a7f0107b,1,https://github.com/huggingface/accelerate/actions/runs/16628878114,c8a2ae567e128d4e3db3cbfa73c313c8ebd59a95,2025-07-30T16:58:48Z,src/accelerate/parallelism_config.py,,,quality,,quality -> .github:30 — Process completed with exit code 2.,,
760a67831f86a7f0107b,2,https://github.com/huggingface/accelerate/actions/runs/16629219372,ec59f84d6659208982df230ef393e80b977e2e07,2025-07-30T17:15:09Z,src/accelerate/parallelism_config.py,,,quality,,quality -> .github:41 — Process completed with exit code 2.,,
580c5e5d3fdb97686065,1,https://github.com/huggingface/accelerate/actions/runs/17127718663,638759bba33c45e93308049f8819a2a01f57b22f,2025-08-21T13:02:46Z,examples/torch_native_parallelism/fsdp2_fp8.py; examples/torch_native_parallelism/utils.py,,,quality,,quality -> .github:26 — Process completed with exit code 2.,,
1c43cd529f402cea7e42,1,https://github.com/huggingface/accelerate/actions/runs/16725394396,1593bc9fe02718817bea2b7f6da19575822a1fbb,2025-08-04T14:04:31Z,examples/fsdp2/nd_parallel.py; examples/fsdp2/utils.py,,,quality,,quality -> .github:27 — Process completed with exit code 2.,,
bfdd1d61a4e84ce65c87,1,https://github.com/huggingface/accelerate/actions/runs/16752062075,fbeb303b37980efb65f9bcc84ac0a1d1ac619436,2025-08-05T13:52:15Z,src/accelerate/accelerator.py; src/accelerate/state.py; src/accelerate/utils/dataclasses.py; src/accelerate/utils/launch.py,,,quality,,quality -> .github:18 — Process completed with exit code 2.,,
547fa605cace62fa2a33,1,https://github.com/huggingface/accelerate/actions/runs/23157864801,ca53b926b6290dcc51508807e2ea35bb434e5c2b,2026-03-16T17:46:23Z,src/accelerate/utils/modeling.py,,,quality,,quality -> .github:48 — Process completed with exit code 2.,,
6688ccf5e3798fbf53b8,1,https://github.com/huggingface/accelerate/actions/runs/16807043815,9fa6d872fa600e48ef94f9966d3c4af0a4e4a331,2025-08-07T14:14:54Z,src/accelerate/test_utils/scripts/external_deps/test_ds_multiple_model.py,,,quality,,quality -> .github:50 — Process completed with exit code 2.,,
4eee3738257c4d692b2a,1,https://github.com/huggingface/accelerate/actions/runs/18891814330,a2388cdb873ddd35452ea2acb26f86f30499440a,2025-10-28T23:09:55Z,,,,"run-tests (latest, test_core); run-tests (latest, test_prod)",,"run-tests (latest, test_core) -> .github:668 — Process completed with exit code 2.; run-tests (latest, test_prod) -> .github:605 — Process completed with exit code 2.",,
4eee3738257c4d692b2a,2,https://github.com/huggingface/accelerate/actions/runs/19076193847,e6e243f36178a533ab32bb4b6e01f4557470574e,2025-11-04T16:47:07Z,src/accelerate/parallelism_config.py; src/accelerate/state.py; tests/test_dataclasses.py,,,"run-tests (latest, test_core); run-tests (latest, test_prod)",,"run-tests (latest, test_core) -> .github:672 — Process completed with exit code 2.; run-tests (latest, test_prod) -> .github:605 — Process completed with exit code 2.",,
5dc45ea4e5f9320889f4,1,https://github.com/huggingface/accelerate/actions/runs/17127718641,638759bba33c45e93308049f8819a2a01f57b22f,2025-08-21T13:02:46Z,examples/torch_native_parallelism/fsdp2_fp8.py; examples/torch_native_parallelism/utils.py,,,"run-tests (minimum, test_prod)",,"run-tests (minimum, test_prod) -> .github:586 — Process completed with exit code 2.",,
307895626490aab545f4,1,https://github.com/huggingface/accelerate/actions/runs/16711252941,bcc3b295dcfcb8c94fb40391afd24a704b318c6a,2025-08-04T00:35:58Z,src/accelerate/accelerator.py; src/accelerate/big_modeling.py; src/accelerate/utils/dataclasses.py; tests/test_dataclasses.py,,,"run-tests (minimum, test_core); run-tests (minimum, test_prod)",,"run-tests (minimum, test_core) -> .github:760 — Process completed with exit code 2.; run-tests (minimum, test_prod) -> .github:579 — Process completed with exit code 2.",,
5118070869ed6c801104,1,https://github.com/huggingface/accelerate/actions/runs/16725394385,1593bc9fe02718817bea2b7f6da19575822a1fbb,2025-08-04T14:04:31Z,examples/fsdp2/nd_parallel.py; examples/fsdp2/utils.py,,,"run-tests (minimum, test_rest)",,"run-tests (minimum, test_rest) -> .github:311 — Process completed with exit code 2.",,
6777f57eb24f15e76187,1,https://github.com/huggingface/accelerate/actions/runs/16752062079,fbeb303b37980efb65f9bcc84ac0a1d1ac619436,2025-08-05T13:52:15Z,src/accelerate/accelerator.py; src/accelerate/state.py; src/accelerate/utils/dataclasses.py; src/accelerate/utils/launch.py,,,"run-tests (minimum, test_core)",,"run-tests (minimum, test_core) -> .github:765 — Process completed with exit code 2.",,
725a6a06de0e28cd7797,1,https://github.com/huggingface/accelerate/actions/runs/27302938858,ccf8a8a0e1eea83ade81a7c0889d7580efc7bdeb,2026-06-10T20:05:38Z,src/accelerate/test_utils/scripts/external_deps/test_peak_memory_usage.py; src/accelerate/test_utils/scripts/test_sync.py,,,"run-tests (minimum, test_core)","run-tests (minimum, test_core) -> Run Tests","run-tests (minimum, test_core) -> Process completed with exit code 2.",,
725a6a06de0e28cd7797,2,https://github.com/huggingface/accelerate/actions/runs/27303185040,5ca6e8e45e54807443c88bbf4928dadf9a7a5d2c,2026-06-10T20:09:51Z,setup.py,setup.py,,"run-tests (minimum, test_core)","run-tests (minimum, test_core) -> Run Tests","run-tests (minimum, test_core) -> Process completed with exit code 2.",,
725a6a06de0e28cd7797,3,https://github.com/huggingface/accelerate/actions/runs/27303247680,e8350e8ec138c633cfe9a727213a0c519b6bd369,2026-06-10T20:10:54Z,,.github/workflows/nightly.yml,,"run-tests (minimum, test_prod)","run-tests (minimum, test_prod) -> Run Tests","run-tests (minimum, test_prod) -> Process completed with exit code 2.",,
82e31f990df180f3d4cc,1,https://github.com/huggingface/accelerate/actions/runs/16807043820,9fa6d872fa600e48ef94f9966d3c4af0a4e4a331,2025-08-07T14:14:54Z,src/accelerate/test_utils/scripts/external_deps/test_ds_multiple_model.py,,,"run-tests (latest, test_core)",,"run-tests (latest, test_core) -> .github:908 — Process completed with exit code 2.",,
c2b8b030de9ac6e84692,1,https://github.com/huggingface/accelerate/actions/runs/17576513220,7b09246a05506b1c968c9ad08b67ea1160120a0f,2025-09-09T08:24:47Z,src/accelerate/accelerator.py,,,"run-tests (latest, test_cli); run-tests (latest, test_core); run-tests (minimum, test_cli); run-tests (minimum, test_core)",,"run-tests (latest, test_cli) -> .github:206 — Process completed with exit code 2.; run-tests (latest, test_core) -> .github:882 — Process completed with exit code 2.; run-tests (minimum, test_cli) -> .github:206 — Process completed with exit code 2.; run-tests (minimum, test_core) -> .github:862 — Process completed with exit code 2.",,
1e60e0918497d758bc8b,1,https://github.com/huggingface/accelerate/actions/runs/16781711856,e8cf04de57c3a831b335e162e0fc94cdebfbb233,2025-08-06T15:43:06Z,src/accelerate/accelerator.py; src/accelerate/parallelism_config.py; src/accelerate/utils/launch.py,,,"run-tests (latest, test_big_modeling); run-tests (latest, test_checkpoint_epoch); run-tests (latest, test_checkpoint_step); run-tests (latest, test_cli); run-tests (latest, test_core); run-tests (latest, test_deepspeed); run-tests (latest, test_example_differences); run-tests (latest, test_fsdp); run-tests (latest, test_prod); run-tests (latest, test_rest); run-tests (minimum, test_big_modeling); run-tests (minimum, test_checkpoint_epoch); run-tests (minimum, test_checkpoint_step); run-tests (minimum, test_cli); run-tests (minimum, test_core); run-tests (minimum, test_deepspeed); run-tests (minimum, test_example_differences); run-tests (minimum, test_fsdp); run-tests (minimum, test_prod); run-tests (minimum, test_rest)",,"run-tests (latest, test_big_modeling) -> .github:100 — Process completed with exit code 2.; run-tests (latest, test_checkpoint_epoch) -> .github:53 — Process completed with exit code 2.; run-tests (latest, test_checkpoint_step) -> .github:53 — Process completed with exit code 2.; run-tests (latest, test_cli) -> .github:52 — Process completed with exit code 2.; run-tests (latest, test_core) -> .github:684 — Process completed with exit code 2.; run-tests (latest, test_deepspeed) -> .github:170 — Process completed with exit code 2.; run-tests (latest, test_example_differences) -> .github:53 — Process completed with exit code 2.; run-tests (latest, test_fsdp) -> .github:74 — Process completed with exit code 2.; run-tests (latest, test_prod) -> .github:688 — Process completed with exit code 2.; run-tests (latest, test_rest) -> .github:53 — Process completed with exit code 2.; run-tests (minimum, test_big_modeling) -> .github:100 — Process completed with exit code 2.; run-tests (minimum, test_checkpoint_epoch) -> .github:53 — Process completed with exit code 2.; run-tests (minimum, test_checkpoint_step) -> .github:53 — Process completed with exit code 2.; run-tests (minimum, test_cli) -> .github:52 — Process completed with exit code 2.; run-tests (minimum, test_core) -> .github:684 — Process completed with exit code 2.; run-tests (minimum, test_deepspeed) -> .github:170 — Process completed with exit code 2.; run-tests (minimum, test_example_differences) -> .github:53 — Process completed with exit code 2.; run-tests (minimum, test_fsdp) -> .github:74 — Process completed with exit code 2.; run-tests (minimum, test_prod) -> .github:688 — Process completed with exit code 2.; run-tests (minimum, test_rest) -> .github:53 — Process completed with exit code 2.",,
1e60e0918497d758bc8b,2,https://github.com/huggingface/accelerate/actions/runs/16781898029,e217ffc6431ccd69d47a37e02006c002d7f8f4e1,2025-08-06T15:50:56Z,src/accelerate/parallelism_config.py,,,"run-tests (latest, test_checkpoint_epoch); run-tests (latest, test_checkpoint_step); run-tests (latest, test_cli); run-tests (latest, test_core); run-tests (latest, test_prod); run-tests (latest, test_rest); run-tests (minimum, test_checkpoint_epoch); run-tests (minimum, test_checkpoint_step); run-tests (minimum, test_cli); run-tests (minimum, test_core); run-tests (minimum, test_prod); run-tests (minimum, test_rest)",,"run-tests (latest, test_checkpoint_epoch) -> .github:517 — Process completed with exit code 2.; run-tests (latest, test_checkpoint_step) -> .github:517 — Process completed with exit code 2.; run-tests (latest, test_cli) -> .github:287 — Process completed with exit code 2.; run-tests (latest, test_core) -> .github:3528 — Process completed with exit code 2.; run-tests (latest, test_prod) -> .github:2251 — Process completed with exit code 2.; run-tests (latest, test_rest) -> .github:1693 — Process completed with exit code 2.; run-tests (minimum, test_checkpoint_epoch) -> .github:517 — Process completed with exit code 2.; run-tests (minimum, test_checkpoint_step) -> .github:517 — Process completed with exit code 2.; run-tests (minimum, test_cli) -> .github:287 — Process completed with exit code 2.; run-tests (minimum, test_core) -> .github:3485 — Process completed with exit code 2.; run-tests (minimum, test_prod) -> .github:2224 — Process completed with exit code 2.; run-tests (minimum, test_rest) -> .github:1693 — Process completed with exit code 2.",,
0367650b60aeb8dd417f,1,https://github.com/huggingface/accelerate/actions/runs/24441552412,38ae3ace981ce915dbcb20de1659954e8d9d68d9,2026-04-15T07:15:53Z,,.github/workflows/upload_pr_documentation.yml,,"run-tests (latest, test_core); run-tests (minimum, test_prod)","run-tests (latest, test_core) -> Run Tests; run-tests (minimum, test_prod) -> Run Tests","run-tests (latest, test_core) -> .github:840 — Process completed with exit code 2.; run-tests (minimum, test_prod) -> .github:698 — Process completed with exit code 2.",,
5e26a273fe2fa86f7bb7,1,https://github.com/huggingface/accelerate/actions/runs/20928537938,cdb2d1ffdd5287a15b926ed2ab069ac071dbbcfb,2026-01-12T17:20:42Z,src/accelerate/utils/fsdp_utils.py,,,build / build_main_documentation,,build / build_main_documentation -> .github:236 — Docker pull failed with exit code 1,,
5e26a273fe2fa86f7bb7,2,https://github.com/huggingface/accelerate/actions/runs/20959762012,758f3b18c74348e06f9edaf87c0d65c2be7e5385,2026-01-13T14:09:12Z,src/accelerate/utils/fsdp_utils.py,,,build / build_main_documentation,,build / build_main_documentation -> .github:236 — Docker pull failed with exit code 1,,
ef7e9ec898dbe1e35e05,1,https://github.com/huggingface/accelerate/actions/runs/20963431244,36479b8801625b1bb03fc85da87e187efa40fa51,2026-01-13T15:59:43Z,src/accelerate/big_modeling.py,,,build / build_main_documentation,,build / build_main_documentation -> .github:236 — Docker pull failed with exit code 1,,
ef7e9ec898dbe1e35e05,2,https://github.com/huggingface/accelerate/actions/runs/20995693679,38dadd9537d3cb43e3149964c06a3f011b40aa6d,2026-01-14T13:24:02Z,src/accelerate/accelerator.py,,,build / build_main_documentation,,build / build_main_documentation -> .github:239 — Docker pull failed with exit code 1,,
ef97eb272795e65b5682,1,https://github.com/huggingface/accelerate/actions/runs/25001009166,d1d2bba464de5c8fd4d967b6881323be043cb4e7,2026-04-27T14:29:36Z,src/accelerate/test_utils/scripts/external_deps/test_performance.py; src/accelerate/utils/fsdp_utils.py; tests/fsdp/test_fsdp.py,,,build / build_main_documentation,build / build_main_documentation -> Sync to bucket,build / build_main_documentation -> .github:48 — Process completed with exit code 1.,,
13d0f42772ea163978d1,1,https://github.com/huggingface/accelerate/actions/runs/27215758861,3f1acf85828b2789d5eade233dc8e963a04bece8,2026-06-09T15:08:32Z,,.github/workflows/build-docker-images-release.yml; .github/workflows/build_and_run_tests.yml; .github/workflows/build_docker_images.yml; .github/workflows/build_documentation.yml; .github/workflows/build_pr_documentation.yml; .github/workflows/trufflehog.yml; .github/workflows/upload_pr_documentation.yml,,build / build_main_documentation,build / build_main_documentation -> Create build directory,build / build_main_documentation -> Process completed with exit code 8.,,
728fae2ed24340763889,1,https://github.com/huggingface/accelerate/actions/runs/27419248950,fb77442677c85f6ebcd7a226588f60046cd6b301,2026-06-12T13:38:03Z,tests/test_cli.py,,,build / build_main_documentation,build / build_main_documentation -> Create build directory,build / build_main_documentation -> Process completed with exit code 8.,,
87b686c1b86793dcf04a,1,https://github.com/huggingface/accelerate/actions/runs/32142982903,dc78670cf2ae51ac18f876558a021ea73b5e4c2c,2026-08-18T13:32:46Z,examples/by_feature/fsdp_with_peak_mem_tracking.py; examples/complete_cv_example.py,,,build / build_main_documentation,build / build_main_documentation -> Create build directory,build / build_main_documentation -> Process completed with exit code 4.,,
b03d47b59dced070336b,1,https://github.com/huggingface/accelerate/actions/runs/33431140229,bd204169b4412c059d40318c455fe8a826374bd1,2026-08-31T19:32:38Z,src/accelerate/accelerator.py; src/accelerate/big_modeling.py; tests/test_big_modeling.py,,,build / build_main_documentation,"build / build_main_documentation -> Push to dataset (legacy, kept for rollback safety)",build / build_main_documentation -> Process completed with exit code 1.,,
7e46632a6298ed23137c,1,https://github.com/huggingface/accelerate/actions/runs/16659252459,3dd3c746d56f0a2e6567d3e8bc1837b2d31f521a,2025-07-31T20:26:33Z,,,,build / build_pr_documentation,,build / build_pr_documentation -> .github:372 — Process completed with exit code 1.,,
614b547c3062556c2919,1,https://github.com/huggingface/accelerate/actions/runs/27211401205,8b69e9f1fccc0bd15247d10aa343b2a03fd52aa2,2026-06-09T13:59:23Z,src/accelerate/hooks.py; src/accelerate/launchers.py; src/accelerate/test_utils/scripts/test_notebook.py; src/accelerate/utils/__init__.py; src/accelerate/utils/bnb.py; src/accelerate/utils/dataclasses.py; src/accelerate/utils/environment.py; src/accelerate/utils/imports.py; tests/test_accelerator.py; tests/test_load_checkpoint_and_dispatch_with_broadcast.py; tests/test_utils.py,.github/workflows/nightly.yml,,build / build_pr_documentation,build / build_pr_documentation -> Make documentation,build / build_pr_documentation -> Process completed with exit code 1.,,
4b35787d65ef9de466dd,1,https://github.com/huggingface/accelerate/actions/runs/16805277983,83964d7a8927965239b7b6c4adffbbb8503250d1,2025-08-07T13:03:08Z,setup.py,setup.py,,build / build_pr_documentation,,build / build_pr_documentation -> .github:371 — No space left on device : '/home/runner/actions-runner/cached/_diag/pages/73ebdf00-e891-43d8-886b-0fcffa398342_1379f041-aefe-5f48-b315-eaf6e7f820df_1.log',,
7e4ed078a622493fd18f,1,https://github.com/huggingface/accelerate/actions/runs/16781711947,e8cf04de57c3a831b335e162e0fc94cdebfbb233,2025-08-06T15:43:06Z,src/accelerate/accelerator.py; src/accelerate/parallelism_config.py; src/accelerate/utils/launch.py,,,build / build_pr_documentation,,build / build_pr_documentation -> .github:63 — Process completed with exit code 1.,,
0399de7477ff650ffeab,1,https://github.com/huggingface/accelerate/actions/runs/17407796294,0e4419b34724114f6530904c25cc21e83c0b509d,2025-09-02T15:07:18Z,src/accelerate/accelerator.py; src/accelerate/test_utils/scripts/test_script.py; src/accelerate/utils/imports.py; src/accelerate/utils/modeling.py,,,Close Stale Issues,,Close Stale Issues -> .github:25 — Process completed with exit code 1.,,
1a17cdc75a03a3f586cd,1,https://github.com/huggingface/accelerate/actions/runs/22104310392,1e1ffd41e2cfddc2d97b04345a0b4201e07790b2,2026-02-17T15:22:50Z,src/accelerate/accelerator.py; src/accelerate/big_modeling.py; src/accelerate/checkpointing.py; src/accelerate/commands/config/cluster.py; src/accelerate/commands/config/config_utils.py; src/accelerate/commands/config/default.py; src/accelerate/commands/env.py; src/accelerate/commands/launch.py; src/accelerate/hooks.py; src/accelerate/local_sgd.py; src/accelerate/state.py; src/accelerate/test_utils/__init__.py; src/accelerate/test_utils/scripts/external_deps/test_peak_memory_usage.py; src/accelerate/test_utils/scripts/test_sync.py; src/accelerate/test_utils/testing.py; src/accelerate/utils/__init__.py; src/accelerate/utils/constants.py; src/accelerate/utils/dataclasses.py; src/accelerate/utils/imports.py; src/accelerate/utils/launch.py; src/accelerate/utils/memory.py; src/accelerate/utils/modeling.py; src/accelerate/utils/operations.py; src/accelerate/utils/random.py,,,Close Stale Issues,,Close Stale Issues -> .github:27 — Process completed with exit code 1.,,
c454a94b62e4ec621575,1,https://github.com/huggingface/accelerate/actions/runs/31117684768,16cb6eb80dd9aa8b4df1a63ef57863e455d53b83,2026-08-06T15:51:32Z,,.github/workflows/build_documentation.yml; .github/workflows/build_pr_documentation.yml,,,,,,
2c1ceafd553c457f7390,1,https://github.com/huggingface/accelerate/actions/runs/32041409801,16cb6eb80dd9aa8b4df1a63ef57863e455d53b83,2026-08-17T15:08:58Z,,.github/workflows/build_documentation.yml; .github/workflows/build_pr_documentation.yml,,Close Stale Issues,Close Stale Issues -> Close stale issues,Close Stale Issues -> Process completed with exit code 1.,,
e8a1302259c214a0b5de,1,https://github.com/huggingface/accelerate/actions/runs/16637652097,9359a0194f210624f1e6e85c3d838fdd55c11152,2025-07-31T01:36:10Z,examples/fsdp2/nd_parallel.py; examples/fsdp2/nd_parallel_prepared_device_mesh.py; examples/fsdp2/utils.py; src/accelerate/__init__.py; src/accelerate/accelerator.py; src/accelerate/data_loader.py; src/accelerate/parallelism_config.py; src/accelerate/state.py; src/accelerate/test_utils/scripts/external_deps/test_performance.py; src/accelerate/utils/__init__.py; src/accelerate/utils/dataclasses.py; src/accelerate/utils/fsdp_utils.py; src/accelerate/utils/modeling.py; tests/test_dataclasses.py,,,Latest Accelerate GPU FP8 TransformerEngine [dev],,Latest Accelerate GPU FP8 TransformerEngine [dev] -> .github:218 — buildx failed with: ERROR: failed to solve: nvcr.io/nvidia/pytorch:25.07-py3: failed to resolve source metadata for nvcr.io/nvidia/pytorch:25.07-py3: nvcr.io/nvidia/pytorch:25.07-py3: not found,,
e8a1302259c214a0b5de,2,https://github.com/huggingface/accelerate/actions/runs/16664006828,9359a0194f210624f1e6e85c3d838fdd55c11152,2025-08-01T01:37:05Z,examples/fsdp2/nd_parallel.py; examples/fsdp2/nd_parallel_prepared_device_mesh.py; examples/fsdp2/utils.py; src/accelerate/__init__.py; src/accelerate/accelerator.py; src/accelerate/data_loader.py; src/accelerate/parallelism_config.py; src/accelerate/state.py; src/accelerate/test_utils/scripts/external_deps/test_performance.py; src/accelerate/utils/__init__.py; src/accelerate/utils/dataclasses.py; src/accelerate/utils/fsdp_utils.py; src/accelerate/utils/modeling.py; tests/test_dataclasses.py,,,Latest Accelerate GPU FP8 TransformerEngine [dev],,Latest Accelerate GPU FP8 TransformerEngine [dev] -> .github:218 — buildx failed with: ERROR: failed to solve: nvcr.io/nvidia/pytorch:25.07-py3: failed to resolve source metadata for nvcr.io/nvidia/pytorch:25.07-py3: nvcr.io/nvidia/pytorch:25.07-py3: not found,,
e8a1302259c214a0b5de,3,https://github.com/huggingface/accelerate/actions/runs/16688458221,9359a0194f210624f1e6e85c3d838fdd55c11152,2025-08-02T01:35:28Z,examples/fsdp2/nd_parallel.py; examples/fsdp2/nd_parallel_prepared_device_mesh.py; examples/fsdp2/utils.py; src/accelerate/__init__.py; src/accelerate/accelerator.py; src/accelerate/data_loader.py; src/accelerate/parallelism_config.py; src/accelerate/state.py; src/accelerate/test_utils/scripts/external_deps/test_performance.py; src/accelerate/utils/__init__.py; src/accelerate/utils/dataclasses.py; src/accelerate/utils/fsdp_utils.py; src/accelerate/utils/modeling.py; tests/test_dataclasses.py,,,Latest Accelerate GPU FP8 TransformerEngine [dev],,Latest Accelerate GPU FP8 TransformerEngine [dev] -> .github:222 — buildx failed with: ERROR: failed to build: failed to solve: nvcr.io/nvidia/pytorch:25.07-py3: failed to resolve source metadata for nvcr.io/nvidia/pytorch:25.07-py3: nvcr.io/nvidia/pytorch:25.07-py3: not found,,
e8a1302259c214a0b5de,4,https://github.com/huggingface/accelerate/actions/runs/16699788611,cb343c63d7736baf082739393e52c9c1edcdf676,2025-08-03T01:36:31Z,src/accelerate/accelerator.py,,,Latest Accelerate GPU FP8 TransformerEngine [dev],,Latest Accelerate GPU FP8 TransformerEngine [dev] -> .github:219 — buildx failed with: ERROR: failed to build: failed to solve: nvcr.io/nvidia/pytorch:25.07-py3: failed to resolve source metadata for nvcr.io/nvidia/pytorch:25.07-py3: nvcr.io/nvidia/pytorch:25.07-py3: not found,,
e8a1302259c214a0b5de,5,https://github.com/huggingface/accelerate/actions/runs/16711953329,cb343c63d7736baf082739393e52c9c1edcdf676,2025-08-04T01:37:30Z,src/accelerate/accelerator.py,,,Latest Accelerate GPU FP8 TransformerEngine [dev],,Latest Accelerate GPU FP8 TransformerEngine [dev] -> .github:219 — buildx failed with: ERROR: failed to build: failed to solve: nvcr.io/nvidia/pytorch:25.07-py3: failed to resolve source metadata for nvcr.io/nvidia/pytorch:25.07-py3: nvcr.io/nvidia/pytorch:25.07-py3: not found,,
e8a1302259c214a0b5de,6,https://github.com/huggingface/accelerate/actions/runs/16738283933,cb343c63d7736baf082739393e52c9c1edcdf676,2025-08-05T01:36:40Z,src/accelerate/accelerator.py,,,Latest Accelerate GPU FP8 TransformerEngine [dev],,Latest Accelerate GPU FP8 TransformerEngine [dev] -> .github:219 — buildx failed with: ERROR: failed to build: failed to solve: nvcr.io/nvidia/pytorch:25.07-py3: failed to resolve source metadata for nvcr.io/nvidia/pytorch:25.07-py3: nvcr.io/nvidia/pytorch:25.07-py3: not found,,
e8a1302259c214a0b5de,7,https://github.com/huggingface/accelerate/actions/runs/16765342064,6891c57072295eec14d9866ca34472d59708db9c,2025-08-06T01:36:41Z,examples/fsdp2/nd_parallel.py; examples/fsdp2/nd_parallel_prepared_device_mesh.py; examples/fsdp2/utils.py; src/accelerate/accelerator.py; src/accelerate/big_modeling.py; src/accelerate/commands/config/cluster.py; src/accelerate/commands/config/config_args.py; src/accelerate/commands/launch.py; src/accelerate/parallelism_config.py; src/accelerate/state.py; src/accelerate/utils/__init__.py; src/accelerate/utils/constants.py; src/accelerate/utils/dataclasses.py; src/accelerate/utils/launch.py; tests/test_dataclasses.py; tests/test_launch.py,,,Latest Accelerate GPU FP8 TransformerEngine [dev],,Latest Accelerate GPU FP8 TransformerEngine [dev] -> .github:219 — buildx failed with: ERROR: failed to build: failed to solve: nvcr.io/nvidia/pytorch:25.07-py3: failed to resolve source metadata for nvcr.io/nvidia/pytorch:25.07-py3: nvcr.io/nvidia/pytorch:25.07-py3: not found,,
e8a1302259c214a0b5de,8,https://github.com/huggingface/accelerate/actions/runs/16792885098,c0a3aefea8aa5008a0fbf55b049bd3f0efa9cbf2,2025-08-07T01:36:15Z,src/accelerate/hooks.py; tests/test_hooks.py,,,Latest Accelerate GPU FP8 TransformerEngine [dev],,Latest Accelerate GPU FP8 TransformerEngine [dev] -> .github:219 — buildx failed with: ERROR: failed to build: failed to solve: nvcr.io/nvidia/pytorch:25.07-py3: failed to resolve source metadata for nvcr.io/nvidia/pytorch:25.07-py3: nvcr.io/nvidia/pytorch:25.07-py3: not found,,
e8a1302259c214a0b5de,9,https://github.com/huggingface/accelerate/actions/runs/16819781315,23cf4ef8a3b58f016f63eeb158b4aa2c3e79fe6f,2025-08-08T01:36:22Z,src/accelerate/test_utils/scripts/external_deps/test_ds_multiple_model.py; tests/test_accelerator.py; tests/test_compile.py; tests/test_examples.py; tests/test_multigpu.py,.github/workflows/build-docker-images-release.yml; .github/workflows/self_hosted_integration_tests.yml,,Latest Accelerate GPU FP8 TransformerEngine [dev],,Latest Accelerate GPU FP8 TransformerEngine [dev] -> .github:220 — buildx failed with: ERROR: failed to build: failed to solve: nvcr.io/nvidia/pytorch:25.07-py3: failed to resolve source metadata for nvcr.io/nvidia/pytorch:25.07-py3: nvcr.io/nvidia/pytorch:25.07-py3: not found,,
e8a1302259c214a0b5de,10,https://github.com/huggingface/accelerate/actions/runs/16843881758,23cf4ef8a3b58f016f63eeb158b4aa2c3e79fe6f,2025-08-09T01:35:00Z,src/accelerate/test_utils/scripts/external_deps/test_ds_multiple_model.py; tests/test_accelerator.py; tests/test_compile.py; tests/test_examples.py; tests/test_multigpu.py,.github/workflows/build-docker-images-release.yml; .github/workflows/self_hosted_integration_tests.yml,,Latest Accelerate GPU FP8 TransformerEngine [dev],,Latest Accelerate GPU FP8 TransformerEngine [dev] -> .github:220 — buildx failed with: ERROR: failed to build: failed to solve: nvcr.io/nvidia/pytorch:25.07-py3: failed to resolve source metadata for nvcr.io/nvidia/pytorch:25.07-py3: nvcr.io/nvidia/pytorch:25.07-py3: not found,,
e8a1302259c214a0b5de,11,https://github.com/huggingface/accelerate/actions/runs/16855862613,23cf4ef8a3b58f016f63eeb158b4aa2c3e79fe6f,2025-08-10T01:35:45Z,src/accelerate/test_utils/scripts/external_deps/test_ds_multiple_model.py; tests/test_accelerator.py; tests/test_compile.py; tests/test_examples.py; tests/test_multigpu.py,.github/workflows/build-docker-images-release.yml; .github/workflows/self_hosted_integration_tests.yml,,Latest Accelerate GPU FP8 TransformerEngine [dev],,Latest Accelerate GPU FP8 TransformerEngine [dev] -> .github:220 — buildx failed with: ERROR: failed to build: failed to solve: nvcr.io/nvidia/pytorch:25.07-py3: failed to resolve source metadata for nvcr.io/nvidia/pytorch:25.07-py3: nvcr.io/nvidia/pytorch:25.07-py3: not found,,
e8a1302259c214a0b5de,12,https://github.com/huggingface/accelerate/actions/runs/16868911392,23cf4ef8a3b58f016f63eeb158b4aa2c3e79fe6f,2025-08-11T01:36:37Z,src/accelerate/test_utils/scripts/external_deps/test_ds_multiple_model.py; tests/test_accelerator.py; tests/test_compile.py; tests/test_examples.py; tests/test_multigpu.py,.github/workflows/build-docker-images-release.yml; .github/workflows/self_hosted_integration_tests.yml,,Latest Accelerate GPU FP8 TransformerEngine [dev],,Latest Accelerate GPU FP8 TransformerEngine [dev] -> .github:220 — buildx failed with: ERROR: failed to build: failed to solve: nvcr.io/nvidia/pytorch:25.07-py3: failed to resolve source metadata for nvcr.io/nvidia/pytorch:25.07-py3: nvcr.io/nvidia/pytorch:25.07-py3: not found,,
e8a1302259c214a0b5de,13,https://github.com/huggingface/accelerate/actions/runs/16896574143,23cf4ef8a3b58f016f63eeb158b4aa2c3e79fe6f,2025-08-12T01:35:14Z,src/accelerate/test_utils/scripts/external_deps/test_ds_multiple_model.py; tests/test_accelerator.py; tests/test_compile.py; tests/test_examples.py; tests/test_multigpu.py,.github/workflows/build-docker-images-release.yml; .github/workflows/self_hosted_integration_tests.yml,,Latest Accelerate GPU FP8 TransformerEngine [dev],,Latest Accelerate GPU FP8 TransformerEngine [dev] -> .github:220 — buildx failed with: ERROR: failed to build: failed to solve: nvcr.io/nvidia/pytorch:25.07-py3: failed to resolve source metadata for nvcr.io/nvidia/pytorch:25.07-py3: nvcr.io/nvidia/pytorch:25.07-py3: not found,,
e8a1302259c214a0b5de,14,https://github.com/huggingface/accelerate/actions/runs/16925143721,23cf4ef8a3b58f016f63eeb158b4aa2c3e79fe6f,2025-08-13T01:35:15Z,src/accelerate/test_utils/scripts/external_deps/test_ds_multiple_model.py; tests/test_accelerator.py; tests/test_compile.py; tests/test_examples.py; tests/test_multigpu.py,.github/workflows/build-docker-images-release.yml; .github/workflows/self_hosted_integration_tests.yml,,Latest Accelerate GPU FP8 TransformerEngine [dev],,Latest Accelerate GPU FP8 TransformerEngine [dev] -> .github:220 — buildx failed with: ERROR: failed to build: failed to solve: nvcr.io/nvidia/pytorch:25.07-py3: failed to resolve source metadata for nvcr.io/nvidia/pytorch:25.07-py3: nvcr.io/nvidia/pytorch:25.07-py3: not found,,
e8a1302259c214a0b5de,15,https://github.com/huggingface/accelerate/actions/runs/16953594020,23cf4ef8a3b58f016f63eeb158b4aa2c3e79fe6f,2025-08-14T01:35:34Z,src/accelerate/test_utils/scripts/external_deps/test_ds_multiple_model.py; tests/test_accelerator.py; tests/test_compile.py; tests/test_examples.py; tests/test_multigpu.py,.github/workflows/build-docker-images-release.yml; .github/workflows/self_hosted_integration_tests.yml,,Latest Accelerate GPU FP8 TransformerEngine [dev],,Latest Accelerate GPU FP8 TransformerEngine [dev] -> .github:220 — buildx failed with: ERROR: failed to build: failed to solve: nvcr.io/nvidia/pytorch:25.07-py3: failed to resolve source metadata for nvcr.io/nvidia/pytorch:25.07-py3: nvcr.io/nvidia/pytorch:25.07-py3: not found,,
e8a1302259c214a0b5de,16,https://github.com/huggingface/accelerate/actions/runs/16980754115,23cf4ef8a3b58f016f63eeb158b4aa2c3e79fe6f,2025-08-15T01:35:29Z,src/accelerate/test_utils/scripts/external_deps/test_ds_multiple_model.py; tests/test_accelerator.py; tests/test_compile.py; tests/test_examples.py; tests/test_multigpu.py,.github/workflows/build-docker-images-release.yml; .github/workflows/self_hosted_integration_tests.yml,,Latest Accelerate GPU FP8 TransformerEngine [dev],,Latest Accelerate GPU FP8 TransformerEngine [dev] -> .github:220 — buildx failed with: ERROR: failed to build: failed to solve: nvcr.io/nvidia/pytorch:25.07-py3: failed to resolve source metadata for nvcr.io/nvidia/pytorch:25.07-py3: nvcr.io/nvidia/pytorch:25.07-py3: not found,,
e8a1302259c214a0b5de,17,https://github.com/huggingface/accelerate/actions/runs/17002741557,23cf4ef8a3b58f016f63eeb158b4aa2c3e79fe6f,2025-08-16T01:34:38Z,src/accelerate/test_utils/scripts/external_deps/test_ds_multiple_model.py; tests/test_accelerator.py; tests/test_compile.py; tests/test_examples.py; tests/test_multigpu.py,.github/workflows/build-docker-images-release.yml; .github/workflows/self_hosted_integration_tests.yml,,Latest Accelerate GPU FP8 TransformerEngine [dev],,Latest Accelerate GPU FP8 TransformerEngine [dev] -> .github:220 — buildx failed with: ERROR: failed to build: failed to solve: nvcr.io/nvidia/pytorch:25.07-py3: failed to resolve source metadata for nvcr.io/nvidia/pytorch:25.07-py3: nvcr.io/nvidia/pytorch:25.07-py3: not found,,
e8a1302259c214a0b5de,18,https://github.com/huggingface/accelerate/actions/runs/17015178770,23cf4ef8a3b58f016f63eeb158b4aa2c3e79fe6f,2025-08-17T01:35:04Z,src/accelerate/test_utils/scripts/external_deps/test_ds_multiple_model.py; tests/test_accelerator.py; tests/test_compile.py; tests/test_examples.py; tests/test_multigpu.py,.github/workflows/build-docker-images-release.yml; .github/workflows/self_hosted_integration_tests.yml,,Latest Accelerate GPU FP8 TransformerEngine [dev],,Latest Accelerate GPU FP8 TransformerEngine [dev] -> .github:220 — buildx failed with: ERROR: failed to build: failed to solve: nvcr.io/nvidia/pytorch:25.07-py3: failed to resolve source metadata for nvcr.io/nvidia/pytorch:25.07-py3: nvcr.io/nvidia/pytorch:25.07-py3: not found,,
e8a1302259c214a0b5de,19,https://github.com/huggingface/accelerate/actions/runs/17028698802,23cf4ef8a3b58f016f63eeb158b4aa2c3e79fe6f,2025-08-18T01:36:25Z,src/accelerate/test_utils/scripts/external_deps/test_ds_multiple_model.py; tests/test_accelerator.py; tests/test_compile.py; tests/test_examples.py; tests/test_multigpu.py,.github/workflows/build-docker-images-release.yml; .github/workflows/self_hosted_integration_tests.yml,,Latest Accelerate GPU FP8 TransformerEngine [dev],,Latest Accelerate GPU FP8 TransformerEngine [dev] -> .github:220 — buildx failed with: ERROR: failed to build: failed to solve: nvcr.io/nvidia/pytorch:25.07-py3: failed to resolve source metadata for nvcr.io/nvidia/pytorch:25.07-py3: nvcr.io/nvidia/pytorch:25.07-py3: not found,,
e8a1302259c214a0b5de,20,https://github.com/huggingface/accelerate/actions/runs/17057096766,7c25f696b87e0f82cdb915cdba3945cce3ded0bc,2025-08-19T01:34:38Z,src/accelerate/utils/transformer_engine.py; tests/test_fp8.py,,,Latest Accelerate GPU FP8 TransformerEngine [dev],,Latest Accelerate GPU FP8 TransformerEngine [dev] -> .github:220 — buildx failed with: ERROR: failed to build: failed to solve: nvcr.io/nvidia/pytorch:25.07-py3: failed to resolve source metadata for nvcr.io/nvidia/pytorch:25.07-py3: nvcr.io/nvidia/pytorch:25.07-py3: not found,,
e8a1302259c214a0b5de,21,https://github.com/huggingface/accelerate/actions/runs/17086080626,7c25f696b87e0f82cdb915cdba3945cce3ded0bc,2025-08-20T01:34:36Z,src/accelerate/utils/transformer_engine.py; tests/test_fp8.py,,,Latest Accelerate GPU FP8 TransformerEngine [dev],,Latest Accelerate GPU FP8 TransformerEngine [dev] -> .github:220 — buildx failed with: ERROR: failed to build: failed to solve: nvcr.io/nvidia/pytorch:25.07-py3: failed to resolve source metadata for nvcr.io/nvidia/pytorch:25.07-py3: nvcr.io/nvidia/pytorch:25.07-py3: not found,,
e8a1302259c214a0b5de,22,https://github.com/huggingface/accelerate/actions/runs/17114653353,7c25f696b87e0f82cdb915cdba3945cce3ded0bc,2025-08-21T01:34:38Z,src/accelerate/utils/transformer_engine.py; tests/test_fp8.py,,,Latest Accelerate GPU FP8 TransformerEngine [dev],,Latest Accelerate GPU FP8 TransformerEngine [dev] -> .github:220 — buildx failed with: ERROR: failed to build: failed to solve: nvcr.io/nvidia/pytorch:25.07-py3: failed to resolve source metadata for nvcr.io/nvidia/pytorch:25.07-py3: nvcr.io/nvidia/pytorch:25.07-py3: not found,,
e8a1302259c214a0b5de,23,https://github.com/huggingface/accelerate/actions/runs/17143565187,979d81e4a92d08861f34fa6fbb66480b20771e76,2025-08-22T01:34:50Z,src/accelerate/utils/fsdp_utils.py,,,Latest Accelerate GPU FP8 TransformerEngine [dev],,Latest Accelerate GPU FP8 TransformerEngine [dev] -> .github:220 — buildx failed with: ERROR: failed to build: failed to solve: nvcr.io/nvidia/pytorch:25.07-py3: failed to resolve source metadata for nvcr.io/nvidia/pytorch:25.07-py3: nvcr.io/nvidia/pytorch:25.07-py3: not found,,
e8a1302259c214a0b5de,24,https://github.com/huggingface/accelerate/actions/runs/17169537194,5dd3d0b6901983bcb6de1b69687333a324382524,2025-08-23T01:34:00Z,src/accelerate/parallelism_config.py; tests/test_dataclasses.py,,,Latest Accelerate GPU FP8 TransformerEngine [dev],,Latest Accelerate GPU FP8 TransformerEngine [dev] -> .github:220 — buildx failed with: ERROR: failed to build: failed to solve: nvcr.io/nvidia/pytorch:25.07-py3: failed to resolve source metadata for nvcr.io/nvidia/pytorch:25.07-py3: nvcr.io/nvidia/pytorch:25.07-py3: not found,,
e8a1302259c214a0b5de,25,https://github.com/huggingface/accelerate/actions/runs/17182512909,5dd3d0b6901983bcb6de1b69687333a324382524,2025-08-24T01:34:46Z,src/accelerate/parallelism_config.py; tests/test_dataclasses.py,,,Latest Accelerate GPU FP8 TransformerEngine [dev],,Latest Accelerate GPU FP8 TransformerEngine [dev] -> .github:220 — buildx failed with: ERROR: failed to build: failed to solve: nvcr.io/nvidia/pytorch:25.07-py3: failed to resolve source metadata for nvcr.io/nvidia/pytorch:25.07-py3: nvcr.io/nvidia/pytorch:25.07-py3: not found,,
e8a1302259c214a0b5de,26,https://github.com/huggingface/accelerate/actions/runs/17196707361,5dd3d0b6901983bcb6de1b69687333a324382524,2025-08-25T01:35:15Z,src/accelerate/parallelism_config.py; tests/test_dataclasses.py,,,Latest Accelerate GPU FP8 TransformerEngine [dev],,Latest Accelerate GPU FP8 TransformerEngine [dev] -> .github:220 — buildx failed with: ERROR: failed to build: failed to solve: nvcr.io/nvidia/pytorch:25.07-py3: failed to resolve source metadata for nvcr.io/nvidia/pytorch:25.07-py3: nvcr.io/nvidia/pytorch:25.07-py3: not found,,
e8a1302259c214a0b5de,27,https://github.com/huggingface/accelerate/actions/runs/17225367145,5dd3d0b6901983bcb6de1b69687333a324382524,2025-08-26T01:34:40Z,src/accelerate/parallelism_config.py; tests/test_dataclasses.py,,,Latest Accelerate GPU FP8 TransformerEngine [dev],,Latest Accelerate GPU FP8 TransformerEngine [dev] -> .github:221 — buildx failed with: ERROR: failed to build: failed to solve: nvcr.io/nvidia/pytorch:25.07-py3: failed to resolve source metadata for nvcr.io/nvidia/pytorch:25.07-py3: nvcr.io/nvidia/pytorch:25.07-py3: not found,,
e8a1302259c214a0b5de,28,https://github.com/huggingface/accelerate/actions/runs/17254840816,7b981788cae0bd2fd742776bfe9d3587e87898c7,2025-08-27T01:34:19Z,examples/fsdp2/fsdp2_fp8.py; examples/fsdp2/nd_parallel.py; examples/fsdp2/utils.py; examples/torch_native_parallelism/fsdp2_fp8.py; examples/torch_native_parallelism/nd_parallel.py; examples/torch_native_parallelism/nd_parallel_trainer.py; examples/torch_native_parallelism/utils.py,,,Latest Accelerate GPU FP8 TransformerEngine [dev],,Latest Accelerate GPU FP8 TransformerEngine [dev] -> .github:221 — buildx failed with: ERROR: failed to build: failed to solve: nvcr.io/nvidia/pytorch:25.07-py3: failed to resolve source metadata for nvcr.io/nvidia/pytorch:25.07-py3: nvcr.io/nvidia/pytorch:25.07-py3: not found,,
e8a1302259c214a0b5de,29,https://github.com/huggingface/accelerate/actions/runs/17283182697,3b67c21696de50fe2cc0fd618e4d729cd40caff2,2025-08-28T01:34:18Z,src/accelerate/state.py; src/accelerate/test_utils/__init__.py; src/accelerate/test_utils/testing.py; src/accelerate/utils/__init__.py; src/accelerate/utils/dataclasses.py; src/accelerate/utils/imports.py; src/accelerate/utils/transformer_engine.py; tests/test_fp8.py,,,Latest Accelerate GPU FP8 TransformerEngine [dev],,Latest Accelerate GPU FP8 TransformerEngine [dev] -> .github:221 — buildx failed with: ERROR: failed to build: failed to solve: nvcr.io/nvidia/pytorch:25.07-py3: failed to resolve source metadata for nvcr.io/nvidia/pytorch:25.07-py3: nvcr.io/nvidia/pytorch:25.07-py3: not found,,
e8a1302259c214a0b5de,30,https://github.com/huggingface/accelerate/actions/runs/17312215840,0e4419b34724114f6530904c25cc21e83c0b509d,2025-08-29T01:34:16Z,src/accelerate/accelerator.py; src/accelerate/test_utils/scripts/test_script.py; src/accelerate/utils/imports.py; src/accelerate/utils/modeling.py,,,Latest Accelerate GPU FP8 TransformerEngine [dev],,Latest Accelerate GPU FP8 TransformerEngine [dev] -> .github:221 — buildx failed with: ERROR: failed to build: failed to solve: nvcr.io/nvidia/pytorch:25.07-py3: failed to resolve source metadata for nvcr.io/nvidia/pytorch:25.07-py3: nvcr.io/nvidia/pytorch:25.07-py3: not found,,
e8a1302259c214a0b5de,31,https://github.com/huggingface/accelerate/actions/runs/17337684625,0e4419b34724114f6530904c25cc21e83c0b509d,2025-08-30T01:33:40Z,src/accelerate/accelerator.py; src/accelerate/test_utils/scripts/test_script.py; src/accelerate/utils/imports.py; src/accelerate/utils/modeling.py,,,Latest Accelerate GPU FP8 TransformerEngine [dev],,Latest Accelerate GPU FP8 TransformerEngine [dev] -> .github:221 — buildx failed with: ERROR: failed to build: failed to solve: nvcr.io/nvidia/pytorch:25.07-py3: failed to resolve source metadata for nvcr.io/nvidia/pytorch:25.07-py3: nvcr.io/nvidia/pytorch:25.07-py3: not found,,
e8a1302259c214a0b5de,32,https://github.com/huggingface/accelerate/actions/runs/17350945139,0e4419b34724114f6530904c25cc21e83c0b509d,2025-08-31T01:34:03Z,src/accelerate/accelerator.py; src/accelerate/test_utils/scripts/test_script.py; src/accelerate/utils/imports.py; src/accelerate/utils/modeling.py,,,Latest Accelerate GPU FP8 TransformerEngine [dev],,Latest Accelerate GPU FP8 TransformerEngine [dev] -> .github:221 — buildx failed with: ERROR: failed to build: failed to solve: nvcr.io/nvidia/pytorch:25.07-py3: failed to resolve source metadata for nvcr.io/nvidia/pytorch:25.07-py3: nvcr.io/nvidia/pytorch:25.07-py3: not found,,
eece12f7a42ab93aacd5,1,https://github.com/huggingface/accelerate/actions/runs/17481131916,9f9c490c6ba01f598fb80b696e8b7ddaba9b2819,2025-09-05T01:34:11Z,src/accelerate/accelerator.py,,,Latest Accelerate GPU DeepSpeed [dev],,"Latest Accelerate GPU DeepSpeed [dev] -> .github:5226 — buildx failed with: ERROR: failed to build: failed to solve: process ""/bin/sh -c apt-get update && apt-get install -y curl git wget && apt-get clean && rm -rf /var/lib/apt/lists "" did not complete successfully: exit code: 100",,
d010fa0eacf1e17f9f9e,1,https://github.com/huggingface/accelerate/actions/runs/19005518025,a12beee389f6bd37cfae0aba233db03f375f7f80,2025-11-02T01:34:32Z,src/accelerate/utils/dataclasses.py,,,Latest Accelerate GPU DeepSpeed [dev],,"Latest Accelerate GPU DeepSpeed [dev] -> .github:405 — buildx failed with: ERROR: failed to build: failed to solve: process ""/bin/sh -c conda create --name accelerate python=${PYTHON_VERSION} ipython jupyter pip"" did not complete successfully: exit code: 1",,
bda396d777a41ee70465,1,https://github.com/huggingface/accelerate/actions/runs/20200785163,fa6e13d07f57e465400dc59395f0e746d58e9e62,2025-12-14T01:35:29Z,src/accelerate/accelerator.py; tests/fsdp/test_fsdp.py,,,Latest Accelerate CPU [dev],,Latest Accelerate CPU [dev] -> .github:9 — Error response from daemon: login attempt to https://registry-1.docker.io/v2/ failed with status: 429 Too Many Requests,,
c01cb4492899cea218f9,1,https://github.com/huggingface/accelerate/actions/runs/20630613262,db8835cc150c116f359122e6bc9dd66a9e480c37,2026-01-01T01:37:28Z,src/accelerate/hooks.py,,,Latest Accelerate GPU DeepSpeed [dev]; Latest Accelerate GPU [dev],,"Latest Accelerate GPU DeepSpeed [dev] -> .github:5292 — buildx failed with: ERROR: failed to build: failed to solve: process ""/bin/bash -c source activate accelerate && python3 -m pip install --no-cache-dir git+https://github.com/huggingface/accelerate egg=accelerate[testing,test_trackers,deepspeed] --extra-index-url https://download.pytorch.org/whl/cu126"" did not complete successfully: exit code: 1; Latest Accelerate GPU [dev] -> .github:5281 — buildx failed with: ERROR: failed to build: failed to solve: process ""/bin/bash -c source activate accelerate && python3 -m pip install --no-cache-dir git+https://github.com/huggingface/accelerate egg=accelerate[testing,test_trackers] --extra-index-url https://download.pytorch.org/whl/cu126"" did not complete successfully: exit code: 1",,
c01cb4492899cea218f9,2,https://github.com/huggingface/accelerate/actions/runs/20648886690,db8835cc150c116f359122e6bc9dd66a9e480c37,2026-01-02T01:35:57Z,src/accelerate/hooks.py,,,Latest Accelerate GPU DeepSpeed [dev]; Latest Accelerate GPU [dev],,"Latest Accelerate GPU DeepSpeed [dev] -> .github:5284 — buildx failed with: ERROR: failed to build: failed to solve: process ""/bin/bash -c source activate accelerate && python3 -m pip install --no-cache-dir git+https://github.com/huggingface/accelerate egg=accelerate[testing,test_trackers,deepspeed] --extra-index-url https://download.pytorch.org/whl/cu126"" did not complete successfully: exit code: 1; Latest Accelerate GPU [dev] -> .github:5320 — buildx failed with: ERROR: failed to build: failed to solve: process ""/bin/bash -c source activate accelerate && python3 -m pip install --no-cache-dir git+https://github.com/huggingface/accelerate egg=accelerate[testing,test_trackers] --extra-index-url https://download.pytorch.org/whl/cu126"" did not complete successfully: exit code: 1",,
507a3d3fdc20b5fa8ff5,1,https://github.com/huggingface/accelerate/actions/runs/21554365368,b7f2212e54b960a731fb786dac7afc574a7d1fa4,2026-02-01T01:38:12Z,,,,Latest Accelerate CPU [dev],,"Latest Accelerate CPU [dev] -> .github:861 — buildx failed with: ERROR: failed to build: failed to solve: process ""/bin/sh -c python3 -m pip install --no-cache-dir jupyter git+https://github.com/huggingface/accelerate egg=accelerate[testing,test_trackers] --extra-index-url https://download.pytorch.org/whl/cpu"" did not complete successfully: exit code: 1",,
507a3d3fdc20b5fa8ff5,2,https://github.com/huggingface/accelerate/actions/runs/21574399637,b7f2212e54b960a731fb786dac7afc574a7d1fa4,2026-02-02T01:39:42Z,,,,Latest Accelerate CPU [dev],,"Latest Accelerate CPU [dev] -> .github:860 — buildx failed with: ERROR: failed to build: failed to solve: process ""/bin/sh -c python3 -m pip install --no-cache-dir jupyter git+https://github.com/huggingface/accelerate egg=accelerate[testing,test_trackers] --extra-index-url https://download.pytorch.org/whl/cpu"" did not complete successfully: exit code: 1",,
507a3d3fdc20b5fa8ff5,3,https://github.com/huggingface/accelerate/actions/runs/21613344328,b7f2212e54b960a731fb786dac7afc574a7d1fa4,2026-02-03T01:39:07Z,,,,Latest Accelerate CPU [dev],,"Latest Accelerate CPU [dev] -> .github:860 — buildx failed with: ERROR: failed to build: failed to solve: process ""/bin/sh -c python3 -m pip install --no-cache-dir jupyter git+https://github.com/huggingface/accelerate egg=accelerate[testing,test_trackers] --extra-index-url https://download.pytorch.org/whl/cpu"" did not complete successfully: exit code: 1",,
507a3d3fdc20b5fa8ff5,4,https://github.com/huggingface/accelerate/actions/runs/21654945957,b7f2212e54b960a731fb786dac7afc574a7d1fa4,2026-02-04T01:38:34Z,,,,Latest Accelerate CPU [dev],,"Latest Accelerate CPU [dev] -> .github:861 — buildx failed with: ERROR: failed to build: failed to solve: process ""/bin/sh -c python3 -m pip install --no-cache-dir jupyter git+https://github.com/huggingface/accelerate egg=accelerate[testing,test_trackers] --extra-index-url https://download.pytorch.org/whl/cpu"" did not complete successfully: exit code: 1",,
507a3d3fdc20b5fa8ff5,5,https://github.com/huggingface/accelerate/actions/runs/21695397269,abb643d02ce2e2647672e8ce6cdcfa3694321603,2026-02-05T01:38:52Z,src/accelerate/accelerator.py; src/accelerate/utils/launch.py,,,Latest Accelerate CPU [dev],,"Latest Accelerate CPU [dev] -> .github:861 — buildx failed with: ERROR: failed to build: failed to solve: process ""/bin/sh -c python3 -m pip install --no-cache-dir jupyter git+https://github.com/huggingface/accelerate egg=accelerate[testing,test_trackers] --extra-index-url https://download.pytorch.org/whl/cpu"" did not complete successfully: exit code: 1",,
507a3d3fdc20b5fa8ff5,6,https://github.com/huggingface/accelerate/actions/runs/21735449429,abb643d02ce2e2647672e8ce6cdcfa3694321603,2026-02-06T01:38:23Z,src/accelerate/accelerator.py; src/accelerate/utils/launch.py,,,Latest Accelerate CPU [dev],,"Latest Accelerate CPU [dev] -> .github:861 — buildx failed with: ERROR: failed to build: failed to solve: process ""/bin/sh -c python3 -m pip install --no-cache-dir jupyter git+https://github.com/huggingface/accelerate egg=accelerate[testing,test_trackers] --extra-index-url https://download.pytorch.org/whl/cpu"" did not complete successfully: exit code: 1",,
507a3d3fdc20b5fa8ff5,7,https://github.com/huggingface/accelerate/actions/runs/21771873317,445ef7138648ee6a9c51375aab82ff9600c4d221,2026-02-07T01:37:44Z,examples/cv_example.py,,,Latest Accelerate CPU [dev],,"Latest Accelerate CPU [dev] -> .github:861 — buildx failed with: ERROR: failed to build: failed to solve: process ""/bin/sh -c python3 -m pip install --no-cache-dir jupyter git+https://github.com/huggingface/accelerate egg=accelerate[testing,test_trackers] --extra-index-url https://download.pytorch.org/whl/cpu"" did not complete successfully: exit code: 1",,
507a3d3fdc20b5fa8ff5,8,https://github.com/huggingface/accelerate/actions/runs/21790252787,445ef7138648ee6a9c51375aab82ff9600c4d221,2026-02-08T01:39:22Z,examples/cv_example.py,,,Latest Accelerate CPU [dev],,"Latest Accelerate CPU [dev] -> .github:861 — buildx failed with: ERROR: failed to build: failed to solve: process ""/bin/sh -c python3 -m pip install --no-cache-dir jupyter git+https://github.com/huggingface/accelerate egg=accelerate[testing,test_trackers] --extra-index-url https://download.pytorch.org/whl/cpu"" did not complete successfully: exit code: 1",,
507a3d3fdc20b5fa8ff5,9,https://github.com/huggingface/accelerate/actions/runs/21809449964,445ef7138648ee6a9c51375aab82ff9600c4d221,2026-02-09T01:39:46Z,examples/cv_example.py,,,Latest Accelerate CPU [dev],,"Latest Accelerate CPU [dev] -> .github:860 — buildx failed with: ERROR: failed to build: failed to solve: process ""/bin/sh -c python3 -m pip install --no-cache-dir jupyter git+https://github.com/huggingface/accelerate egg=accelerate[testing,test_trackers] --extra-index-url https://download.pytorch.org/whl/cpu"" did not complete successfully: exit code: 1",,
507a3d3fdc20b5fa8ff5,10,https://github.com/huggingface/accelerate/actions/runs/21848215521,445ef7138648ee6a9c51375aab82ff9600c4d221,2026-02-10T01:40:36Z,examples/cv_example.py,,,Latest Accelerate CPU [dev],,"Latest Accelerate CPU [dev] -> .github:858 — buildx failed with: ERROR: failed to build: failed to solve: process ""/bin/sh -c python3 -m pip install --no-cache-dir jupyter git+https://github.com/huggingface/accelerate egg=accelerate[testing,test_trackers] --extra-index-url https://download.pytorch.org/whl/cpu"" did not complete successfully: exit code: 1",,
507a3d3fdc20b5fa8ff5,11,https://github.com/huggingface/accelerate/actions/runs/21889425828,445ef7138648ee6a9c51375aab82ff9600c4d221,2026-02-11T01:40:34Z,examples/cv_example.py,,,Latest Accelerate CPU [dev]; Latest Accelerate GPU DeepSpeed [dev]; Latest Accelerate GPU [dev],,"Latest Accelerate CPU [dev] -> .github:860 — buildx failed with: ERROR: failed to build: failed to solve: process ""/bin/sh -c python3 -m pip install --no-cache-dir jupyter git+https://github.com/huggingface/accelerate egg=accelerate[testing,test_trackers] --extra-index-url https://download.pytorch.org/whl/cpu"" did not complete successfully: exit code: 1; Latest Accelerate GPU DeepSpeed [dev] -> .github:4660 — buildx failed with: ERROR: failed to build: failed to solve: process ""/bin/bash -c source activate accelerate && python3 -m pip install --no-cache-dir git+https://github.com/huggingface/accelerate egg=accelerate[testing,test_trackers,deepspeed] --extra-index-url https://download.pytorch.org/whl/cu126"" did not complete successfully: exit code: 1; Latest Accelerate GPU [dev] -> .github:4706 — buildx failed with: ERROR: failed to build: failed to solve: process ""/bin/bash -c source activate accelerate && python3 -m pip install --no-cache-dir git+https://github.com/huggingface/accelerate egg=accelerate[testing,test_trackers] --extra-index-url https://download.pytorch.org/whl/cu126"" did not complete successfully: exit code: 1",,
507a3d3fdc20b5fa8ff5,12,https://github.com/huggingface/accelerate/actions/runs/21930218524,445ef7138648ee6a9c51375aab82ff9600c4d221,2026-02-12T01:39:40Z,examples/cv_example.py,,,Latest Accelerate CPU [dev]; Latest Accelerate GPU DeepSpeed [dev]; Latest Accelerate GPU [dev],,"Latest Accelerate CPU [dev] -> .github:861 — buildx failed with: ERROR: failed to build: failed to solve: process ""/bin/sh -c python3 -m pip install --no-cache-dir jupyter git+https://github.com/huggingface/accelerate egg=accelerate[testing,test_trackers] --extra-index-url https://download.pytorch.org/whl/cpu"" did not complete successfully: exit code: 1; Latest Accelerate GPU DeepSpeed [dev] -> .github:4670 — buildx failed with: ERROR: failed to build: failed to solve: process ""/bin/bash -c source activate accelerate && python3 -m pip install --no-cache-dir git+https://github.com/huggingface/accelerate egg=accelerate[testing,test_trackers,deepspeed] --extra-index-url https://download.pytorch.org/whl/cu126"" did not complete successfully: exit code: 1; Latest Accelerate GPU [dev] -> .github:4677 — buildx failed with: ERROR: failed to build: failed to solve: process ""/bin/bash -c source activate accelerate && python3 -m pip install --no-cache-dir git+https://github.com/huggingface/accelerate egg=accelerate[testing,test_trackers] --extra-index-url https://download.pytorch.org/whl/cu126"" did not complete successfully: exit code: 1",,
507a3d3fdc20b5fa8ff5,13,https://github.com/huggingface/accelerate/actions/runs/21971334548,445ef7138648ee6a9c51375aab82ff9600c4d221,2026-02-13T01:39:35Z,examples/cv_example.py,,,Latest Accelerate CPU [dev]; Latest Accelerate GPU DeepSpeed [dev]; Latest Accelerate GPU [dev],,"Latest Accelerate CPU [dev] -> .github:860 — buildx failed with: ERROR: failed to build: failed to solve: process ""/bin/sh -c python3 -m pip install --no-cache-dir jupyter git+https://github.com/huggingface/accelerate egg=accelerate[testing,test_trackers] --extra-index-url https://download.pytorch.org/whl/cpu"" did not complete successfully: exit code: 1; Latest Accelerate GPU DeepSpeed [dev] -> .github:4678 — buildx failed with: ERROR: failed to build: failed to solve: process ""/bin/bash -c source activate accelerate && python3 -m pip install --no-cache-dir git+https://github.com/huggingface/accelerate egg=accelerate[testing,test_trackers,deepspeed] --extra-index-url https://download.pytorch.org/whl/cu126"" did not complete successfully: exit code: 1; Latest Accelerate GPU [dev] -> .github:4684 — buildx failed with: ERROR: failed to build: failed to solve: process ""/bin/bash -c source activate accelerate && python3 -m pip install --no-cache-dir git+https://github.com/huggingface/accelerate egg=accelerate[testing,test_trackers] --extra-index-url https://download.pytorch.org/whl/cu126"" did not complete successfully: exit code: 1",,
507a3d3fdc20b5fa8ff5,14,https://github.com/huggingface/accelerate/actions/runs/22008749413,8b4c216b176e7462848d8e6c513ed72d8ea2efe2,2026-02-14T01:38:28Z,src/accelerate/accelerator.py,,,Latest Accelerate CPU [dev]; Latest Accelerate GPU DeepSpeed [dev]; Latest Accelerate GPU [dev],,"Latest Accelerate CPU [dev] -> .github:860 — buildx failed with: ERROR: failed to build: failed to solve: process ""/bin/sh -c python3 -m pip install --no-cache-dir jupyter git+https://github.com/huggingface/accelerate egg=accelerate[testing,test_trackers] --extra-index-url https://download.pytorch.org/whl/cpu"" did not complete successfully: exit code: 1; Latest Accelerate GPU DeepSpeed [dev] -> .github:4672 — buildx failed with: ERROR: failed to build: failed to solve: process ""/bin/bash -c source activate accelerate && python3 -m pip install --no-cache-dir git+https://github.com/huggingface/accelerate egg=accelerate[testing,test_trackers,deepspeed] --extra-index-url https://download.pytorch.org/whl/cu126"" did not complete successfully: exit code: 1; Latest Accelerate GPU [dev] -> .github:4664 — buildx failed with: ERROR: failed to build: failed to solve: process ""/bin/bash -c source activate accelerate && python3 -m pip install --no-cache-dir git+https://github.com/huggingface/accelerate egg=accelerate[testing,test_trackers] --extra-index-url https://download.pytorch.org/whl/cu126"" did not complete successfully: exit code: 1",,
507a3d3fdc20b5fa8ff5,15,https://github.com/huggingface/accelerate/actions/runs/22027655156,8b4c216b176e7462848d8e6c513ed72d8ea2efe2,2026-02-15T01:38:57Z,src/accelerate/accelerator.py,,,Latest Accelerate CPU [dev]; Latest Accelerate GPU DeepSpeed [dev]; Latest Accelerate GPU [dev],,"Latest Accelerate CPU [dev] -> .github:861 — buildx failed with: ERROR: failed to build: failed to solve: process ""/bin/sh -c python3 -m pip install --no-cache-dir jupyter git+https://github.com/huggingface/accelerate egg=accelerate[testing,test_trackers] --extra-index-url https://download.pytorch.org/whl/cpu"" did not complete successfully: exit code: 1; Latest Accelerate GPU DeepSpeed [dev] -> .github:4676 — buildx failed with: ERROR: failed to build: failed to solve: process ""/bin/bash -c source activate accelerate && python3 -m pip install --no-cache-dir git+https://github.com/huggingface/accelerate egg=accelerate[testing,test_trackers,deepspeed] --extra-index-url https://download.pytorch.org/whl/cu126"" did not complete successfully: exit code: 1; Latest Accelerate GPU [dev] -> .github:4685 — buildx failed with: ERROR: failed to build: failed to solve: process ""/bin/bash -c source activate accelerate && python3 -m pip install --no-cache-dir git+https://github.com/huggingface/accelerate egg=accelerate[testing,test_trackers] --extra-index-url https://download.pytorch.org/whl/cu126"" did not complete successfully: exit code: 1",,
507a3d3fdc20b5fa8ff5,16,https://github.com/huggingface/accelerate/actions/runs/22047256456,8b4c216b176e7462848d8e6c513ed72d8ea2efe2,2026-02-16T01:39:20Z,src/accelerate/accelerator.py,,,Latest Accelerate CPU [dev]; Latest Accelerate GPU DeepSpeed [dev]; Latest Accelerate GPU [dev],,"Latest Accelerate CPU [dev] -> .github:861 — buildx failed with: ERROR: failed to build: failed to solve: process ""/bin/sh -c python3 -m pip install --no-cache-dir jupyter git+https://github.com/huggingface/accelerate egg=accelerate[testing,test_trackers] --extra-index-url https://download.pytorch.org/whl/cpu"" did not complete successfully: exit code: 1; Latest Accelerate GPU DeepSpeed [dev] -> .github:4686 — buildx failed with: ERROR: failed to build: failed to solve: process ""/bin/bash -c source activate accelerate && python3 -m pip install --no-cache-dir git+https://github.com/huggingface/accelerate egg=accelerate[testing,test_trackers,deepspeed] --extra-index-url https://download.pytorch.org/whl/cu126"" did not complete successfully: exit code: 1; Latest Accelerate GPU [dev] -> .github:4661 — buildx failed with: ERROR: failed to build: failed to solve: process ""/bin/bash -c source activate accelerate && python3 -m pip install --no-cache-dir git+https://github.com/huggingface/accelerate egg=accelerate[testing,test_trackers] --extra-index-url https://download.pytorch.org/whl/cu126"" did not complete successfully: exit code: 1",,
507a3d3fdc20b5fa8ff5,17,https://github.com/huggingface/accelerate/actions/runs/22082971007,1e1ffd41e2cfddc2d97b04345a0b4201e07790b2,2026-02-17T01:39:09Z,src/accelerate/accelerator.py; src/accelerate/big_modeling.py; src/accelerate/checkpointing.py; src/accelerate/commands/config/cluster.py; src/accelerate/commands/config/config_utils.py; src/accelerate/commands/config/default.py; src/accelerate/commands/env.py; src/accelerate/commands/launch.py; src/accelerate/hooks.py; src/accelerate/local_sgd.py; src/accelerate/state.py; src/accelerate/test_utils/__init__.py; src/accelerate/test_utils/scripts/external_deps/test_peak_memory_usage.py; src/accelerate/test_utils/scripts/test_sync.py; src/accelerate/test_utils/testing.py; src/accelerate/utils/__init__.py; src/accelerate/utils/constants.py; src/accelerate/utils/dataclasses.py; src/accelerate/utils/imports.py; src/accelerate/utils/launch.py; src/accelerate/utils/memory.py; src/accelerate/utils/modeling.py; src/accelerate/utils/operations.py; src/accelerate/utils/random.py,,,Latest Accelerate CPU [dev]; Latest Accelerate GPU DeepSpeed [dev]; Latest Accelerate GPU [dev],,"Latest Accelerate CPU [dev] -> .github:861 — buildx failed with: ERROR: failed to build: failed to solve: process ""/bin/sh -c python3 -m pip install --no-cache-dir jupyter git+https://github.com/huggingface/accelerate egg=accelerate[testing,test_trackers] --extra-index-url https://download.pytorch.org/whl/cpu"" did not complete successfully: exit code: 1; Latest Accelerate GPU DeepSpeed [dev] -> .github:4661 — buildx failed with: ERROR: failed to build: failed to solve: process ""/bin/bash -c source activate accelerate && python3 -m pip install --no-cache-dir git+https://github.com/huggingface/accelerate egg=accelerate[testing,test_trackers,deepspeed] --extra-index-url https://download.pytorch.org/whl/cu126"" did not complete successfully: exit code: 1; Latest Accelerate GPU [dev] -> .github:4677 — buildx failed with: ERROR: failed to build: failed to solve: process ""/bin/bash -c source activate accelerate && python3 -m pip install --no-cache-dir git+https://github.com/huggingface/accelerate egg=accelerate[testing,test_trackers] --extra-index-url https://download.pytorch.org/whl/cu126"" did not complete successfully: exit code: 1",,
507a3d3fdc20b5fa8ff5,18,https://github.com/huggingface/accelerate/actions/runs/22123029768,1e1ffd41e2cfddc2d97b04345a0b4201e07790b2,2026-02-18T01:39:09Z,src/accelerate/accelerator.py; src/accelerate/big_modeling.py; src/accelerate/checkpointing.py; src/accelerate/commands/config/cluster.py; src/accelerate/commands/config/config_utils.py; src/accelerate/commands/config/default.py; src/accelerate/commands/env.py; src/accelerate/commands/launch.py; src/accelerate/hooks.py; src/accelerate/local_sgd.py; src/accelerate/state.py; src/accelerate/test_utils/__init__.py; src/accelerate/test_utils/scripts/external_deps/test_peak_memory_usage.py; src/accelerate/test_utils/scripts/test_sync.py; src/accelerate/test_utils/testing.py; src/accelerate/utils/__init__.py; src/accelerate/utils/constants.py; src/accelerate/utils/dataclasses.py; src/accelerate/utils/imports.py; src/accelerate/utils/launch.py; src/accelerate/utils/memory.py; src/accelerate/utils/modeling.py; src/accelerate/utils/operations.py; src/accelerate/utils/random.py,,,Latest Accelerate CPU [dev]; Latest Accelerate GPU DeepSpeed [dev]; Latest Accelerate GPU [dev],,"Latest Accelerate CPU [dev] -> .github:861 — buildx failed with: ERROR: failed to build: failed to solve: process ""/bin/sh -c python3 -m pip install --no-cache-dir jupyter git+https://github.com/huggingface/accelerate egg=accelerate[testing,test_trackers] --extra-index-url https://download.pytorch.org/whl/cpu"" did not complete successfully: exit code: 1; Latest Accelerate GPU DeepSpeed [dev] -> .github:4687 — buildx failed with: ERROR: failed to build: failed to solve: process ""/bin/bash -c source activate accelerate && python3 -m pip install --no-cache-dir git+https://github.com/huggingface/accelerate egg=accelerate[testing,test_trackers,deepspeed] --extra-index-url https://download.pytorch.org/whl/cu126"" did not complete successfully: exit code: 1; Latest Accelerate GPU [dev] -> .github:4670 — buildx failed with: ERROR: failed to build: failed to solve: process ""/bin/bash -c source activate accelerate && python3 -m pip install --no-cache-dir git+https://github.com/huggingface/accelerate egg=accelerate[testing,test_trackers] --extra-index-url https://download.pytorch.org/whl/cu126"" did not complete successfully: exit code: 1",,
507a3d3fdc20b5fa8ff5,19,https://github.com/huggingface/accelerate/actions/runs/22165061985,46ba4818cca2103195d7b953779c63ee4027ce61,2026-02-19T01:38:59Z,src/accelerate/accelerator.py; src/accelerate/big_modeling.py; src/accelerate/checkpointing.py; src/accelerate/commands/config/cluster.py; src/accelerate/commands/config/config_utils.py; src/accelerate/commands/config/default.py; src/accelerate/commands/env.py; src/accelerate/commands/launch.py; src/accelerate/hooks.py; src/accelerate/local_sgd.py; src/accelerate/state.py; src/accelerate/test_utils/__init__.py; src/accelerate/test_utils/scripts/external_deps/test_peak_memory_usage.py; src/accelerate/test_utils/scripts/test_sync.py; src/accelerate/test_utils/testing.py; src/accelerate/utils/__init__.py; src/accelerate/utils/constants.py; src/accelerate/utils/dataclasses.py; src/accelerate/utils/imports.py; src/accelerate/utils/launch.py; src/accelerate/utils/memory.py; src/accelerate/utils/modeling.py; src/accelerate/utils/operations.py; src/accelerate/utils/random.py,,,Latest Accelerate CPU [dev]; Latest Accelerate GPU DeepSpeed [dev]; Latest Accelerate GPU [dev],,"Latest Accelerate CPU [dev] -> .github:861 — buildx failed with: ERROR: failed to build: failed to solve: process ""/bin/sh -c python3 -m pip install --no-cache-dir jupyter git+https://github.com/huggingface/accelerate egg=accelerate[testing,test_trackers] --extra-index-url https://download.pytorch.org/whl/cpu"" did not complete successfully: exit code: 1; Latest Accelerate GPU DeepSpeed [dev] -> .github:4672 — buildx failed with: ERROR: failed to build: failed to solve: process ""/bin/bash -c source activate accelerate && python3 -m pip install --no-cache-dir git+https://github.com/huggingface/accelerate egg=accelerate[testing,test_trackers,deepspeed] --extra-index-url https://download.pytorch.org/whl/cu126"" did not complete successfully: exit code: 1; Latest Accelerate GPU [dev] -> .github:4685 — buildx failed with: ERROR: failed to build: failed to solve: process ""/bin/bash -c source activate accelerate && python3 -m pip install --no-cache-dir git+https://github.com/huggingface/accelerate egg=accelerate[testing,test_trackers] --extra-index-url https://download.pytorch.org/whl/cu126"" did not complete successfully: exit code: 1",,
507a3d3fdc20b5fa8ff5,20,https://github.com/huggingface/accelerate/actions/runs/22207770295,46ba4818cca2103195d7b953779c63ee4027ce61,2026-02-20T01:39:23Z,src/accelerate/accelerator.py; src/accelerate/big_modeling.py; src/accelerate/checkpointing.py; src/accelerate/commands/config/cluster.py; src/accelerate/commands/config/config_utils.py; src/accelerate/commands/config/default.py; src/accelerate/commands/env.py; src/accelerate/commands/launch.py; src/accelerate/hooks.py; src/accelerate/local_sgd.py; src/accelerate/state.py; src/accelerate/test_utils/__init__.py; src/accelerate/test_utils/scripts/external_deps/test_peak_memory_usage.py; src/accelerate/test_utils/scripts/test_sync.py; src/accelerate/test_utils/testing.py; src/accelerate/utils/__init__.py; src/accelerate/utils/constants.py; src/accelerate/utils/dataclasses.py; src/accelerate/utils/imports.py; src/accelerate/utils/launch.py; src/accelerate/utils/memory.py; src/accelerate/utils/modeling.py; src/accelerate/utils/operations.py; src/accelerate/utils/random.py,,,Latest Accelerate CPU [dev]; Latest Accelerate GPU DeepSpeed [dev]; Latest Accelerate GPU [dev],,"Latest Accelerate CPU [dev] -> .github:861 — buildx failed with: ERROR: failed to build: failed to solve: process ""/bin/sh -c python3 -m pip install --no-cache-dir jupyter git+https://github.com/huggingface/accelerate egg=accelerate[testing,test_trackers] --extra-index-url https://download.pytorch.org/whl/cpu"" did not complete successfully: exit code: 1; Latest Accelerate GPU DeepSpeed [dev] -> .github:4683 — buildx failed with: ERROR: failed to build: failed to solve: process ""/bin/bash -c source activate accelerate && python3 -m pip install --no-cache-dir git+https://github.com/huggingface/accelerate egg=accelerate[testing,test_trackers,deepspeed] --extra-index-url https://download.pytorch.org/whl/cu126"" did not complete successfully: exit code: 1; Latest Accelerate GPU [dev] -> .github:4711 — buildx failed with: ERROR: failed to build: failed to solve: process ""/bin/bash -c source activate accelerate && python3 -m pip install --no-cache-dir git+https://github.com/huggingface/accelerate egg=accelerate[testing,test_trackers] --extra-index-url https://download.pytorch.org/whl/cu126"" did not complete successfully: exit code: 1",,
507a3d3fdc20b5fa8ff5,21,https://github.com/huggingface/accelerate/actions/runs/22247815683,46ba4818cca2103195d7b953779c63ee4027ce61,2026-02-21T01:37:36Z,src/accelerate/accelerator.py; src/accelerate/big_modeling.py; src/accelerate/checkpointing.py; src/accelerate/commands/config/cluster.py; src/accelerate/commands/config/config_utils.py; src/accelerate/commands/config/default.py; src/accelerate/commands/env.py; src/accelerate/commands/launch.py; src/accelerate/hooks.py; src/accelerate/local_sgd.py; src/accelerate/state.py; src/accelerate/test_utils/__init__.py; src/accelerate/test_utils/scripts/external_deps/test_peak_memory_usage.py; src/accelerate/test_utils/scripts/test_sync.py; src/accelerate/test_utils/testing.py; src/accelerate/utils/__init__.py; src/accelerate/utils/constants.py; src/accelerate/utils/dataclasses.py; src/accelerate/utils/imports.py; src/accelerate/utils/launch.py; src/accelerate/utils/memory.py; src/accelerate/utils/modeling.py; src/accelerate/utils/operations.py; src/accelerate/utils/random.py,,,Latest Accelerate CPU [dev]; Latest Accelerate GPU DeepSpeed [dev]; Latest Accelerate GPU [dev],,"Latest Accelerate CPU [dev] -> .github:860 — buildx failed with: ERROR: failed to build: failed to solve: process ""/bin/sh -c python3 -m pip install --no-cache-dir jupyter git+https://github.com/huggingface/accelerate egg=accelerate[testing,test_trackers] --extra-index-url https://download.pytorch.org/whl/cpu"" did not complete successfully: exit code: 1; Latest Accelerate GPU DeepSpeed [dev] -> .github:4673 — buildx failed with: ERROR: failed to build: failed to solve: process ""/bin/bash -c source activate accelerate && python3 -m pip install --no-cache-dir git+https://github.com/huggingface/accelerate egg=accelerate[testing,test_trackers,deepspeed] --extra-index-url https://download.pytorch.org/whl/cu126"" did not complete successfully: exit code: 1; Latest Accelerate GPU [dev] -> .github:4692 — buildx failed with: ERROR: failed to build: failed to solve: process ""/bin/bash -c source activate accelerate && python3 -m pip install --no-cache-dir git+https://github.com/huggingface/accelerate egg=accelerate[testing,test_trackers] --extra-index-url https://download.pytorch.org/whl/cu126"" did not complete successfully: exit code: 1",,
507a3d3fdc20b5fa8ff5,22,https://github.com/huggingface/accelerate/actions/runs/22268189750,46ba4818cca2103195d7b953779c63ee4027ce61,2026-02-22T01:38:20Z,src/accelerate/accelerator.py; src/accelerate/big_modeling.py; src/accelerate/checkpointing.py; src/accelerate/commands/config/cluster.py; src/accelerate/commands/config/config_utils.py; src/accelerate/commands/config/default.py; src/accelerate/commands/env.py; src/accelerate/commands/launch.py; src/accelerate/hooks.py; src/accelerate/local_sgd.py; src/accelerate/state.py; src/accelerate/test_utils/__init__.py; src/accelerate/test_utils/scripts/external_deps/test_peak_memory_usage.py; src/accelerate/test_utils/scripts/test_sync.py; src/accelerate/test_utils/testing.py; src/accelerate/utils/__init__.py; src/accelerate/utils/constants.py; src/accelerate/utils/dataclasses.py; src/accelerate/utils/imports.py; src/accelerate/utils/launch.py; src/accelerate/utils/memory.py; src/accelerate/utils/modeling.py; src/accelerate/utils/operations.py; src/accelerate/utils/random.py,,,Latest Accelerate CPU [dev]; Latest Accelerate GPU DeepSpeed [dev]; Latest Accelerate GPU [dev],,"Latest Accelerate CPU [dev] -> .github:861 — buildx failed with: ERROR: failed to build: failed to solve: process ""/bin/sh -c python3 -m pip install --no-cache-dir jupyter git+https://github.com/huggingface/accelerate egg=accelerate[testing,test_trackers] --extra-index-url https://download.pytorch.org/whl/cpu"" did not complete successfully: exit code: 1; Latest Accelerate GPU DeepSpeed [dev] -> .github:4667 — buildx failed with: ERROR: failed to build: failed to solve: process ""/bin/bash -c source activate accelerate && python3 -m pip install --no-cache-dir git+https://github.com/huggingface/accelerate egg=accelerate[testing,test_trackers,deepspeed] --extra-index-url https://download.pytorch.org/whl/cu126"" did not complete successfully: exit code: 1; Latest Accelerate GPU [dev] -> .github:4660 — buildx failed with: ERROR: failed to build: failed to solve: process ""/bin/bash -c source activate accelerate && python3 -m pip install --no-cache-dir git+https://github.com/huggingface/accelerate egg=accelerate[testing,test_trackers] --extra-index-url https://download.pytorch.org/whl/cu126"" did not complete successfully: exit code: 1",,
507a3d3fdc20b5fa8ff5,23,https://github.com/huggingface/accelerate/actions/runs/22289997256,46ba4818cca2103195d7b953779c63ee4027ce61,2026-02-23T01:39:35Z,src/accelerate/accelerator.py; src/accelerate/big_modeling.py; src/accelerate/checkpointing.py; src/accelerate/commands/config/cluster.py; src/accelerate/commands/config/config_utils.py; src/accelerate/commands/config/default.py; src/accelerate/commands/env.py; src/accelerate/commands/launch.py; src/accelerate/hooks.py; src/accelerate/local_sgd.py; src/accelerate/state.py; src/accelerate/test_utils/__init__.py; src/accelerate/test_utils/scripts/external_deps/test_peak_memory_usage.py; src/accelerate/test_utils/scripts/test_sync.py; src/accelerate/test_utils/testing.py; src/accelerate/utils/__init__.py; src/accelerate/utils/constants.py; src/accelerate/utils/dataclasses.py; src/accelerate/utils/imports.py; src/accelerate/utils/launch.py; src/accelerate/utils/memory.py; src/accelerate/utils/modeling.py; src/accelerate/utils/operations.py; src/accelerate/utils/random.py,,,Latest Accelerate CPU [dev]; Latest Accelerate GPU DeepSpeed [dev]; Latest Accelerate GPU [dev],,"Latest Accelerate CPU [dev] -> .github:861 — buildx failed with: ERROR: failed to build: failed to solve: process ""/bin/sh -c python3 -m pip install --no-cache-dir jupyter git+https://github.com/huggingface/accelerate egg=accelerate[testing,test_trackers] --extra-index-url https://download.pytorch.org/whl/cpu"" did not complete successfully: exit code: 1; Latest Accelerate GPU DeepSpeed [dev] -> .github:4676 — buildx failed with: ERROR: failed to build: failed to solve: process ""/bin/bash -c source activate accelerate && python3 -m pip install --no-cache-dir git+https://github.com/huggingface/accelerate egg=accelerate[testing,test_trackers,deepspeed] --extra-index-url https://download.pytorch.org/whl/cu126"" did not complete successfully: exit code: 1; Latest Accelerate GPU [dev] -> .github:4676 — buildx failed with: ERROR: failed to build: failed to solve: process ""/bin/bash -c source activate accelerate && python3 -m pip install --no-cache-dir git+https://github.com/huggingface/accelerate egg=accelerate[testing,test_trackers] --extra-index-url https://download.pytorch.org/whl/cu126"" did not complete successfully: exit code: 1",,
507a3d3fdc20b5fa8ff5,24,https://github.com/huggingface/accelerate/actions/runs/22332884726,46ba4818cca2103195d7b953779c63ee4027ce61,2026-02-24T01:39:14Z,src/accelerate/accelerator.py; src/accelerate/big_modeling.py; src/accelerate/checkpointing.py; src/accelerate/commands/config/cluster.py; src/accelerate/commands/config/config_utils.py; src/accelerate/commands/config/default.py; src/accelerate/commands/env.py; src/accelerate/commands/launch.py; src/accelerate/hooks.py; src/accelerate/local_sgd.py; src/accelerate/state.py; src/accelerate/test_utils/__init__.py; src/accelerate/test_utils/scripts/external_deps/test_peak_memory_usage.py; src/accelerate/test_utils/scripts/test_sync.py; src/accelerate/test_utils/testing.py; src/accelerate/utils/__init__.py; src/accelerate/utils/constants.py; src/accelerate/utils/dataclasses.py; src/accelerate/utils/imports.py; src/accelerate/utils/launch.py; src/accelerate/utils/memory.py; src/accelerate/utils/modeling.py; src/accelerate/utils/operations.py; src/accelerate/utils/random.py,,,Latest Accelerate CPU [dev]; Latest Accelerate GPU DeepSpeed [dev]; Latest Accelerate GPU [dev],,"Latest Accelerate CPU [dev] -> .github:861 — buildx failed with: ERROR: failed to build: failed to solve: process ""/bin/sh -c python3 -m pip install --no-cache-dir jupyter git+https://github.com/huggingface/accelerate egg=accelerate[testing,test_trackers] --extra-index-url https://download.pytorch.org/whl/cpu"" did not complete successfully: exit code: 1; Latest Accelerate GPU DeepSpeed [dev] -> .github:4582 — buildx failed with: ERROR: failed to build: failed to solve: process ""/bin/bash -c source activate accelerate && python3 -m pip install --no-cache-dir git+https://github.com/huggingface/accelerate egg=accelerate[testing,test_trackers,deepspeed] --extra-index-url https://download.pytorch.org/whl/cu126"" did not complete successfully: exit code: 1; Latest Accelerate GPU [dev] -> .github:4600 — buildx failed with: ERROR: failed to build: failed to solve: process ""/bin/bash -c source activate accelerate && python3 -m pip install --no-cache-dir git+https://github.com/huggingface/accelerate egg=accelerate[testing,test_trackers] --extra-index-url https://download.pytorch.org/whl/cu126"" did not complete successfully: exit code: 1",,
507a3d3fdc20b5fa8ff5,25,https://github.com/huggingface/accelerate/actions/runs/22378213672,46ba4818cca2103195d7b953779c63ee4027ce61,2026-02-25T01:37:46Z,src/accelerate/accelerator.py; src/accelerate/big_modeling.py; src/accelerate/checkpointing.py; src/accelerate/commands/config/cluster.py; src/accelerate/commands/config/config_utils.py; src/accelerate/commands/config/default.py; src/accelerate/commands/env.py; src/accelerate/commands/launch.py; src/accelerate/hooks.py; src/accelerate/local_sgd.py; src/accelerate/state.py; src/accelerate/test_utils/__init__.py; src/accelerate/test_utils/scripts/external_deps/test_peak_memory_usage.py; src/accelerate/test_utils/scripts/test_sync.py; src/accelerate/test_utils/testing.py; src/accelerate/utils/__init__.py; src/accelerate/utils/constants.py; src/accelerate/utils/dataclasses.py; src/accelerate/utils/imports.py; src/accelerate/utils/launch.py; src/accelerate/utils/memory.py; src/accelerate/utils/modeling.py; src/accelerate/utils/operations.py; src/accelerate/utils/random.py,,,Latest Accelerate CPU [dev]; Latest Accelerate GPU DeepSpeed [dev]; Latest Accelerate GPU [dev],,"Latest Accelerate CPU [dev] -> .github:860 — buildx failed with: ERROR: failed to build: failed to solve: process ""/bin/sh -c python3 -m pip install --no-cache-dir jupyter git+https://github.com/huggingface/accelerate egg=accelerate[testing,test_trackers] --extra-index-url https://download.pytorch.org/whl/cpu"" did not complete successfully: exit code: 1; Latest Accelerate GPU DeepSpeed [dev] -> .github:4593 — buildx failed with: ERROR: failed to build: failed to solve: process ""/bin/bash -c source activate accelerate && python3 -m pip install --no-cache-dir git+https://github.com/huggingface/accelerate egg=accelerate[testing,test_trackers,deepspeed] --extra-index-url https://download.pytorch.org/whl/cu126"" did not complete successfully: exit code: 1; Latest Accelerate GPU [dev] -> .github:4596 — buildx failed with: ERROR: failed to build: failed to solve: process ""/bin/bash -c source activate accelerate && python3 -m pip install --no-cache-dir git+https://github.com/huggingface/accelerate egg=accelerate[testing,test_trackers] --extra-index-url https://download.pytorch.org/whl/cu126"" did not complete successfully: exit code: 1",,
507a3d3fdc20b5fa8ff5,26,https://github.com/huggingface/accelerate/actions/runs/22424056186,ae36c7441db40808422f31d3e792e69a3abf0a20,2026-02-26T01:38:23Z,src/accelerate/checkpointing.py,,,Latest Accelerate CPU [dev]; Latest Accelerate GPU DeepSpeed [dev]; Latest Accelerate GPU [dev],,"Latest Accelerate CPU [dev] -> .github:861 — buildx failed with: ERROR: failed to build: failed to solve: process ""/bin/sh -c python3 -m pip install --no-cache-dir jupyter git+https://github.com/huggingface/accelerate egg=accelerate[testing,test_trackers] --extra-index-url https://download.pytorch.org/whl/cpu"" did not complete successfully: exit code: 1; Latest Accelerate GPU DeepSpeed [dev] -> .github:4604 — buildx failed with: ERROR: failed to build: failed to solve: process ""/bin/bash -c source activate accelerate && python3 -m pip install --no-cache-dir git+https://github.com/huggingface/accelerate egg=accelerate[testing,test_trackers,deepspeed] --extra-index-url https://download.pytorch.org/whl/cu126"" did not complete successfully: exit code: 1; Latest Accelerate GPU [dev] -> .github:4622 — buildx failed with: ERROR: failed to build: failed to solve: process ""/bin/bash -c source activate accelerate && python3 -m pip install --no-cache-dir git+https://github.com/huggingface/accelerate egg=accelerate[testing,test_trackers] --extra-index-url https://download.pytorch.org/whl/cu126"" did not complete successfully: exit code: 1",,
507a3d3fdc20b5fa8ff5,27,https://github.com/huggingface/accelerate/actions/runs/22469058254,3bffed54e30095d51de9aeacb21b9c348f1c4b3c,2026-02-27T01:38:50Z,src/accelerate/accelerator.py; src/accelerate/big_modeling.py; src/accelerate/checkpointing.py; src/accelerate/commands/config/cluster.py; src/accelerate/commands/config/config_utils.py; src/accelerate/commands/config/default.py; src/accelerate/commands/env.py; src/accelerate/commands/launch.py; src/accelerate/local_sgd.py; src/accelerate/state.py; src/accelerate/test_utils/scripts/external_deps/test_peak_memory_usage.py; src/accelerate/test_utils/scripts/test_sync.py; src/accelerate/test_utils/testing.py; src/accelerate/utils/__init__.py; src/accelerate/utils/constants.py; src/accelerate/utils/dataclasses.py; src/accelerate/utils/environment.py; src/accelerate/utils/imports.py; src/accelerate/utils/launch.py; src/accelerate/utils/memory.py; src/accelerate/utils/modeling.py; src/accelerate/utils/random.py,,,Latest Accelerate CPU [dev]; Latest Accelerate GPU DeepSpeed [dev]; Latest Accelerate GPU [dev],,"Latest Accelerate CPU [dev] -> .github:861 — buildx failed with: ERROR: failed to build: failed to solve: process ""/bin/sh -c python3 -m pip install --no-cache-dir jupyter git+https://github.com/huggingface/accelerate egg=accelerate[testing,test_trackers] --extra-index-url https://download.pytorch.org/whl/cpu"" did not complete successfully: exit code: 1; Latest Accelerate GPU DeepSpeed [dev] -> .github:4615 — buildx failed with: ERROR: failed to build: failed to solve: process ""/bin/bash -c source activate accelerate && python3 -m pip install --no-cache-dir git+https://github.com/huggingface/accelerate egg=accelerate[testing,test_trackers,deepspeed] --extra-index-url https://download.pytorch.org/whl/cu126"" did not complete successfully: exit code: 1; Latest Accelerate GPU [dev] -> .github:4595 — buildx failed with: ERROR: failed to build: failed to solve: process ""/bin/bash -c source activate accelerate && python3 -m pip install --no-cache-dir git+https://github.com/huggingface/accelerate egg=accelerate[testing,test_trackers] --extra-index-url https://download.pytorch.org/whl/cu126"" did not complete successfully: exit code: 1",,
507a3d3fdc20b5fa8ff5,28,https://github.com/huggingface/accelerate/actions/runs/22510547271,edd98518ef7fd15b496676bdd92199fdd7bb47e9,2026-02-28T01:37:14Z,examples/by_feature/gradient_accumulation_for_autoregressive_models.py; src/accelerate/test_utils/training.py; tests/test_accelerator.py; tests/test_examples.py; tests/test_load_checkpoint_and_dispatch_with_broadcast.py,.github/workflows/test.yml,,Latest Accelerate CPU [dev]; Latest Accelerate GPU DeepSpeed [dev]; Latest Accelerate GPU [dev],,"Latest Accelerate CPU [dev] -> .github:861 — buildx failed with: ERROR: failed to build: failed to solve: process ""/bin/sh -c python3 -m pip install --no-cache-dir jupyter git+https://github.com/huggingface/accelerate egg=accelerate[testing,test_trackers] --extra-index-url https://download.pytorch.org/whl/cpu"" did not complete successfully: exit code: 1; Latest Accelerate GPU DeepSpeed [dev] -> .github:4618 — buildx failed with: ERROR: failed to build: failed to solve: process ""/bin/bash -c source activate accelerate && python3 -m pip install --no-cache-dir git+https://github.com/huggingface/accelerate egg=accelerate[testing,test_trackers,deepspeed] --extra-index-url https://download.pytorch.org/whl/cu126"" did not complete successfully: exit code: 1; Latest Accelerate GPU [dev] -> .github:4605 — buildx failed with: ERROR: failed to build: failed to solve: process ""/bin/bash -c source activate accelerate && python3 -m pip install --no-cache-dir git+https://github.com/huggingface/accelerate egg=accelerate[testing,test_trackers] --extra-index-url https://download.pytorch.org/whl/cu126"" did not complete successfully: exit code: 1",,
507a3d3fdc20b5fa8ff5,29,https://github.com/huggingface/accelerate/actions/runs/22533377446,edd98518ef7fd15b496676bdd92199fdd7bb47e9,2026-03-01T01:38:07Z,examples/by_feature/gradient_accumulation_for_autoregressive_models.py; src/accelerate/test_utils/training.py; tests/test_accelerator.py; tests/test_examples.py; tests/test_load_checkpoint_and_dispatch_with_broadcast.py,.github/workflows/test.yml,,Latest Accelerate CPU [dev]; Latest Accelerate GPU DeepSpeed [dev]; Latest Accelerate GPU [dev],,"Latest Accelerate CPU [dev] -> .github:860 — buildx failed with: ERROR: failed to build: failed to solve: process ""/bin/sh -c python3 -m pip install --no-cache-dir jupyter git+https://github.com/huggingface/accelerate egg=accelerate[testing,test_trackers] --extra-index-url https://download.pytorch.org/whl/cpu"" did not complete successfully: exit code: 1; Latest Accelerate GPU DeepSpeed [dev] -> .github:4593 — buildx failed with: ERROR: failed to build: failed to solve: process ""/bin/bash -c source activate accelerate && python3 -m pip install --no-cache-dir git+https://github.com/huggingface/accelerate egg=accelerate[testing,test_trackers,deepspeed] --extra-index-url https://download.pytorch.org/whl/cu126"" did not complete successfully: exit code: 1; Latest Accelerate GPU [dev] -> .github:4615 — buildx failed with: ERROR: failed to build: failed to solve: process ""/bin/bash -c source activate accelerate && python3 -m pip install --no-cache-dir git+https://github.com/huggingface/accelerate egg=accelerate[testing,test_trackers] --extra-index-url https://download.pytorch.org/whl/cu126"" did not complete successfully: exit code: 1",,
507a3d3fdc20b5fa8ff5,30,https://github.com/huggingface/accelerate/actions/runs/22557951514,edd98518ef7fd15b496676bdd92199fdd7bb47e9,2026-03-02T01:39:19Z,examples/by_feature/gradient_accumulation_for_autoregressive_models.py; src/accelerate/test_utils/training.py; tests/test_accelerator.py; tests/test_examples.py; tests/test_load_checkpoint_and_dispatch_with_broadcast.py,.github/workflows/test.yml,,Latest Accelerate CPU [dev]; Latest Accelerate GPU DeepSpeed [dev]; Latest Accelerate GPU [dev],,"Latest Accelerate CPU [dev] -> .github:861 — buildx failed with: ERROR: failed to build: failed to solve: process ""/bin/sh -c python3 -m pip install --no-cache-dir jupyter git+https://github.com/huggingface/accelerate egg=accelerate[testing,test_trackers] --extra-index-url https://download.pytorch.org/whl/cpu"" did not complete successfully: exit code: 1; Latest Accelerate GPU DeepSpeed [dev] -> .github:4591 — buildx failed with: ERROR: failed to build: failed to solve: process ""/bin/bash -c source activate accelerate && python3 -m pip install --no-cache-dir git+https://github.com/huggingface/accelerate egg=accelerate[testing,test_trackers,deepspeed] --extra-index-url https://download.pytorch.org/whl/cu126"" did not complete successfully: exit code: 1; Latest Accelerate GPU [dev] -> .github:4589 — buildx failed with: ERROR: failed to build: failed to solve: process ""/bin/bash -c source activate accelerate && python3 -m pip install --no-cache-dir git+https://github.com/huggingface/accelerate egg=accelerate[testing,test_trackers] --extra-index-url https://download.pytorch.org/whl/cu126"" did not complete successfully: exit code: 1",,
507a3d3fdc20b5fa8ff5,31,https://github.com/huggingface/accelerate/actions/runs/22604266975,8067abae81abbd176af65dc9694f9f99dacf3985,2026-03-03T01:39:18Z,src/accelerate/data_loader.py,,,Latest Accelerate CPU [dev]; Latest Accelerate GPU DeepSpeed [dev]; Latest Accelerate GPU [dev],,"Latest Accelerate CPU [dev] -> .github:860 — buildx failed with: ERROR: failed to build: failed to solve: process ""/bin/sh -c python3 -m pip install --no-cache-dir jupyter git+https://github.com/huggingface/accelerate egg=accelerate[testing,test_trackers] --extra-index-url https://download.pytorch.org/whl/cpu"" did not complete successfully: exit code: 1; Latest Accelerate GPU DeepSpeed [dev] -> .github:4613 — buildx failed with: ERROR: failed to build: failed to solve: process ""/bin/bash -c source activate accelerate && python3 -m pip install --no-cache-dir git+https://github.com/huggingface/accelerate egg=accelerate[testing,test_trackers,deepspeed] --extra-index-url https://download.pytorch.org/whl/cu126"" did not complete successfully: exit code: 1; Latest Accelerate GPU [dev] -> .github:4590 — buildx failed with: ERROR: failed to build: failed to solve: process ""/bin/bash -c source activate accelerate && python3 -m pip install --no-cache-dir git+https://github.com/huggingface/accelerate egg=accelerate[testing,test_trackers] --extra-index-url https://download.pytorch.org/whl/cu126"" did not complete successfully: exit code: 1",,
507a3d3fdc20b5fa8ff5,32,https://github.com/huggingface/accelerate/actions/runs/22651131243,beed693e4f58820ad97c79e4373af944c8fdb3d4,2026-03-04T01:38:27Z,src/accelerate/accelerator.py,,,Latest Accelerate CPU [dev]; Latest Accelerate GPU DeepSpeed [dev]; Latest Accelerate GPU [dev],,"Latest Accelerate CPU [dev] -> .github:860 — buildx failed with: ERROR: failed to build: failed to solve: process ""/bin/sh -c python3 -m pip install --no-cache-dir jupyter git+https://github.com/huggingface/accelerate egg=accelerate[testing,test_trackers] --extra-index-url https://download.pytorch.org/whl/cpu"" did not complete successfully: exit code: 1; Latest Accelerate GPU DeepSpeed [dev] -> .github:4665 — buildx failed with: ERROR: failed to build: failed to solve: process ""/bin/bash -c source activate accelerate && python3 -m pip install --no-cache-dir git+https://github.com/huggingface/accelerate egg=accelerate[testing,test_trackers,deepspeed] --extra-index-url https://download.pytorch.org/whl/cu126"" did not complete successfully: exit code: 1; Latest Accelerate GPU [dev] -> .github:4667 — buildx failed with: ERROR: failed to build: failed to solve: process ""/bin/bash -c source activate accelerate && python3 -m pip install --no-cache-dir git+https://github.com/huggingface/accelerate egg=accelerate[testing,test_trackers] --extra-index-url https://download.pytorch.org/whl/cu126"" did not complete successfully: exit code: 1",,
507a3d3fdc20b5fa8ff5,33,https://github.com/huggingface/accelerate/actions/runs/22698184271,74427420dc8cfaa9f4880d2c782b84574d553144,2026-03-05T01:39:01Z,setup.py; src/accelerate/__init__.py,setup.py,,Latest Accelerate CPU [dev]; Latest Accelerate GPU DeepSpeed [dev]; Latest Accelerate GPU [dev],,"Latest Accelerate CPU [dev] -> .github:861 — buildx failed with: ERROR: failed to build: failed to solve: process ""/bin/sh -c python3 -m pip install --no-cache-dir jupyter git+https://github.com/huggingface/accelerate egg=accelerate[testing,test_trackers] --extra-index-url https://download.pytorch.org/whl/cpu"" did not complete successfully: exit code: 1; Latest Accelerate GPU DeepSpeed [dev] -> .github:4670 — buildx failed with: ERROR: failed to build: failed to solve: process ""/bin/bash -c source activate accelerate && python3 -m pip install --no-cache-dir git+https://github.com/huggingface/accelerate egg=accelerate[testing,test_trackers,deepspeed] --extra-index-url https://download.pytorch.org/whl/cu126"" did not complete successfully: exit code: 1; Latest Accelerate GPU [dev] -> .github:4688 — buildx failed with: ERROR: failed to build: failed to solve: process ""/bin/bash -c source activate accelerate && python3 -m pip install --no-cache-dir git+https://github.com/huggingface/accelerate egg=accelerate[testing,test_trackers] --extra-index-url https://download.pytorch.org/whl/cu126"" did not complete successfully: exit code: 1",,
507a3d3fdc20b5fa8ff5,34,https://github.com/huggingface/accelerate/actions/runs/22745070091,74427420dc8cfaa9f4880d2c782b84574d553144,2026-03-06T01:38:57Z,setup.py; src/accelerate/__init__.py,setup.py,,Latest Accelerate CPU [dev]; Latest Accelerate GPU DeepSpeed [dev]; Latest Accelerate GPU [dev],,"Latest Accelerate CPU [dev] -> .github:862 — buildx failed with: ERROR: failed to build: failed to solve: process ""/bin/sh -c python3 -m pip install --no-cache-dir jupyter git+https://github.com/huggingface/accelerate egg=accelerate[testing,test_trackers] --extra-index-url https://download.pytorch.org/whl/cpu"" did not complete successfully: exit code: 1; Latest Accelerate GPU DeepSpeed [dev] -> .github:4645 — buildx failed with: ERROR: failed to build: failed to solve: process ""/bin/bash -c source activate accelerate && python3 -m pip install --no-cache-dir git+https://github.com/huggingface/accelerate egg=accelerate[testing,test_trackers,deepspeed] --extra-index-url https://download.pytorch.org/whl/cu126"" did not complete successfully: exit code: 1; Latest Accelerate GPU [dev] -> .github:4670 — buildx failed with: ERROR: failed to build: failed to solve: process ""/bin/bash -c source activate accelerate && python3 -m pip install --no-cache-dir git+https://github.com/huggingface/accelerate egg=accelerate[testing,test_trackers] --extra-index-url https://download.pytorch.org/whl/cu126"" did not complete successfully: exit code: 1",,
507a3d3fdc20b5fa8ff5,35,https://github.com/huggingface/accelerate/actions/runs/22789137483,3e27a7c69e372d770ebb21e2a810e79754250c5c,2026-03-07T01:38:01Z,src/accelerate/data_loader.py; src/accelerate/test_utils/testing.py; tests/test_data_loader.py,,,Latest Accelerate CPU [dev]; Latest Accelerate GPU DeepSpeed [dev]; Latest Accelerate GPU [dev],,"Latest Accelerate CPU [dev] -> .github:863 — buildx failed with: ERROR: failed to build: failed to solve: process ""/bin/sh -c python3 -m pip install --no-cache-dir jupyter git+https://github.com/huggingface/accelerate egg=accelerate[testing,test_trackers] --extra-index-url https://download.pytorch.org/whl/cpu"" did not complete successfully: exit code: 1; Latest Accelerate GPU DeepSpeed [dev] -> .github:4622 — buildx failed with: ERROR: failed to build: failed to solve: process ""/bin/bash -c source activate accelerate && python3 -m pip install --no-cache-dir git+https://github.com/huggingface/accelerate egg=accelerate[testing,test_trackers,deepspeed] --extra-index-url https://download.pytorch.org/whl/cu126"" did not complete successfully: exit code: 1; Latest Accelerate GPU [dev] -> .github:4628 — buildx failed with: ERROR: failed to build: failed to solve: process ""/bin/bash -c source activate accelerate && python3 -m pip install --no-cache-dir git+https://github.com/huggingface/accelerate egg=accelerate[testing,test_trackers] --extra-index-url https://download.pytorch.org/whl/cu126"" did not complete successfully: exit code: 1",,
507a3d3fdc20b5fa8ff5,36,https://github.com/huggingface/accelerate/actions/runs/22811421597,3e27a7c69e372d770ebb21e2a810e79754250c5c,2026-03-08T01:38:12Z,src/accelerate/data_loader.py; src/accelerate/test_utils/testing.py; tests/test_data_loader.py,,,Latest Accelerate CPU [dev]; Latest Accelerate GPU DeepSpeed [dev]; Latest Accelerate GPU [dev],,"Latest Accelerate CPU [dev] -> .github:862 — buildx failed with: ERROR: failed to build: failed to solve: process ""/bin/sh -c python3 -m pip install --no-cache-dir jupyter git+https://github.com/huggingface/accelerate egg=accelerate[testing,test_trackers] --extra-index-url https://download.pytorch.org/whl/cpu"" did not complete successfully: exit code: 1; Latest Accelerate GPU DeepSpeed [dev] -> .github:4619 — buildx failed with: ERROR: failed to build: failed to solve: process ""/bin/bash -c source activate accelerate && python3 -m pip install --no-cache-dir git+https://github.com/huggingface/accelerate egg=accelerate[testing,test_trackers,deepspeed] --extra-index-url https://download.pytorch.org/whl/cu126"" did not complete successfully: exit code: 1; Latest Accelerate GPU [dev] -> .github:4661 — buildx failed with: ERROR: failed to build: failed to solve: process ""/bin/bash -c source activate accelerate && python3 -m pip install --no-cache-dir git+https://github.com/huggingface/accelerate egg=accelerate[testing,test_trackers] --extra-index-url https://download.pytorch.org/whl/cu126"" did not complete successfully: exit code: 1",,
507a3d3fdc20b5fa8ff5,37,https://github.com/huggingface/accelerate/actions/runs/22834857406,3e27a7c69e372d770ebb21e2a810e79754250c5c,2026-03-09T01:39:32Z,src/accelerate/data_loader.py; src/accelerate/test_utils/testing.py; tests/test_data_loader.py,,,Latest Accelerate CPU [dev]; Latest Accelerate GPU DeepSpeed [dev]; Latest Accelerate GPU [dev],,"Latest Accelerate CPU [dev] -> .github:863 — buildx failed with: ERROR: failed to build: failed to solve: process ""/bin/sh -c python3 -m pip install --no-cache-dir jupyter git+https://github.com/huggingface/accelerate egg=accelerate[testing,test_trackers] --extra-index-url https://download.pytorch.org/whl/cpu"" did not complete successfully: exit code: 1; Latest Accelerate GPU DeepSpeed [dev] -> .github:4707 — buildx failed with: ERROR: failed to build: failed to solve: process ""/bin/bash -c source activate accelerate && python3 -m pip install --no-cache-dir git+https://github.com/huggingface/accelerate egg=accelerate[testing,test_trackers,deepspeed] --extra-index-url https://download.pytorch.org/whl/cu126"" did not complete successfully: exit code: 1; Latest Accelerate GPU [dev] -> .github:4740 — buildx failed with: ERROR: failed to build: failed to solve: process ""/bin/bash -c source activate accelerate && python3 -m pip install --no-cache-dir git+https://github.com/huggingface/accelerate egg=accelerate[testing,test_trackers] --extra-index-url https://download.pytorch.org/whl/cu126"" did not complete successfully: exit code: 1",,
507a3d3fdc20b5fa8ff5,38,https://github.com/huggingface/accelerate/actions/runs/22883058402,3e27a7c69e372d770ebb21e2a810e79754250c5c,2026-03-10T01:38:35Z,src/accelerate/data_loader.py; src/accelerate/test_utils/testing.py; tests/test_data_loader.py,,,Latest Accelerate CPU [dev]; Latest Accelerate GPU DeepSpeed [dev]; Latest Accelerate GPU [dev],,"Latest Accelerate CPU [dev] -> .github:862 — buildx failed with: ERROR: failed to build: failed to solve: process ""/bin/sh -c python3 -m pip install --no-cache-dir jupyter git+https://github.com/huggingface/accelerate egg=accelerate[testing,test_trackers] --extra-index-url https://download.pytorch.org/whl/cpu"" did not complete successfully: exit code: 1; Latest Accelerate GPU DeepSpeed [dev] -> .github:4626 — buildx failed with: ERROR: failed to build: failed to solve: process ""/bin/bash -c source activate accelerate && python3 -m pip install --no-cache-dir git+https://github.com/huggingface/accelerate egg=accelerate[testing,test_trackers,deepspeed] --extra-index-url https://download.pytorch.org/whl/cu126"" did not complete successfully: exit code: 1; Latest Accelerate GPU [dev] -> .github:4615 — buildx failed with: ERROR: failed to build: failed to solve: process ""/bin/bash -c source activate accelerate && python3 -m pip install --no-cache-dir git+https://github.com/huggingface/accelerate egg=accelerate[testing,test_trackers] --extra-index-url https://download.pytorch.org/whl/cu126"" did not complete successfully: exit code: 1",,
507a3d3fdc20b5fa8ff5,39,https://github.com/huggingface/accelerate/actions/runs/22932492751,f317f8248c2c7d2abcd519e07b0e79136d1919f1,2026-03-11T01:38:23Z,src/accelerate/commands/launch.py; src/accelerate/utils/dataclasses.py,,,Latest Accelerate CPU [dev]; Latest Accelerate GPU DeepSpeed [dev]; Latest Accelerate GPU [dev],,"Latest Accelerate CPU [dev] -> .github:862 — buildx failed with: ERROR: failed to build: failed to solve: process ""/bin/sh -c python3 -m pip install --no-cache-dir jupyter git+https://github.com/huggingface/accelerate egg=accelerate[testing,test_trackers] --extra-index-url https://download.pytorch.org/whl/cpu"" did not complete successfully: exit code: 1; Latest Accelerate GPU DeepSpeed [dev] -> .github:4638 — buildx failed with: ERROR: failed to build: failed to solve: process ""/bin/bash -c source activate accelerate && python3 -m pip install --no-cache-dir git+https://github.com/huggingface/accelerate egg=accelerate[testing,test_trackers,deepspeed] --extra-index-url https://download.pytorch.org/whl/cu126"" did not complete successfully: exit code: 1; Latest Accelerate GPU [dev] -> .github:4614 — buildx failed with: ERROR: failed to build: failed to solve: process ""/bin/bash -c source activate accelerate && python3 -m pip install --no-cache-dir git+https://github.com/huggingface/accelerate egg=accelerate[testing,test_trackers] --extra-index-url https://download.pytorch.org/whl/cu126"" did not complete successfully: exit code: 1",,
507a3d3fdc20b5fa8ff5,40,https://github.com/huggingface/accelerate/actions/runs/22982760763,9bbee85fe9d687419fe42b32df510798c32ad9ef,2026-03-12T01:39:33Z,src/accelerate/accelerator.py,,,Latest Accelerate CPU [dev]; Latest Accelerate GPU DeepSpeed [dev]; Latest Accelerate GPU [dev],,"Latest Accelerate CPU [dev] -> .github:861 — buildx failed with: ERROR: failed to build: failed to solve: process ""/bin/sh -c python3 -m pip install --no-cache-dir jupyter git+https://github.com/huggingface/accelerate egg=accelerate[testing,test_trackers] --extra-index-url https://download.pytorch.org/whl/cpu"" did not complete successfully: exit code: 1; Latest Accelerate GPU DeepSpeed [dev] -> .github:4640 — buildx failed with: ERROR: failed to build: failed to solve: process ""/bin/bash -c source activate accelerate && python3 -m pip install --no-cache-dir git+https://github.com/huggingface/accelerate egg=accelerate[testing,test_trackers,deepspeed] --extra-index-url https://download.pytorch.org/whl/cu126"" did not complete successfully: exit code: 1; Latest Accelerate GPU [dev] -> .github:4606 — buildx failed with: ERROR: failed to build: failed to solve: process ""/bin/bash -c source activate accelerate && python3 -m pip install --no-cache-dir git+https://github.com/huggingface/accelerate egg=accelerate[testing,test_trackers] --extra-index-url https://download.pytorch.org/whl/cu126"" did not complete successfully: exit code: 1",,
507a3d3fdc20b5fa8ff5,41,https://github.com/huggingface/accelerate/actions/runs/23032271803,9bbee85fe9d687419fe42b32df510798c32ad9ef,2026-03-13T01:38:36Z,src/accelerate/accelerator.py,,,Latest Accelerate CPU [dev]; Latest Accelerate GPU DeepSpeed [dev]; Latest Accelerate GPU [dev],,"Latest Accelerate CPU [dev] -> .github:862 — buildx failed with: ERROR: failed to build: failed to solve: process ""/bin/sh -c python3 -m pip install --no-cache-dir jupyter git+https://github.com/huggingface/accelerate egg=accelerate[testing,test_trackers] --extra-index-url https://download.pytorch.org/whl/cpu"" did not complete successfully: exit code: 1; Latest Accelerate GPU DeepSpeed [dev] -> .github:4611 — buildx failed with: ERROR: failed to build: failed to solve: process ""/bin/bash -c source activate accelerate && python3 -m pip install --no-cache-dir git+https://github.com/huggingface/accelerate egg=accelerate[testing,test_trackers,deepspeed] --extra-index-url https://download.pytorch.org/whl/cu126"" did not complete successfully: exit code: 1; Latest Accelerate GPU [dev] -> .github:4644 — buildx failed with: ERROR: failed to build: failed to solve: process ""/bin/bash -c source activate accelerate && python3 -m pip install --no-cache-dir git+https://github.com/huggingface/accelerate egg=accelerate[testing,test_trackers] --extra-index-url https://download.pytorch.org/whl/cu126"" did not complete successfully: exit code: 1",,
507a3d3fdc20b5fa8ff5,42,https://github.com/huggingface/accelerate/actions/runs/23077456030,3475dcfa14d78257446f7a22fac2d2aef2cdcc7b,2026-03-14T01:38:15Z,src/accelerate/utils/modeling.py,,,Latest Accelerate CPU [dev]; Latest Accelerate GPU DeepSpeed [dev]; Latest Accelerate GPU [dev],,"Latest Accelerate CPU [dev] -> .github:862 — buildx failed with: ERROR: failed to build: failed to solve: process ""/bin/sh -c python3 -m pip install --no-cache-dir jupyter git+https://github.com/huggingface/accelerate egg=accelerate[testing,test_trackers] --extra-index-url https://download.pytorch.org/whl/cpu"" did not complete successfully: exit code: 1; Latest Accelerate GPU DeepSpeed [dev] -> .github:4632 — buildx failed with: ERROR: failed to build: failed to solve: process ""/bin/bash -c source activate accelerate && python3 -m pip install --no-cache-dir git+https://github.com/huggingface/accelerate egg=accelerate[testing,test_trackers,deepspeed] --extra-index-url https://download.pytorch.org/whl/cu126"" did not complete successfully: exit code: 1; Latest Accelerate GPU [dev] -> .github:4604 — buildx failed with: ERROR: failed to build: failed to solve: process ""/bin/bash -c source activate accelerate && python3 -m pip install --no-cache-dir git+https://github.com/huggingface/accelerate egg=accelerate[testing,test_trackers] --extra-index-url https://download.pytorch.org/whl/cu126"" did not complete successfully: exit code: 1",,
507a3d3fdc20b5fa8ff5,43,https://github.com/huggingface/accelerate/actions/runs/23100815073,3475dcfa14d78257446f7a22fac2d2aef2cdcc7b,2026-03-15T01:39:30Z,src/accelerate/utils/modeling.py,,,Latest Accelerate CPU [dev]; Latest Accelerate GPU DeepSpeed [dev]; Latest Accelerate GPU [dev],,"Latest Accelerate CPU [dev] -> .github:943 — buildx failed with: ERROR: failed to build: failed to solve: process ""/bin/sh -c python3 -m pip install --no-cache-dir jupyter git+https://github.com/huggingface/accelerate egg=accelerate[testing,test_trackers] --extra-index-url https://download.pytorch.org/whl/cpu"" did not complete successfully: exit code: 1; Latest Accelerate GPU DeepSpeed [dev] -> .github:4611 — buildx failed with: ERROR: failed to build: failed to solve: process ""/bin/bash -c source activate accelerate && python3 -m pip install --no-cache-dir git+https://github.com/huggingface/accelerate egg=accelerate[testing,test_trackers,deepspeed] --extra-index-url https://download.pytorch.org/whl/cu126"" did not complete successfully: exit code: 1; Latest Accelerate GPU [dev] -> .github:4602 — buildx failed with: ERROR: failed to build: failed to solve: process ""/bin/bash -c source activate accelerate && python3 -m pip install --no-cache-dir git+https://github.com/huggingface/accelerate egg=accelerate[testing,test_trackers] --extra-index-url https://download.pytorch.org/whl/cu126"" did not complete successfully: exit code: 1",,
507a3d3fdc20b5fa8ff5,44,https://github.com/huggingface/accelerate/actions/runs/23124400807,3475dcfa14d78257446f7a22fac2d2aef2cdcc7b,2026-03-16T01:40:54Z,src/accelerate/utils/modeling.py,,,Latest Accelerate CPU [dev]; Latest Accelerate GPU DeepSpeed [dev]; Latest Accelerate GPU [dev],,"Latest Accelerate CPU [dev] -> .github:943 — buildx failed with: ERROR: failed to build: failed to solve: process ""/bin/sh -c python3 -m pip install --no-cache-dir jupyter git+https://github.com/huggingface/accelerate egg=accelerate[testing,test_trackers] --extra-index-url https://download.pytorch.org/whl/cpu"" did not complete successfully: exit code: 1; Latest Accelerate GPU DeepSpeed [dev] -> .github:4637 — buildx failed with: ERROR: failed to build: failed to solve: process ""/bin/bash -c source activate accelerate && python3 -m pip install --no-cache-dir git+https://github.com/huggingface/accelerate egg=accelerate[testing,test_trackers,deepspeed] --extra-index-url https://download.pytorch.org/whl/cu126"" did not complete successfully: exit code: 1; Latest Accelerate GPU [dev] -> .github:4630 — buildx failed with: ERROR: failed to build: failed to solve: process ""/bin/bash -c source activate accelerate && python3 -m pip install --no-cache-dir git+https://github.com/huggingface/accelerate egg=accelerate[testing,test_trackers] --extra-index-url https://download.pytorch.org/whl/cu126"" did not complete successfully: exit code: 1",,
507a3d3fdc20b5fa8ff5,45,https://github.com/huggingface/accelerate/actions/runs/23174353002,3475dcfa14d78257446f7a22fac2d2aef2cdcc7b,2026-03-17T01:39:03Z,src/accelerate/utils/modeling.py,,,Latest Accelerate CPU [dev]; Latest Accelerate GPU DeepSpeed [dev]; Latest Accelerate GPU [dev],,"Latest Accelerate CPU [dev] -> .github:942 — buildx failed with: ERROR: failed to build: failed to solve: process ""/bin/sh -c python3 -m pip install --no-cache-dir jupyter git+https://github.com/huggingface/accelerate egg=accelerate[testing,test_trackers] --extra-index-url https://download.pytorch.org/whl/cpu"" did not complete successfully: exit code: 1; Latest Accelerate GPU DeepSpeed [dev] -> .github:4654 — buildx failed with: ERROR: failed to build: failed to solve: process ""/bin/bash -c source activate accelerate && python3 -m pip install --no-cache-dir git+https://github.com/huggingface/accelerate egg=accelerate[testing,test_trackers,deepspeed] --extra-index-url https://download.pytorch.org/whl/cu126"" did not complete successfully: exit code: 1; Latest Accelerate GPU [dev] -> .github:4611 — buildx failed with: ERROR: failed to build: failed to solve: process ""/bin/bash -c source activate accelerate && python3 -m pip install --no-cache-dir git+https://github.com/huggingface/accelerate egg=accelerate[testing,test_trackers] --extra-index-url https://download.pytorch.org/whl/cu126"" did not complete successfully: exit code: 1",,
507a3d3fdc20b5fa8ff5,46,https://github.com/huggingface/accelerate/actions/runs/23224998264,13640d3242e73f01295f8a323351b2ad45d07d89,2026-03-18T01:40:00Z,src/accelerate/utils/modeling.py,,,Latest Accelerate CPU [dev]; Latest Accelerate GPU DeepSpeed [dev]; Latest Accelerate GPU [dev],,"Latest Accelerate CPU [dev] -> .github:862 — buildx failed with: ERROR: failed to build: failed to solve: process ""/bin/sh -c python3 -m pip install --no-cache-dir jupyter git+https://github.com/huggingface/accelerate egg=accelerate[testing,test_trackers] --extra-index-url https://download.pytorch.org/whl/cpu"" did not complete successfully: exit code: 1; Latest Accelerate GPU DeepSpeed [dev] -> .github:4613 — buildx failed with: ERROR: failed to build: failed to solve: process ""/bin/bash -c source activate accelerate && python3 -m pip install --no-cache-dir git+https://github.com/huggingface/accelerate egg=accelerate[testing,test_trackers,deepspeed] --extra-index-url https://download.pytorch.org/whl/cu126"" did not complete successfully: exit code: 1; Latest Accelerate GPU [dev] -> .github:4631 — buildx failed with: ERROR: failed to build: failed to solve: process ""/bin/bash -c source activate accelerate && python3 -m pip install --no-cache-dir git+https://github.com/huggingface/accelerate egg=accelerate[testing,test_trackers] --extra-index-url https://download.pytorch.org/whl/cu126"" did not complete successfully: exit code: 1",,
507a3d3fdc20b5fa8ff5,47,https://github.com/huggingface/accelerate/actions/runs/23275674465,13640d3242e73f01295f8a323351b2ad45d07d89,2026-03-19T01:40:15Z,src/accelerate/utils/modeling.py,,,Latest Accelerate CPU [dev]; Latest Accelerate GPU DeepSpeed [dev]; Latest Accelerate GPU [dev],,"Latest Accelerate CPU [dev] -> .github:862 — buildx failed with: ERROR: failed to build: failed to solve: process ""/bin/sh -c python3 -m pip install --no-cache-dir jupyter git+https://github.com/huggingface/accelerate egg=accelerate[testing,test_trackers] --extra-index-url https://download.pytorch.org/whl/cpu"" did not complete successfully: exit code: 1; Latest Accelerate GPU DeepSpeed [dev] -> .github:4620 — buildx failed with: ERROR: failed to build: failed to solve: process ""/bin/bash -c source activate accelerate && python3 -m pip install --no-cache-dir git+https://github.com/huggingface/accelerate egg=accelerate[testing,test_trackers,deepspeed] --extra-index-url https://download.pytorch.org/whl/cu126"" did not complete successfully: exit code: 1; Latest Accelerate GPU [dev] -> .github:4626 — buildx failed with: ERROR: failed to build: failed to solve: process ""/bin/bash -c source activate accelerate && python3 -m pip install --no-cache-dir git+https://github.com/huggingface/accelerate egg=accelerate[testing,test_trackers] --extra-index-url https://download.pytorch.org/whl/cu126"" did not complete successfully: exit code: 1",,
507a3d3fdc20b5fa8ff5,48,https://github.com/huggingface/accelerate/actions/runs/23325403137,13640d3242e73f01295f8a323351b2ad45d07d89,2026-03-20T01:39:10Z,src/accelerate/utils/modeling.py,,,Latest Accelerate CPU [dev]; Latest Accelerate GPU DeepSpeed [dev]; Latest Accelerate GPU [dev],,"Latest Accelerate CPU [dev] -> .github:862 — buildx failed with: ERROR: failed to build: failed to solve: process ""/bin/sh -c python3 -m pip install --no-cache-dir jupyter git+https://github.com/huggingface/accelerate egg=accelerate[testing,test_trackers] --extra-index-url https://download.pytorch.org/whl/cpu"" did not complete successfully: exit code: 1; Latest Accelerate GPU DeepSpeed [dev] -> .github:4621 — buildx failed with: ERROR: failed to build: failed to solve: process ""/bin/bash -c source activate accelerate && python3 -m pip install --no-cache-dir git+https://github.com/huggingface/accelerate egg=accelerate[testing,test_trackers,deepspeed] --extra-index-url https://download.pytorch.org/whl/cu126"" did not complete successfully: exit code: 1; Latest Accelerate GPU [dev] -> .github:4626 — buildx failed with: ERROR: failed to build: failed to solve: process ""/bin/bash -c source activate accelerate && python3 -m pip install --no-cache-dir git+https://github.com/huggingface/accelerate egg=accelerate[testing,test_trackers] --extra-index-url https://download.pytorch.org/whl/cu126"" did not complete successfully: exit code: 1",,
507a3d3fdc20b5fa8ff5,49,https://github.com/huggingface/accelerate/actions/runs/23369257865,1622df332f4a12d20cb2f8dd60a8266e7b82c329,2026-03-21T01:38:02Z,src/accelerate/tracking.py,,,Latest Accelerate CPU [dev]; Latest Accelerate GPU DeepSpeed [dev]; Latest Accelerate GPU [dev],,"Latest Accelerate CPU [dev] -> .github:862 — buildx failed with: ERROR: failed to build: failed to solve: process ""/bin/sh -c python3 -m pip install --no-cache-dir jupyter git+https://github.com/huggingface/accelerate egg=accelerate[testing,test_trackers] --extra-index-url https://download.pytorch.org/whl/cpu"" did not complete successfully: exit code: 1; Latest Accelerate GPU DeepSpeed [dev] -> .github:4632 — buildx failed with: ERROR: failed to build: failed to solve: process ""/bin/bash -c source activate accelerate && python3 -m pip install --no-cache-dir git+https://github.com/huggingface/accelerate egg=accelerate[testing,test_trackers,deepspeed] --extra-index-url https://download.pytorch.org/whl/cu126"" did not complete successfully: exit code: 1; Latest Accelerate GPU [dev] -> .github:4632 — buildx failed with: ERROR: failed to build: failed to solve: process ""/bin/bash -c source activate accelerate && python3 -m pip install --no-cache-dir git+https://github.com/huggingface/accelerate egg=accelerate[testing,test_trackers] --extra-index-url https://download.pytorch.org/whl/cu126"" did not complete successfully: exit code: 1",,
507a3d3fdc20b5fa8ff5,50,https://github.com/huggingface/accelerate/actions/runs/23393167103,1622df332f4a12d20cb2f8dd60a8266e7b82c329,2026-03-22T01:38:35Z,src/accelerate/tracking.py,,,Latest Accelerate CPU [dev]; Latest Accelerate GPU DeepSpeed [dev]; Latest Accelerate GPU [dev],,"Latest Accelerate CPU [dev] -> .github:862 — buildx failed with: ERROR: failed to build: failed to solve: process ""/bin/sh -c python3 -m pip install --no-cache-dir jupyter git+https://github.com/huggingface/accelerate egg=accelerate[testing,test_trackers] --extra-index-url https://download.pytorch.org/whl/cpu"" did not complete successfully: exit code: 1; Latest Accelerate GPU DeepSpeed [dev] -> .github:4609 — buildx failed with: ERROR: failed to build: failed to solve: process ""/bin/bash -c source activate accelerate && python3 -m pip install --no-cache-dir git+https://github.com/huggingface/accelerate egg=accelerate[testing,test_trackers,deepspeed] --extra-index-url https://download.pytorch.org/whl/cu126"" did not complete successfully: exit code: 1; Latest Accelerate GPU [dev] -> .github:4602 — buildx failed with: ERROR: failed to build: failed to solve: process ""/bin/bash -c source activate accelerate && python3 -m pip install --no-cache-dir git+https://github.com/huggingface/accelerate egg=accelerate[testing,test_trackers] --extra-index-url https://download.pytorch.org/whl/cu126"" did not complete successfully: exit code: 1",,
507a3d3fdc20b5fa8ff5,51,https://github.com/huggingface/accelerate/actions/runs/23417790291,1622df332f4a12d20cb2f8dd60a8266e7b82c329,2026-03-23T01:39:59Z,src/accelerate/tracking.py,,,Latest Accelerate CPU [dev]; Latest Accelerate GPU DeepSpeed [dev]; Latest Accelerate GPU [dev],,"Latest Accelerate CPU [dev] -> .github:868 — buildx failed with: ERROR: failed to build: failed to solve: process ""/bin/sh -c python3 -m pip install --no-cache-dir jupyter git+https://github.com/huggingface/accelerate egg=accelerate[testing,test_trackers] --extra-index-url https://download.pytorch.org/whl/cpu"" did not complete successfully: exit code: 1; Latest Accelerate GPU DeepSpeed [dev] -> .github:4634 — buildx failed with: ERROR: failed to build: failed to solve: process ""/bin/bash -c source activate accelerate && python3 -m pip install --no-cache-dir git+https://github.com/huggingface/accelerate egg=accelerate[testing,test_trackers,deepspeed] --extra-index-url https://download.pytorch.org/whl/cu126"" did not complete successfully: exit code: 1; Latest Accelerate GPU [dev] -> .github:4610 — buildx failed with: ERROR: failed to build: failed to solve: process ""/bin/bash -c source activate accelerate && python3 -m pip install --no-cache-dir git+https://github.com/huggingface/accelerate egg=accelerate[testing,test_trackers] --extra-index-url https://download.pytorch.org/whl/cu126"" did not complete successfully: exit code: 1",,
507a3d3fdc20b5fa8ff5,52,https://github.com/huggingface/accelerate/actions/runs/23468929718,0d8ca1a44f85a35df62499eb2174608e0f3473f8,2026-03-24T01:39:03Z,src/accelerate/utils/fsdp_utils.py,,,Latest Accelerate CPU [dev]; Latest Accelerate GPU DeepSpeed [dev]; Latest Accelerate GPU [dev],,"Latest Accelerate CPU [dev] -> .github:862 — buildx failed with: ERROR: failed to build: failed to solve: process ""/bin/sh -c python3 -m pip install --no-cache-dir jupyter git+https://github.com/huggingface/accelerate egg=accelerate[testing,test_trackers] --extra-index-url https://download.pytorch.org/whl/cpu"" did not complete successfully: exit code: 1; Latest Accelerate GPU DeepSpeed [dev] -> .github:4636 — buildx failed with: ERROR: failed to build: failed to solve: process ""/bin/bash -c source activate accelerate && python3 -m pip install --no-cache-dir git+https://github.com/huggingface/accelerate egg=accelerate[testing,test_trackers,deepspeed] --extra-index-url https://download.pytorch.org/whl/cu126"" did not complete successfully: exit code: 1; Latest Accelerate GPU [dev] -> .github:4629 — buildx failed with: ERROR: failed to build: failed to solve: process ""/bin/bash -c source activate accelerate && python3 -m pip install --no-cache-dir git+https://github.com/huggingface/accelerate egg=accelerate[testing,test_trackers] --extra-index-url https://download.pytorch.org/whl/cu126"" did not complete successfully: exit code: 1",,
507a3d3fdc20b5fa8ff5,53,https://github.com/huggingface/accelerate/actions/runs/23520770977,0d8ca1a44f85a35df62499eb2174608e0f3473f8,2026-03-25T01:39:38Z,src/accelerate/utils/fsdp_utils.py,,,Latest Accelerate CPU [dev]; Latest Accelerate GPU DeepSpeed [dev]; Latest Accelerate GPU [dev],,"Latest Accelerate CPU [dev] -> .github:862 — buildx failed with: ERROR: failed to build: failed to solve: process ""/bin/sh -c python3 -m pip install --no-cache-dir jupyter git+https://github.com/huggingface/accelerate egg=accelerate[testing,test_trackers] --extra-index-url https://download.pytorch.org/whl/cpu"" did not complete successfully: exit code: 1; Latest Accelerate GPU DeepSpeed [dev] -> .github:4608 — buildx failed with: ERROR: failed to build: failed to solve: process ""/bin/bash -c source activate accelerate && python3 -m pip install --no-cache-dir git+https://github.com/huggingface/accelerate egg=accelerate[testing,test_trackers,deepspeed] --extra-index-url https://download.pytorch.org/whl/cu126"" did not complete successfully: exit code: 1; Latest Accelerate GPU [dev] -> .github:4596 — buildx failed with: ERROR: failed to build: failed to solve: process ""/bin/bash -c source activate accelerate && python3 -m pip install --no-cache-dir git+https://github.com/huggingface/accelerate egg=accelerate[testing,test_trackers] --extra-index-url https://download.pytorch.org/whl/cu126"" did not complete successfully: exit code: 1",,
507a3d3fdc20b5fa8ff5,54,https://github.com/huggingface/accelerate/actions/runs/23573230791,0d8ca1a44f85a35df62499eb2174608e0f3473f8,2026-03-26T01:40:12Z,src/accelerate/utils/fsdp_utils.py,,,Latest Accelerate CPU [dev]; Latest Accelerate GPU DeepSpeed [dev]; Latest Accelerate GPU [dev],Latest Accelerate CPU [dev] -> Build and Push CPU; Latest Accelerate GPU DeepSpeed [dev] -> Build and Push GPU; Latest Accelerate GPU [dev] -> Build and Push GPU,"Latest Accelerate CPU [dev] -> .github:864 — buildx failed with: ERROR: failed to build: failed to solve: process ""/bin/sh -c python3 -m pip install --no-cache-dir jupyter git+https://github.com/huggingface/accelerate egg=accelerate[testing,test_trackers] --extra-index-url https://download.pytorch.org/whl/cpu"" did not complete successfully: exit code: 1; Latest Accelerate GPU DeepSpeed [dev] -> .github:4589 — buildx failed with: ERROR: failed to build: failed to solve: process ""/bin/bash -c source activate accelerate && python3 -m pip install --no-cache-dir git+https://github.com/huggingface/accelerate egg=accelerate[testing,test_trackers,deepspeed] --extra-index-url https://download.pytorch.org/whl/cu126"" did not complete successfully: exit code: 1; Latest Accelerate GPU [dev] -> .github:4582 — buildx failed with: ERROR: failed to build: failed to solve: process ""/bin/bash -c source activate accelerate && python3 -m pip install --no-cache-dir git+https://github.com/huggingface/accelerate egg=accelerate[testing,test_trackers] --extra-index-url https://download.pytorch.org/whl/cu126"" did not complete successfully: exit code: 1",,
507a3d3fdc20b5fa8ff5,55,https://github.com/huggingface/accelerate/actions/runs/23626897239,0d8ca1a44f85a35df62499eb2174608e0f3473f8,2026-03-27T01:40:10Z,src/accelerate/utils/fsdp_utils.py,,,Latest Accelerate CPU [dev]; Latest Accelerate GPU DeepSpeed [dev]; Latest Accelerate GPU [dev],Latest Accelerate CPU [dev] -> Build and Push CPU; Latest Accelerate GPU DeepSpeed [dev] -> Build and Push GPU; Latest Accelerate GPU [dev] -> Build and Push GPU,"Latest Accelerate CPU [dev] -> .github:862 — buildx failed with: ERROR: failed to build: failed to solve: process ""/bin/sh -c python3 -m pip install --no-cache-dir jupyter git+https://github.com/huggingface/accelerate egg=accelerate[testing,test_trackers] --extra-index-url https://download.pytorch.org/whl/cpu"" did not complete successfully: exit code: 1; Latest Accelerate GPU DeepSpeed [dev] -> .github:4596 — buildx failed with: ERROR: failed to build: failed to solve: process ""/bin/bash -c source activate accelerate && python3 -m pip install --no-cache-dir git+https://github.com/huggingface/accelerate egg=accelerate[testing,test_trackers,deepspeed] --extra-index-url https://download.pytorch.org/whl/cu126"" did not complete successfully: exit code: 1; Latest Accelerate GPU [dev] -> .github:4581 — buildx failed with: ERROR: failed to build: failed to solve: process ""/bin/bash -c source activate accelerate && python3 -m pip install --no-cache-dir git+https://github.com/huggingface/accelerate egg=accelerate[testing,test_trackers] --extra-index-url https://download.pytorch.org/whl/cu126"" did not complete successfully: exit code: 1",,
507a3d3fdc20b5fa8ff5,56,https://github.com/huggingface/accelerate/actions/runs/23674607632,0d8ca1a44f85a35df62499eb2174608e0f3473f8,2026-03-28T01:39:27Z,src/accelerate/utils/fsdp_utils.py,,,Latest Accelerate CPU [dev]; Latest Accelerate GPU DeepSpeed [dev]; Latest Accelerate GPU [dev],Latest Accelerate CPU [dev] -> Build and Push CPU; Latest Accelerate GPU DeepSpeed [dev] -> Build and Push GPU; Latest Accelerate GPU [dev] -> Build and Push GPU,"Latest Accelerate CPU [dev] -> .github:862 — buildx failed with: ERROR: failed to build: failed to solve: process ""/bin/sh -c python3 -m pip install --no-cache-dir jupyter git+https://github.com/huggingface/accelerate egg=accelerate[testing,test_trackers] --extra-index-url https://download.pytorch.org/whl/cpu"" did not complete successfully: exit code: 1; Latest Accelerate GPU DeepSpeed [dev] -> .github:4584 — buildx failed with: ERROR: failed to build: failed to solve: process ""/bin/bash -c source activate accelerate && python3 -m pip install --no-cache-dir git+https://github.com/huggingface/accelerate egg=accelerate[testing,test_trackers,deepspeed] --extra-index-url https://download.pytorch.org/whl/cu126"" did not complete successfully: exit code: 1; Latest Accelerate GPU [dev] -> .github:4603 — buildx failed with: ERROR: failed to build: failed to solve: process ""/bin/bash -c source activate accelerate && python3 -m pip install --no-cache-dir git+https://github.com/huggingface/accelerate egg=accelerate[testing,test_trackers] --extra-index-url https://download.pytorch.org/whl/cu126"" did not complete successfully: exit code: 1",,
507a3d3fdc20b5fa8ff5,57,https://github.com/huggingface/accelerate/actions/runs/23698769320,0d8ca1a44f85a35df62499eb2174608e0f3473f8,2026-03-29T01:38:34Z,src/accelerate/utils/fsdp_utils.py,,,Latest Accelerate CPU [dev]; Latest Accelerate GPU DeepSpeed [dev]; Latest Accelerate GPU [dev],Latest Accelerate CPU [dev] -> Build and Push CPU; Latest Accelerate GPU DeepSpeed [dev] -> Build and Push GPU; Latest Accelerate GPU [dev] -> Build and Push GPU,"Latest Accelerate CPU [dev] -> .github:862 — buildx failed with: ERROR: failed to build: failed to solve: process ""/bin/sh -c python3 -m pip install --no-cache-dir jupyter git+https://github.com/huggingface/accelerate egg=accelerate[testing,test_trackers] --extra-index-url https://download.pytorch.org/whl/cpu"" did not complete successfully: exit code: 1; Latest Accelerate GPU DeepSpeed [dev] -> .github:4572 — buildx failed with: ERROR: failed to build: failed to solve: process ""/bin/bash -c source activate accelerate && python3 -m pip install --no-cache-dir git+https://github.com/huggingface/accelerate egg=accelerate[testing,test_trackers,deepspeed] --extra-index-url https://download.pytorch.org/whl/cu126"" did not complete successfully: exit code: 1; Latest Accelerate GPU [dev] -> .github:4574 — buildx failed with: ERROR: failed to build: failed to solve: process ""/bin/bash -c source activate accelerate && python3 -m pip install --no-cache-dir git+https://github.com/huggingface/accelerate egg=accelerate[testing,test_trackers] --extra-index-url https://download.pytorch.org/whl/cu126"" did not complete successfully: exit code: 1",,
507a3d3fdc20b5fa8ff5,58,https://github.com/huggingface/accelerate/actions/runs/23724294292,0d8ca1a44f85a35df62499eb2174608e0f3473f8,2026-03-30T01:40:40Z,src/accelerate/utils/fsdp_utils.py,,,Latest Accelerate CPU [dev]; Latest Accelerate GPU DeepSpeed [dev]; Latest Accelerate GPU [dev],Latest Accelerate CPU [dev] -> Build and Push CPU; Latest Accelerate GPU DeepSpeed [dev] -> Build and Push GPU; Latest Accelerate GPU [dev] -> Build and Push GPU,"Latest Accelerate CPU [dev] -> .github:862 — buildx failed with: ERROR: failed to build: failed to solve: process ""/bin/sh -c python3 -m pip install --no-cache-dir jupyter git+https://github.com/huggingface/accelerate egg=accelerate[testing,test_trackers] --extra-index-url https://download.pytorch.org/whl/cpu"" did not complete successfully: exit code: 1; Latest Accelerate GPU DeepSpeed [dev] -> .github:4625 — buildx failed with: ERROR: failed to build: failed to solve: process ""/bin/bash -c source activate accelerate && python3 -m pip install --no-cache-dir git+https://github.com/huggingface/accelerate egg=accelerate[testing,test_trackers,deepspeed] --extra-index-url https://download.pytorch.org/whl/cu126"" did not complete successfully: exit code: 1; Latest Accelerate GPU [dev] -> .github:4577 — buildx failed with: ERROR: failed to build: failed to solve: process ""/bin/bash -c source activate accelerate && python3 -m pip install --no-cache-dir git+https://github.com/huggingface/accelerate egg=accelerate[testing,test_trackers] --extra-index-url https://download.pytorch.org/whl/cu126"" did not complete successfully: exit code: 1",,
507a3d3fdc20b5fa8ff5,59,https://github.com/huggingface/accelerate/actions/runs/23776347990,0d8ca1a44f85a35df62499eb2174608e0f3473f8,2026-03-31T01:39:49Z,src/accelerate/utils/fsdp_utils.py,,,Latest Accelerate CPU [dev]; Latest Accelerate GPU DeepSpeed [dev]; Latest Accelerate GPU [dev],Latest Accelerate CPU [dev] -> Build and Push CPU; Latest Accelerate GPU DeepSpeed [dev] -> Build and Push GPU; Latest Accelerate GPU [dev] -> Build and Push GPU,"Latest Accelerate CPU [dev] -> .github:862 — buildx failed with: ERROR: failed to build: failed to solve: process ""/bin/sh -c python3 -m pip install --no-cache-dir jupyter git+https://github.com/huggingface/accelerate egg=accelerate[testing,test_trackers] --extra-index-url https://download.pytorch.org/whl/cpu"" did not complete successfully: exit code: 1; Latest Accelerate GPU DeepSpeed [dev] -> .github:4581 — buildx failed with: ERROR: failed to build: failed to solve: process ""/bin/bash -c source activate accelerate && python3 -m pip install --no-cache-dir git+https://github.com/huggingface/accelerate egg=accelerate[testing,test_trackers,deepspeed] --extra-index-url https://download.pytorch.org/whl/cu126"" did not complete successfully: exit code: 1; Latest Accelerate GPU [dev] -> .github:4578 — buildx failed with: ERROR: failed to build: failed to solve: process ""/bin/bash -c source activate accelerate && python3 -m pip install --no-cache-dir git+https://github.com/huggingface/accelerate egg=accelerate[testing,test_trackers] --extra-index-url https://download.pytorch.org/whl/cu126"" did not complete successfully: exit code: 1",,
507a3d3fdc20b5fa8ff5,60,https://github.com/huggingface/accelerate/actions/runs/23827767113,0d8ca1a44f85a35df62499eb2174608e0f3473f8,2026-04-01T01:39:23Z,src/accelerate/utils/fsdp_utils.py,,,Latest Accelerate CPU [dev]; Latest Accelerate GPU DeepSpeed [dev]; Latest Accelerate GPU [dev],Latest Accelerate CPU [dev] -> Build and Push CPU; Latest Accelerate GPU DeepSpeed [dev] -> Build and Push GPU; Latest Accelerate GPU [dev] -> Build and Push GPU,"Latest Accelerate CPU [dev] -> .github:864 — buildx failed with: ERROR: failed to build: failed to solve: process ""/bin/sh -c python3 -m pip install --no-cache-dir jupyter git+https://github.com/huggingface/accelerate egg=accelerate[testing,test_trackers] --extra-index-url https://download.pytorch.org/whl/cpu"" did not complete successfully: exit code: 1; Latest Accelerate GPU DeepSpeed [dev] -> .github:4577 — buildx failed with: ERROR: failed to build: failed to solve: process ""/bin/bash -c source activate accelerate && python3 -m pip install --no-cache-dir git+https://github.com/huggingface/accelerate egg=accelerate[testing,test_trackers,deepspeed] --extra-index-url https://download.pytorch.org/whl/cu126"" did not complete successfully: exit code: 1; Latest Accelerate GPU [dev] -> .github:4566 — buildx failed with: ERROR: failed to build: failed to solve: process ""/bin/bash -c source activate accelerate && python3 -m pip install --no-cache-dir git+https://github.com/huggingface/accelerate egg=accelerate[testing,test_trackers] --extra-index-url https://download.pytorch.org/whl/cu126"" did not complete successfully: exit code: 1",,
507a3d3fdc20b5fa8ff5,61,https://github.com/huggingface/accelerate/actions/runs/23879496909,0d8ca1a44f85a35df62499eb2174608e0f3473f8,2026-04-02T01:40:08Z,src/accelerate/utils/fsdp_utils.py,,,Latest Accelerate CPU [dev]; Latest Accelerate GPU DeepSpeed [dev]; Latest Accelerate GPU [dev],Latest Accelerate CPU [dev] -> Build and Push CPU; Latest Accelerate GPU DeepSpeed [dev] -> Build and Push GPU; Latest Accelerate GPU [dev] -> Build and Push GPU,"Latest Accelerate CPU [dev] -> .github:864 — buildx failed with: ERROR: failed to build: failed to solve: process ""/bin/sh -c python3 -m pip install --no-cache-dir jupyter git+https://github.com/huggingface/accelerate egg=accelerate[testing,test_trackers] --extra-index-url https://download.pytorch.org/whl/cpu"" did not complete successfully: exit code: 1; Latest Accelerate GPU DeepSpeed [dev] -> .github:4567 — buildx failed with: ERROR: failed to build: failed to solve: process ""/bin/bash -c source activate accelerate && python3 -m pip install --no-cache-dir git+https://github.com/huggingface/accelerate egg=accelerate[testing,test_trackers,deepspeed] --extra-index-url https://download.pytorch.org/whl/cu126"" did not complete successfully: exit code: 1; Latest Accelerate GPU [dev] -> .github:4558 — buildx failed with: ERROR: failed to build: failed to solve: process ""/bin/bash -c source activate accelerate && python3 -m pip install --no-cache-dir git+https://github.com/huggingface/accelerate egg=accelerate[testing,test_trackers] --extra-index-url https://download.pytorch.org/whl/cu126"" did not complete successfully: exit code: 1",,
507a3d3fdc20b5fa8ff5,62,https://github.com/huggingface/accelerate/actions/runs/23929978653,0d8ca1a44f85a35df62499eb2174608e0f3473f8,2026-04-03T01:39:39Z,src/accelerate/utils/fsdp_utils.py,,,Latest Accelerate CPU [dev]; Latest Accelerate GPU DeepSpeed [dev]; Latest Accelerate GPU [dev],Latest Accelerate CPU [dev] -> Build and Push CPU; Latest Accelerate GPU DeepSpeed [dev] -> Build and Push GPU; Latest Accelerate GPU [dev] -> Build and Push GPU,"Latest Accelerate CPU [dev] -> .github:862 — buildx failed with: ERROR: failed to build: failed to solve: process ""/bin/sh -c python3 -m pip install --no-cache-dir jupyter git+https://github.com/huggingface/accelerate egg=accelerate[testing,test_trackers] --extra-index-url https://download.pytorch.org/whl/cpu"" did not complete successfully: exit code: 1; Latest Accelerate GPU DeepSpeed [dev] -> .github:4554 — buildx failed with: ERROR: failed to build: failed to solve: process ""/bin/bash -c source activate accelerate && python3 -m pip install --no-cache-dir git+https://github.com/huggingface/accelerate egg=accelerate[testing,test_trackers,deepspeed] --extra-index-url https://download.pytorch.org/whl/cu126"" did not complete successfully: exit code: 1; Latest Accelerate GPU [dev] -> .github:4569 — buildx failed with: ERROR: failed to build: failed to solve: process ""/bin/bash -c source activate accelerate && python3 -m pip install --no-cache-dir git+https://github.com/huggingface/accelerate egg=accelerate[testing,test_trackers] --extra-index-url https://download.pytorch.org/whl/cu126"" did not complete successfully: exit code: 1",,
507a3d3fdc20b5fa8ff5,63,https://github.com/huggingface/accelerate/actions/runs/23968585186,0d8ca1a44f85a35df62499eb2174608e0f3473f8,2026-04-04T01:39:03Z,src/accelerate/utils/fsdp_utils.py,,,Latest Accelerate CPU [dev]; Latest Accelerate GPU DeepSpeed [dev]; Latest Accelerate GPU [dev],Latest Accelerate CPU [dev] -> Build and Push CPU; Latest Accelerate GPU DeepSpeed [dev] -> Build and Push GPU; Latest Accelerate GPU [dev] -> Build and Push GPU,"Latest Accelerate CPU [dev] -> .github:862 — buildx failed with: ERROR: failed to build: failed to solve: process ""/bin/sh -c python3 -m pip install --no-cache-dir jupyter git+https://github.com/huggingface/accelerate egg=accelerate[testing,test_trackers] --extra-index-url https://download.pytorch.org/whl/cpu"" did not complete successfully: exit code: 1; Latest Accelerate GPU DeepSpeed [dev] -> .github:4614 — buildx failed with: ERROR: failed to build: failed to solve: process ""/bin/bash -c source activate accelerate && python3 -m pip install --no-cache-dir git+https://github.com/huggingface/accelerate egg=accelerate[testing,test_trackers,deepspeed] --extra-index-url https://download.pytorch.org/whl/cu126"" did not complete successfully: exit code: 1; Latest Accelerate GPU [dev] -> .github:4609 — buildx failed with: ERROR: failed to build: failed to solve: process ""/bin/bash -c source activate accelerate && python3 -m pip install --no-cache-dir git+https://github.com/huggingface/accelerate egg=accelerate[testing,test_trackers] --extra-index-url https://download.pytorch.org/whl/cu126"" did not complete successfully: exit code: 1",,
507a3d3fdc20b5fa8ff5,64,https://github.com/huggingface/accelerate/actions/runs/23991776477,0d8ca1a44f85a35df62499eb2174608e0f3473f8,2026-04-05T01:38:38Z,src/accelerate/utils/fsdp_utils.py,,,Latest Accelerate CPU [dev]; Latest Accelerate GPU DeepSpeed [dev]; Latest Accelerate GPU [dev],Latest Accelerate CPU [dev] -> Build and Push CPU; Latest Accelerate GPU DeepSpeed [dev] -> Build and Push GPU; Latest Accelerate GPU [dev] -> Build and Push GPU,"Latest Accelerate CPU [dev] -> .github:862 — buildx failed with: ERROR: failed to build: failed to solve: process ""/bin/sh -c python3 -m pip install --no-cache-dir jupyter git+https://github.com/huggingface/accelerate egg=accelerate[testing,test_trackers] --extra-index-url https://download.pytorch.org/whl/cpu"" did not complete successfully: exit code: 1; Latest Accelerate GPU DeepSpeed [dev] -> .github:4605 — buildx failed with: ERROR: failed to build: failed to solve: process ""/bin/bash -c source activate accelerate && python3 -m pip install --no-cache-dir git+https://github.com/huggingface/accelerate egg=accelerate[testing,test_trackers,deepspeed] --extra-index-url https://download.pytorch.org/whl/cu126"" did not complete successfully: exit code: 1; Latest Accelerate GPU [dev] -> .github:4598 — buildx failed with: ERROR: failed to build: failed to solve: process ""/bin/bash -c source activate accelerate && python3 -m pip install --no-cache-dir git+https://github.com/huggingface/accelerate egg=accelerate[testing,test_trackers] --extra-index-url https://download.pytorch.org/whl/cu126"" did not complete successfully: exit code: 1",,
507a3d3fdc20b5fa8ff5,65,https://github.com/huggingface/accelerate/actions/runs/24015306052,0d8ca1a44f85a35df62499eb2174608e0f3473f8,2026-04-06T01:40:41Z,src/accelerate/utils/fsdp_utils.py,,,Latest Accelerate CPU [dev]; Latest Accelerate GPU DeepSpeed [dev]; Latest Accelerate GPU [dev],Latest Accelerate CPU [dev] -> Build and Push CPU; Latest Accelerate GPU DeepSpeed [dev] -> Build and Push GPU; Latest Accelerate GPU [dev] -> Build and Push GPU,"Latest Accelerate CPU [dev] -> .github:862 — buildx failed with: ERROR: failed to build: failed to solve: process ""/bin/sh -c python3 -m pip install --no-cache-dir jupyter git+https://github.com/huggingface/accelerate egg=accelerate[testing,test_trackers] --extra-index-url https://download.pytorch.org/whl/cpu"" did not complete successfully: exit code: 1; Latest Accelerate GPU DeepSpeed [dev] -> .github:4602 — buildx failed with: ERROR: failed to build: failed to solve: process ""/bin/bash -c source activate accelerate && python3 -m pip install --no-cache-dir git+https://github.com/huggingface/accelerate egg=accelerate[testing,test_trackers,deepspeed] --extra-index-url https://download.pytorch.org/whl/cu126"" did not complete successfully: exit code: 1; Latest Accelerate GPU [dev] -> .github:4585 — buildx failed with: ERROR: failed to build: failed to solve: process ""/bin/bash -c source activate accelerate && python3 -m pip install --no-cache-dir git+https://github.com/huggingface/accelerate egg=accelerate[testing,test_trackers] --extra-index-url https://download.pytorch.org/whl/cu126"" did not complete successfully: exit code: 1",,
507a3d3fdc20b5fa8ff5,66,https://github.com/huggingface/accelerate/actions/runs/24060032050,0d8ca1a44f85a35df62499eb2174608e0f3473f8,2026-04-07T01:40:32Z,src/accelerate/utils/fsdp_utils.py,,,Latest Accelerate CPU [dev]; Latest Accelerate GPU DeepSpeed [dev]; Latest Accelerate GPU [dev],Latest Accelerate CPU [dev] -> Build and Push CPU; Latest Accelerate GPU DeepSpeed [dev] -> Build and Push GPU; Latest Accelerate GPU [dev] -> Build and Push GPU,"Latest Accelerate CPU [dev] -> .github:862 — buildx failed with: ERROR: failed to build: failed to solve: process ""/bin/sh -c python3 -m pip install --no-cache-dir jupyter git+https://github.com/huggingface/accelerate egg=accelerate[testing,test_trackers] --extra-index-url https://download.pytorch.org/whl/cpu"" did not complete successfully: exit code: 1; Latest Accelerate GPU DeepSpeed [dev] -> .github:4582 — buildx failed with: ERROR: failed to build: failed to solve: process ""/bin/bash -c source activate accelerate && python3 -m pip install --no-cache-dir git+https://github.com/huggingface/accelerate egg=accelerate[testing,test_trackers,deepspeed] --extra-index-url https://download.pytorch.org/whl/cu126"" did not complete successfully: exit code: 1; Latest Accelerate GPU [dev] -> .github:4581 — buildx failed with: ERROR: failed to build: failed to solve: process ""/bin/bash -c source activate accelerate && python3 -m pip install --no-cache-dir git+https://github.com/huggingface/accelerate egg=accelerate[testing,test_trackers] --extra-index-url https://download.pytorch.org/whl/cu126"" did not complete successfully: exit code: 1",,
507a3d3fdc20b5fa8ff5,67,https://github.com/huggingface/accelerate/actions/runs/24113095433,0d8ca1a44f85a35df62499eb2174608e0f3473f8,2026-04-08T01:40:13Z,src/accelerate/utils/fsdp_utils.py,,,Latest Accelerate CPU [dev]; Latest Accelerate GPU DeepSpeed [dev]; Latest Accelerate GPU [dev],Latest Accelerate CPU [dev] -> Build and Push CPU; Latest Accelerate GPU DeepSpeed [dev] -> Build and Push GPU; Latest Accelerate GPU [dev] -> Build and Push GPU,"Latest Accelerate CPU [dev] -> .github:862 — buildx failed with: ERROR: failed to build: failed to solve: process ""/bin/sh -c python3 -m pip install --no-cache-dir jupyter git+https://github.com/huggingface/accelerate egg=accelerate[testing,test_trackers] --extra-index-url https://download.pytorch.org/whl/cpu"" did not complete successfully: exit code: 1; Latest Accelerate GPU DeepSpeed [dev] -> .github:4583 — buildx failed with: ERROR: failed to build: failed to solve: process ""/bin/bash -c source activate accelerate && python3 -m pip install --no-cache-dir git+https://github.com/huggingface/accelerate egg=accelerate[testing,test_trackers,deepspeed] --extra-index-url https://download.pytorch.org/whl/cu126"" did not complete successfully: exit code: 1; Latest Accelerate GPU [dev] -> .github:4603 — buildx failed with: ERROR: failed to build: failed to solve: process ""/bin/bash -c source activate accelerate && python3 -m pip install --no-cache-dir git+https://github.com/huggingface/accelerate egg=accelerate[testing,test_trackers] --extra-index-url https://download.pytorch.org/whl/cu126"" did not complete successfully: exit code: 1",,
507a3d3fdc20b5fa8ff5,68,https://github.com/huggingface/accelerate/actions/runs/24167926455,01d097ae5af59ec2560ec6095675401f549c8cc8,2026-04-09T01:40:08Z,,.github/workflows/build-docker-images-release.yml; .github/workflows/build_documentation.yml; .github/workflows/build_pr_documentation.yml; .github/workflows/gaudi3_scheduled.yml; .github/workflows/integration_tests.yml; .github/workflows/pr_style_bot.yml; .github/workflows/trufflehog.yml; .github/workflows/upload_pr_documentation.yml,,Latest Accelerate CPU [dev]; Latest Accelerate GPU DeepSpeed [dev]; Latest Accelerate GPU [dev],Latest Accelerate CPU [dev] -> Build and Push CPU; Latest Accelerate GPU DeepSpeed [dev] -> Build and Push GPU; Latest Accelerate GPU [dev] -> Build and Push GPU,"Latest Accelerate CPU [dev] -> .github:860 — buildx failed with: ERROR: failed to build: failed to solve: process ""/bin/sh -c python3 -m pip install --no-cache-dir jupyter git+https://github.com/huggingface/accelerate egg=accelerate[testing,test_trackers] --extra-index-url https://download.pytorch.org/whl/cpu"" did not complete successfully: exit code: 1; Latest Accelerate GPU DeepSpeed [dev] -> .github:4590 — buildx failed with: ERROR: failed to build: failed to solve: process ""/bin/bash -c source activate accelerate && python3 -m pip install --no-cache-dir git+https://github.com/huggingface/accelerate egg=accelerate[testing,test_trackers,deepspeed] --extra-index-url https://download.pytorch.org/whl/cu126"" did not complete successfully: exit code: 1; Latest Accelerate GPU [dev] -> .github:4579 — buildx failed with: ERROR: failed to build: failed to solve: process ""/bin/bash -c source activate accelerate && python3 -m pip install --no-cache-dir git+https://github.com/huggingface/accelerate egg=accelerate[testing,test_trackers] --extra-index-url https://download.pytorch.org/whl/cu126"" did not complete successfully: exit code: 1",,
507a3d3fdc20b5fa8ff5,69,https://github.com/huggingface/accelerate/actions/runs/24222108692,94f975df709723e1bd71ba34433fab222cd86305,2026-04-10T01:41:13Z,,,,Latest Accelerate CPU [dev]; Latest Accelerate GPU DeepSpeed [dev]; Latest Accelerate GPU [dev],Latest Accelerate CPU [dev] -> Build and Push CPU; Latest Accelerate GPU DeepSpeed [dev] -> Build and Push GPU; Latest Accelerate GPU [dev] -> Build and Push GPU,"Latest Accelerate CPU [dev] -> .github:862 — buildx failed with: ERROR: failed to build: failed to solve: process ""/bin/sh -c python3 -m pip install --no-cache-dir jupyter git+https://github.com/huggingface/accelerate egg=accelerate[testing,test_trackers] --extra-index-url https://download.pytorch.org/whl/cpu"" did not complete successfully: exit code: 1; Latest Accelerate GPU DeepSpeed [dev] -> .github:4613 — buildx failed with: ERROR: failed to build: failed to solve: process ""/bin/bash -c source activate accelerate && python3 -m pip install --no-cache-dir git+https://github.com/huggingface/accelerate egg=accelerate[testing,test_trackers,deepspeed] --extra-index-url https://download.pytorch.org/whl/cu126"" did not complete successfully: exit code: 1; Latest Accelerate GPU [dev] -> .github:4579 — buildx failed with: ERROR: failed to build: failed to solve: process ""/bin/bash -c source activate accelerate && python3 -m pip install --no-cache-dir git+https://github.com/huggingface/accelerate egg=accelerate[testing,test_trackers] --extra-index-url https://download.pytorch.org/whl/cu126"" did not complete successfully: exit code: 1",,
507a3d3fdc20b5fa8ff5,70,https://github.com/huggingface/accelerate/actions/runs/24271730961,5adf855fb34acc124645feb91a5bdbfc10485ca7,2026-04-11T01:40:03Z,src/accelerate/utils/fsdp_utils.py,,,Latest Accelerate CPU [dev]; Latest Accelerate GPU DeepSpeed [dev]; Latest Accelerate GPU [dev],Latest Accelerate CPU [dev] -> Build and Push CPU; Latest Accelerate GPU DeepSpeed [dev] -> Build and Push GPU; Latest Accelerate GPU [dev] -> Build and Push GPU,"Latest Accelerate CPU [dev] -> .github:861 — buildx failed with: ERROR: failed to build: failed to solve: process ""/bin/sh -c python3 -m pip install --no-cache-dir jupyter git+https://github.com/huggingface/accelerate egg=accelerate[testing,test_trackers] --extra-index-url https://download.pytorch.org/whl/cpu"" did not complete successfully: exit code: 1; Latest Accelerate GPU DeepSpeed [dev] -> .github:4581 — buildx failed with: ERROR: failed to build: failed to solve: process ""/bin/bash -c source activate accelerate && python3 -m pip install --no-cache-dir git+https://github.com/huggingface/accelerate egg=accelerate[testing,test_trackers,deepspeed] --extra-index-url https://download.pytorch.org/whl/cu126"" did not complete successfully: exit code: 1; Latest Accelerate GPU [dev] -> .github:4567 — buildx failed with: ERROR: failed to build: failed to solve: process ""/bin/bash -c source activate accelerate && python3 -m pip install --no-cache-dir git+https://github.com/huggingface/accelerate egg=accelerate[testing,test_trackers] --extra-index-url https://download.pytorch.org/whl/cu126"" did not complete successfully: exit code: 1",,
507a3d3fdc20b5fa8ff5,71,https://github.com/huggingface/accelerate/actions/runs/24296042170,5adf855fb34acc124645feb91a5bdbfc10485ca7,2026-04-12T01:38:55Z,src/accelerate/utils/fsdp_utils.py,,,Latest Accelerate CPU [dev]; Latest Accelerate GPU DeepSpeed [dev]; Latest Accelerate GPU [dev],Latest Accelerate CPU [dev] -> Build and Push CPU; Latest Accelerate GPU DeepSpeed [dev] -> Build and Push GPU; Latest Accelerate GPU [dev] -> Build and Push GPU,"Latest Accelerate CPU [dev] -> .github:860 — buildx failed with: ERROR: failed to build: failed to solve: process ""/bin/sh -c python3 -m pip install --no-cache-dir jupyter git+https://github.com/huggingface/accelerate egg=accelerate[testing,test_trackers] --extra-index-url https://download.pytorch.org/whl/cpu"" did not complete successfully: exit code: 1; Latest Accelerate GPU DeepSpeed [dev] -> .github:4587 — buildx failed with: ERROR: failed to build: failed to solve: process ""/bin/bash -c source activate accelerate && python3 -m pip install --no-cache-dir git+https://github.com/huggingface/accelerate egg=accelerate[testing,test_trackers,deepspeed] --extra-index-url https://download.pytorch.org/whl/cu126"" did not complete successfully: exit code: 1; Latest Accelerate GPU [dev] -> .github:4604 — buildx failed with: ERROR: failed to build: failed to solve: process ""/bin/bash -c source activate accelerate && python3 -m pip install --no-cache-dir git+https://github.com/huggingface/accelerate egg=accelerate[testing,test_trackers] --extra-index-url https://download.pytorch.org/whl/cu126"" did not complete successfully: exit code: 1",,
507a3d3fdc20b5fa8ff5,72,https://github.com/huggingface/accelerate/actions/runs/24321774985,5adf855fb34acc124645feb91a5bdbfc10485ca7,2026-04-13T01:40:54Z,src/accelerate/utils/fsdp_utils.py,,,Latest Accelerate CPU [dev]; Latest Accelerate GPU DeepSpeed [dev]; Latest Accelerate GPU [dev],Latest Accelerate CPU [dev] -> Build and Push CPU; Latest Accelerate GPU DeepSpeed [dev] -> Build and Push GPU; Latest Accelerate GPU [dev] -> Build and Push GPU,"Latest Accelerate CPU [dev] -> .github:862 — buildx failed with: ERROR: failed to build: failed to solve: process ""/bin/sh -c python3 -m pip install --no-cache-dir jupyter git+https://github.com/huggingface/accelerate egg=accelerate[testing,test_trackers] --extra-index-url https://download.pytorch.org/whl/cpu"" did not complete successfully: exit code: 1; Latest Accelerate GPU DeepSpeed [dev] -> .github:4588 — buildx failed with: ERROR: failed to build: failed to solve: process ""/bin/bash -c source activate accelerate && python3 -m pip install --no-cache-dir git+https://github.com/huggingface/accelerate egg=accelerate[testing,test_trackers,deepspeed] --extra-index-url https://download.pytorch.org/whl/cu126"" did not complete successfully: exit code: 1; Latest Accelerate GPU [dev] -> .github:4611 — buildx failed with: ERROR: failed to build: failed to solve: process ""/bin/bash -c source activate accelerate && python3 -m pip install --no-cache-dir git+https://github.com/huggingface/accelerate egg=accelerate[testing,test_trackers] --extra-index-url https://download.pytorch.org/whl/cu126"" did not complete successfully: exit code: 1",,
507a3d3fdc20b5fa8ff5,73,https://github.com/huggingface/accelerate/actions/runs/24376284235,5adf855fb34acc124645feb91a5bdbfc10485ca7,2026-04-14T01:39:39Z,src/accelerate/utils/fsdp_utils.py,,,Latest Accelerate CPU [dev]; Latest Accelerate GPU DeepSpeed [dev]; Latest Accelerate GPU [dev],Latest Accelerate CPU [dev] -> Build and Push CPU; Latest Accelerate GPU DeepSpeed [dev] -> Build and Push GPU; Latest Accelerate GPU [dev] -> Build and Push GPU,"Latest Accelerate CPU [dev] -> .github:861 — buildx failed with: ERROR: failed to build: failed to solve: process ""/bin/sh -c python3 -m pip install --no-cache-dir jupyter git+https://github.com/huggingface/accelerate egg=accelerate[testing,test_trackers] --extra-index-url https://download.pytorch.org/whl/cpu"" did not complete successfully: exit code: 1; Latest Accelerate GPU DeepSpeed [dev] -> .github:4580 — buildx failed with: ERROR: failed to build: failed to solve: process ""/bin/bash -c source activate accelerate && python3 -m pip install --no-cache-dir git+https://github.com/huggingface/accelerate egg=accelerate[testing,test_trackers,deepspeed] --extra-index-url https://download.pytorch.org/whl/cu126"" did not complete successfully: exit code: 1; Latest Accelerate GPU [dev] -> .github:4593 — buildx failed with: ERROR: failed to build: failed to solve: process ""/bin/bash -c source activate accelerate && python3 -m pip install --no-cache-dir git+https://github.com/huggingface/accelerate egg=accelerate[testing,test_trackers] --extra-index-url https://download.pytorch.org/whl/cu126"" did not complete successfully: exit code: 1",,
507a3d3fdc20b5fa8ff5,74,https://github.com/huggingface/accelerate/actions/runs/24431956051,5adf855fb34acc124645feb91a5bdbfc10485ca7,2026-04-15T01:40:07Z,src/accelerate/utils/fsdp_utils.py,,,Latest Accelerate CPU [dev]; Latest Accelerate GPU DeepSpeed [dev]; Latest Accelerate GPU [dev],Latest Accelerate CPU [dev] -> Build and Push CPU; Latest Accelerate GPU DeepSpeed [dev] -> Build and Push GPU; Latest Accelerate GPU [dev] -> Build and Push GPU,"Latest Accelerate CPU [dev] -> .github:862 — buildx failed with: ERROR: failed to build: failed to solve: process ""/bin/sh -c python3 -m pip install --no-cache-dir jupyter git+https://github.com/huggingface/accelerate egg=accelerate[testing,test_trackers] --extra-index-url https://download.pytorch.org/whl/cpu"" did not complete successfully: exit code: 1; Latest Accelerate GPU DeepSpeed [dev] -> .github:4597 — buildx failed with: ERROR: failed to build: failed to solve: process ""/bin/bash -c source activate accelerate && python3 -m pip install --no-cache-dir git+https://github.com/huggingface/accelerate egg=accelerate[testing,test_trackers,deepspeed] --extra-index-url https://download.pytorch.org/whl/cu126"" did not complete successfully: exit code: 1; Latest Accelerate GPU [dev] -> .github:4609 — buildx failed with: ERROR: failed to build: failed to solve: process ""/bin/bash -c source activate accelerate && python3 -m pip install --no-cache-dir git+https://github.com/huggingface/accelerate egg=accelerate[testing,test_trackers] --extra-index-url https://download.pytorch.org/whl/cu126"" did not complete successfully: exit code: 1",,
507a3d3fdc20b5fa8ff5,75,https://github.com/huggingface/accelerate/actions/runs/24487413038,47d66d2a98dba77ec98686e76f30e3c0d8a37581,2026-04-16T01:40:17Z,,.github/workflows/upload_pr_documentation.yml,,Latest Accelerate CPU [dev]; Latest Accelerate GPU DeepSpeed [dev]; Latest Accelerate GPU [dev],Latest Accelerate CPU [dev] -> Build and Push CPU; Latest Accelerate GPU DeepSpeed [dev] -> Build and Push GPU; Latest Accelerate GPU [dev] -> Build and Push GPU,"Latest Accelerate CPU [dev] -> .github:861 — buildx failed with: ERROR: failed to build: failed to solve: process ""/bin/sh -c python3 -m pip install --no-cache-dir jupyter git+https://github.com/huggingface/accelerate egg=accelerate[testing,test_trackers] --extra-index-url https://download.pytorch.org/whl/cpu"" did not complete successfully: exit code: 1; Latest Accelerate GPU DeepSpeed [dev] -> .github:4599 — buildx failed with: ERROR: failed to build: failed to solve: process ""/bin/bash -c source activate accelerate && python3 -m pip install --no-cache-dir git+https://github.com/huggingface/accelerate egg=accelerate[testing,test_trackers,deepspeed] --extra-index-url https://download.pytorch.org/whl/cu126"" did not complete successfully: exit code: 1; Latest Accelerate GPU [dev] -> .github:4598 — buildx failed with: ERROR: failed to build: failed to solve: process ""/bin/bash -c source activate accelerate && python3 -m pip install --no-cache-dir git+https://github.com/huggingface/accelerate egg=accelerate[testing,test_trackers] --extra-index-url https://download.pytorch.org/whl/cu126"" did not complete successfully: exit code: 1",,
507a3d3fdc20b5fa8ff5,76,https://github.com/huggingface/accelerate/actions/runs/24543297999,47d66d2a98dba77ec98686e76f30e3c0d8a37581,2026-04-17T01:40:01Z,,.github/workflows/upload_pr_documentation.yml,,Latest Accelerate CPU [dev]; Latest Accelerate GPU DeepSpeed [dev]; Latest Accelerate GPU [dev],Latest Accelerate CPU [dev] -> Build and Push CPU; Latest Accelerate GPU DeepSpeed [dev] -> Build and Push GPU; Latest Accelerate GPU [dev] -> Build and Push GPU,"Latest Accelerate CPU [dev] -> .github:862 — buildx failed with: ERROR: failed to build: failed to solve: process ""/bin/sh -c python3 -m pip install --no-cache-dir jupyter git+https://github.com/huggingface/accelerate egg=accelerate[testing,test_trackers] --extra-index-url https://download.pytorch.org/whl/cpu"" did not complete successfully: exit code: 1; Latest Accelerate GPU DeepSpeed [dev] -> .github:4591 — buildx failed with: ERROR: failed to build: failed to solve: process ""/bin/bash -c source activate accelerate && python3 -m pip install --no-cache-dir git+https://github.com/huggingface/accelerate egg=accelerate[testing,test_trackers,deepspeed] --extra-index-url https://download.pytorch.org/whl/cu126"" did not complete successfully: exit code: 1; Latest Accelerate GPU [dev] -> .github:4609 — buildx failed with: ERROR: failed to build: failed to solve: process ""/bin/bash -c source activate accelerate && python3 -m pip install --no-cache-dir git+https://github.com/huggingface/accelerate egg=accelerate[testing,test_trackers] --extra-index-url https://download.pytorch.org/whl/cu126"" did not complete successfully: exit code: 1",,
507a3d3fdc20b5fa8ff5,77,https://github.com/huggingface/accelerate/actions/runs/24594017550,f1e6505b9025739917df26ffb47456ae947b35d4,2026-04-18T01:40:06Z,src/accelerate/accelerator.py; tests/test_accelerator.py,,,Latest Accelerate CPU [dev]; Latest Accelerate GPU DeepSpeed [dev]; Latest Accelerate GPU [dev],Latest Accelerate CPU [dev] -> Build and Push CPU; Latest Accelerate GPU DeepSpeed [dev] -> Build and Push GPU; Latest Accelerate GPU [dev] -> Build and Push GPU,"Latest Accelerate CPU [dev] -> .github:862 — buildx failed with: ERROR: failed to build: failed to solve: process ""/bin/sh -c python3 -m pip install --no-cache-dir jupyter git+https://github.com/huggingface/accelerate egg=accelerate[testing,test_trackers] --extra-index-url https://download.pytorch.org/whl/cpu"" did not complete successfully: exit code: 1; Latest Accelerate GPU DeepSpeed [dev] -> .github:4584 — buildx failed with: ERROR: failed to build: failed to solve: process ""/bin/bash -c source activate accelerate && python3 -m pip install --no-cache-dir git+https://github.com/huggingface/accelerate egg=accelerate[testing,test_trackers,deepspeed] --extra-index-url https://download.pytorch.org/whl/cu126"" did not complete successfully: exit code: 1; Latest Accelerate GPU [dev] -> .github:4587 — buildx failed with: ERROR: failed to build: failed to solve: process ""/bin/bash -c source activate accelerate && python3 -m pip install --no-cache-dir git+https://github.com/huggingface/accelerate egg=accelerate[testing,test_trackers] --extra-index-url https://download.pytorch.org/whl/cu126"" did not complete successfully: exit code: 1",,
507a3d3fdc20b5fa8ff5,78,https://github.com/huggingface/accelerate/actions/runs/24618323970,f1e6505b9025739917df26ffb47456ae947b35d4,2026-04-19T01:39:50Z,src/accelerate/accelerator.py; tests/test_accelerator.py,,,Latest Accelerate CPU [dev]; Latest Accelerate GPU DeepSpeed [dev]; Latest Accelerate GPU [dev],Latest Accelerate CPU [dev] -> Build and Push CPU; Latest Accelerate GPU DeepSpeed [dev] -> Build and Push GPU; Latest Accelerate GPU [dev] -> Build and Push GPU,"Latest Accelerate CPU [dev] -> .github:862 — buildx failed with: ERROR: failed to build: failed to solve: process ""/bin/sh -c python3 -m pip install --no-cache-dir jupyter git+https://github.com/huggingface/accelerate egg=accelerate[testing,test_trackers] --extra-index-url https://download.pytorch.org/whl/cpu"" did not complete successfully: exit code: 1; Latest Accelerate GPU DeepSpeed [dev] -> .github:4579 — buildx failed with: ERROR: failed to build: failed to solve: process ""/bin/bash -c source activate accelerate && python3 -m pip install --no-cache-dir git+https://github.com/huggingface/accelerate egg=accelerate[testing,test_trackers,deepspeed] --extra-index-url https://download.pytorch.org/whl/cu126"" did not complete successfully: exit code: 1; Latest Accelerate GPU [dev] -> .github:4572 — buildx failed with: ERROR: failed to build: failed to solve: process ""/bin/bash -c source activate accelerate && python3 -m pip install --no-cache-dir git+https://github.com/huggingface/accelerate egg=accelerate[testing,test_trackers] --extra-index-url https://download.pytorch.org/whl/cu126"" did not complete successfully: exit code: 1",,
507a3d3fdc20b5fa8ff5,79,https://github.com/huggingface/accelerate/actions/runs/24644506569,f1e6505b9025739917df26ffb47456ae947b35d4,2026-04-20T01:40:42Z,src/accelerate/accelerator.py; tests/test_accelerator.py,,,Latest Accelerate CPU [dev]; Latest Accelerate GPU DeepSpeed [dev]; Latest Accelerate GPU [dev],Latest Accelerate CPU [dev] -> Build and Push CPU; Latest Accelerate GPU DeepSpeed [dev] -> Build and Push GPU; Latest Accelerate GPU [dev] -> Build and Push GPU,"Latest Accelerate CPU [dev] -> .github:862 — buildx failed with: ERROR: failed to build: failed to solve: process ""/bin/sh -c python3 -m pip install --no-cache-dir jupyter git+https://github.com/huggingface/accelerate egg=accelerate[testing,test_trackers] --extra-index-url https://download.pytorch.org/whl/cpu"" did not complete successfully: exit code: 1; Latest Accelerate GPU DeepSpeed [dev] -> .github:4601 — buildx failed with: ERROR: failed to build: failed to solve: process ""/bin/bash -c source activate accelerate && python3 -m pip install --no-cache-dir git+https://github.com/huggingface/accelerate egg=accelerate[testing,test_trackers,deepspeed] --extra-index-url https://download.pytorch.org/whl/cu126"" did not complete successfully: exit code: 1; Latest Accelerate GPU [dev] -> .github:4582 — buildx failed with: ERROR: failed to build: failed to solve: process ""/bin/bash -c source activate accelerate && python3 -m pip install --no-cache-dir git+https://github.com/huggingface/accelerate egg=accelerate[testing,test_trackers] --extra-index-url https://download.pytorch.org/whl/cu126"" did not complete successfully: exit code: 1",,
507a3d3fdc20b5fa8ff5,80,https://github.com/huggingface/accelerate/actions/runs/24699572096,f1e6505b9025739917df26ffb47456ae947b35d4,2026-04-21T01:40:19Z,src/accelerate/accelerator.py; tests/test_accelerator.py,,,Latest Accelerate CPU [dev]; Latest Accelerate GPU DeepSpeed [dev]; Latest Accelerate GPU [dev],Latest Accelerate CPU [dev] -> Build and Push CPU; Latest Accelerate GPU DeepSpeed [dev] -> Build and Push GPU; Latest Accelerate GPU [dev] -> Build and Push GPU,"Latest Accelerate CPU [dev] -> .github:862 — buildx failed with: ERROR: failed to build: failed to solve: process ""/bin/sh -c python3 -m pip install --no-cache-dir jupyter git+https://github.com/huggingface/accelerate egg=accelerate[testing,test_trackers] --extra-index-url https://download.pytorch.org/whl/cpu"" did not complete successfully: exit code: 1; Latest Accelerate GPU DeepSpeed [dev] -> .github:4587 — buildx failed with: ERROR: failed to build: failed to solve: process ""/bin/bash -c source activate accelerate && python3 -m pip install --no-cache-dir git+https://github.com/huggingface/accelerate egg=accelerate[testing,test_trackers,deepspeed] --extra-index-url https://download.pytorch.org/whl/cu126"" did not complete successfully: exit code: 1; Latest Accelerate GPU [dev] -> .github:4606 — buildx failed with: ERROR: failed to build: failed to solve: process ""/bin/bash -c source activate accelerate && python3 -m pip install --no-cache-dir git+https://github.com/huggingface/accelerate egg=accelerate[testing,test_trackers] --extra-index-url https://download.pytorch.org/whl/cu126"" did not complete successfully: exit code: 1",,
507a3d3fdc20b5fa8ff5,81,https://github.com/huggingface/accelerate/actions/runs/24755718571,f1e6505b9025739917df26ffb47456ae947b35d4,2026-04-22T01:40:39Z,src/accelerate/accelerator.py; tests/test_accelerator.py,,,Latest Accelerate CPU [dev]; Latest Accelerate GPU DeepSpeed [dev]; Latest Accelerate GPU [dev],Latest Accelerate CPU [dev] -> Build and Push CPU; Latest Accelerate GPU DeepSpeed [dev] -> Build and Push GPU; Latest Accelerate GPU [dev] -> Build and Push GPU,"Latest Accelerate CPU [dev] -> .github:862 — buildx failed with: ERROR: failed to build: failed to solve: process ""/bin/sh -c python3 -m pip install --no-cache-dir jupyter git+https://github.com/huggingface/accelerate egg=accelerate[testing,test_trackers] --extra-index-url https://download.pytorch.org/whl/cpu"" did not complete successfully: exit code: 1; Latest Accelerate GPU DeepSpeed [dev] -> .github:4595 — buildx failed with: ERROR: failed to build: failed to solve: process ""/bin/bash -c source activate accelerate && python3 -m pip install --no-cache-dir git+https://github.com/huggingface/accelerate egg=accelerate[testing,test_trackers,deepspeed] --extra-index-url https://download.pytorch.org/whl/cu126"" did not complete successfully: exit code: 1; Latest Accelerate GPU [dev] -> .github:4577 — buildx failed with: ERROR: failed to build: failed to solve: process ""/bin/bash -c source activate accelerate && python3 -m pip install --no-cache-dir git+https://github.com/huggingface/accelerate egg=accelerate[testing,test_trackers] --extra-index-url https://download.pytorch.org/whl/cu126"" did not complete successfully: exit code: 1",,
507a3d3fdc20b5fa8ff5,82,https://github.com/huggingface/accelerate/actions/runs/24811980708,f1e6505b9025739917df26ffb47456ae947b35d4,2026-04-23T01:39:47Z,src/accelerate/accelerator.py; tests/test_accelerator.py,,,Latest Accelerate CPU [dev]; Latest Accelerate GPU DeepSpeed [dev]; Latest Accelerate GPU [dev],Latest Accelerate CPU [dev] -> Build and Push CPU; Latest Accelerate GPU DeepSpeed [dev] -> Build and Push GPU; Latest Accelerate GPU [dev] -> Build and Push GPU,"Latest Accelerate CPU [dev] -> .github:863 — buildx failed with: ERROR: failed to build: failed to solve: process ""/bin/sh -c python3 -m pip install --no-cache-dir jupyter git+https://github.com/huggingface/accelerate egg=accelerate[testing,test_trackers] --extra-index-url https://download.pytorch.org/whl/cpu"" did not complete successfully: exit code: 1; Latest Accelerate GPU DeepSpeed [dev] -> .github:4606 — buildx failed with: ERROR: failed to build: failed to solve: process ""/bin/bash -c source activate accelerate && python3 -m pip install --no-cache-dir git+https://github.com/huggingface/accelerate egg=accelerate[testing,test_trackers,deepspeed] --extra-index-url https://download.pytorch.org/whl/cu126"" did not complete successfully: exit code: 1; Latest Accelerate GPU [dev] -> .github:4620 — buildx failed with: ERROR: failed to build: failed to solve: process ""/bin/bash -c source activate accelerate && python3 -m pip install --no-cache-dir git+https://github.com/huggingface/accelerate egg=accelerate[testing,test_trackers] --extra-index-url https://download.pytorch.org/whl/cu126"" did not complete successfully: exit code: 1",,
507a3d3fdc20b5fa8ff5,83,https://github.com/huggingface/accelerate/actions/runs/24867847647,92cc533ed77a07d73872ada977625b269c922c7c,2026-04-24T01:40:30Z,src/accelerate/utils/fsdp_utils.py; tests/fsdp/test_fsdp.py,,,Latest Accelerate CPU [dev]; Latest Accelerate GPU DeepSpeed [dev]; Latest Accelerate GPU [dev],Latest Accelerate CPU [dev] -> Build and Push CPU; Latest Accelerate GPU DeepSpeed [dev] -> Build and Push GPU; Latest Accelerate GPU [dev] -> Build and Push GPU,"Latest Accelerate CPU [dev] -> .github:862 — buildx failed with: ERROR: failed to build: failed to solve: process ""/bin/sh -c python3 -m pip install --no-cache-dir jupyter git+https://github.com/huggingface/accelerate egg=accelerate[testing,test_trackers] --extra-index-url https://download.pytorch.org/whl/cpu"" did not complete successfully: exit code: 1; Latest Accelerate GPU DeepSpeed [dev] -> .github:4590 — buildx failed with: ERROR: failed to build: failed to solve: process ""/bin/bash -c source activate accelerate && python3 -m pip install --no-cache-dir git+https://github.com/huggingface/accelerate egg=accelerate[testing,test_trackers,deepspeed] --extra-index-url https://download.pytorch.org/whl/cu126"" did not complete successfully: exit code: 1; Latest Accelerate GPU [dev] -> .github:4582 — buildx failed with: ERROR: failed to build: failed to solve: process ""/bin/bash -c source activate accelerate && python3 -m pip install --no-cache-dir git+https://github.com/huggingface/accelerate egg=accelerate[testing,test_trackers] --extra-index-url https://download.pytorch.org/whl/cu126"" did not complete successfully: exit code: 1",,
507a3d3fdc20b5fa8ff5,84,https://github.com/huggingface/accelerate/actions/runs/24919503391,60b5c258ac963d157610b47b3d779c0b1f246b47,2026-04-25T01:39:13Z,src/accelerate/utils/fsdp_utils.py,,,Latest Accelerate CPU [dev]; Latest Accelerate GPU DeepSpeed [dev]; Latest Accelerate GPU [dev],Latest Accelerate CPU [dev] -> Build and Push CPU; Latest Accelerate GPU DeepSpeed [dev] -> Build and Push GPU; Latest Accelerate GPU [dev] -> Build and Push GPU,"Latest Accelerate CPU [dev] -> .github:862 — buildx failed with: ERROR: failed to build: failed to solve: process ""/bin/sh -c python3 -m pip install --no-cache-dir jupyter git+https://github.com/huggingface/accelerate egg=accelerate[testing,test_trackers] --extra-index-url https://download.pytorch.org/whl/cpu"" did not complete successfully: exit code: 1; Latest Accelerate GPU DeepSpeed [dev] -> .github:4575 — buildx failed with: ERROR: failed to build: failed to solve: process ""/bin/bash -c source activate accelerate && python3 -m pip install --no-cache-dir git+https://github.com/huggingface/accelerate egg=accelerate[testing,test_trackers,deepspeed] --extra-index-url https://download.pytorch.org/whl/cu126"" did not complete successfully: exit code: 1; Latest Accelerate GPU [dev] -> .github:4590 — buildx failed with: ERROR: failed to build: failed to solve: process ""/bin/bash -c source activate accelerate && python3 -m pip install --no-cache-dir git+https://github.com/huggingface/accelerate egg=accelerate[testing,test_trackers] --extra-index-url https://download.pytorch.org/whl/cu126"" did not complete successfully: exit code: 1",,
507a3d3fdc20b5fa8ff5,85,https://github.com/huggingface/accelerate/actions/runs/24945467076,60b5c258ac963d157610b47b3d779c0b1f246b47,2026-04-26T01:39:48Z,src/accelerate/utils/fsdp_utils.py,,,Latest Accelerate CPU [dev]; Latest Accelerate GPU DeepSpeed [dev]; Latest Accelerate GPU [dev],Latest Accelerate CPU [dev] -> Build and Push CPU; Latest Accelerate GPU DeepSpeed [dev] -> Build and Push GPU; Latest Accelerate GPU [dev] -> Build and Push GPU,"Latest Accelerate CPU [dev] -> .github:860 — buildx failed with: ERROR: failed to build: failed to solve: process ""/bin/sh -c python3 -m pip install --no-cache-dir jupyter git+https://github.com/huggingface/accelerate egg=accelerate[testing,test_trackers] --extra-index-url https://download.pytorch.org/whl/cpu"" did not complete successfully: exit code: 1; Latest Accelerate GPU DeepSpeed [dev] -> .github:4591 — buildx failed with: ERROR: failed to build: failed to solve: process ""/bin/bash -c source activate accelerate && python3 -m pip install --no-cache-dir git+https://github.com/huggingface/accelerate egg=accelerate[testing,test_trackers,deepspeed] --extra-index-url https://download.pytorch.org/whl/cu126"" did not complete successfully: exit code: 1; Latest Accelerate GPU [dev] -> .github:4582 — buildx failed with: ERROR: failed to build: failed to solve: process ""/bin/bash -c source activate accelerate && python3 -m pip install --no-cache-dir git+https://github.com/huggingface/accelerate egg=accelerate[testing,test_trackers] --extra-index-url https://download.pytorch.org/whl/cu126"" did not complete successfully: exit code: 1",,
507a3d3fdc20b5fa8ff5,86,https://github.com/huggingface/accelerate/actions/runs/24972602550,60b5c258ac963d157610b47b3d779c0b1f246b47,2026-04-27T01:41:23Z,src/accelerate/utils/fsdp_utils.py,,,Latest Accelerate CPU [dev]; Latest Accelerate GPU DeepSpeed [dev]; Latest Accelerate GPU [dev],Latest Accelerate CPU [dev] -> Build and Push CPU; Latest Accelerate GPU DeepSpeed [dev] -> Build and Push GPU; Latest Accelerate GPU [dev] -> Build and Push GPU,"Latest Accelerate CPU [dev] -> .github:862 — buildx failed with: ERROR: failed to build: failed to solve: process ""/bin/sh -c python3 -m pip install --no-cache-dir jupyter git+https://github.com/huggingface/accelerate egg=accelerate[testing,test_trackers] --extra-index-url https://download.pytorch.org/whl/cpu"" did not complete successfully: exit code: 1; Latest Accelerate GPU DeepSpeed [dev] -> .github:4582 — buildx failed with: ERROR: failed to build: failed to solve: process ""/bin/bash -c source activate accelerate && python3 -m pip install --no-cache-dir git+https://github.com/huggingface/accelerate egg=accelerate[testing,test_trackers,deepspeed] --extra-index-url https://download.pytorch.org/whl/cu126"" did not complete successfully: exit code: 1; Latest Accelerate GPU [dev] -> .github:4590 — buildx failed with: ERROR: failed to build: failed to solve: process ""/bin/bash -c source activate accelerate && python3 -m pip install --no-cache-dir git+https://github.com/huggingface/accelerate egg=accelerate[testing,test_trackers] --extra-index-url https://download.pytorch.org/whl/cu126"" did not complete successfully: exit code: 1",,
507a3d3fdc20b5fa8ff5,87,https://github.com/huggingface/accelerate/actions/runs/25029225433,d1d2bba464de5c8fd4d967b6881323be043cb4e7,2026-04-28T01:40:52Z,src/accelerate/test_utils/scripts/external_deps/test_performance.py; src/accelerate/utils/fsdp_utils.py; tests/fsdp/test_fsdp.py,,,Latest Accelerate CPU [dev]; Latest Accelerate GPU DeepSpeed [dev]; Latest Accelerate GPU [dev],Latest Accelerate CPU [dev] -> Build and Push CPU; Latest Accelerate GPU DeepSpeed [dev] -> Build and Push GPU; Latest Accelerate GPU [dev] -> Build and Push GPU,"Latest Accelerate CPU [dev] -> .github:862 — buildx failed with: ERROR: failed to build: failed to solve: process ""/bin/sh -c python3 -m pip install --no-cache-dir jupyter git+https://github.com/huggingface/accelerate egg=accelerate[testing,test_trackers] --extra-index-url https://download.pytorch.org/whl/cpu"" did not complete successfully: exit code: 1; Latest Accelerate GPU DeepSpeed [dev] -> .github:4574 — buildx failed with: ERROR: failed to build: failed to solve: process ""/bin/bash -c source activate accelerate && python3 -m pip install --no-cache-dir git+https://github.com/huggingface/accelerate egg=accelerate[testing,test_trackers,deepspeed] --extra-index-url https://download.pytorch.org/whl/cu126"" did not complete successfully: exit code: 1; Latest Accelerate GPU [dev] -> .github:4598 — buildx failed with: ERROR: failed to build: failed to solve: process ""/bin/bash -c source activate accelerate && python3 -m pip install --no-cache-dir git+https://github.com/huggingface/accelerate egg=accelerate[testing,test_trackers] --extra-index-url https://download.pytorch.org/whl/cu126"" did not complete successfully: exit code: 1",,
507a3d3fdc20b5fa8ff5,88,https://github.com/huggingface/accelerate/actions/runs/25086729712,d1d2bba464de5c8fd4d967b6881323be043cb4e7,2026-04-29T01:41:32Z,src/accelerate/test_utils/scripts/external_deps/test_performance.py; src/accelerate/utils/fsdp_utils.py; tests/fsdp/test_fsdp.py,,,Latest Accelerate CPU [dev]; Latest Accelerate GPU DeepSpeed [dev]; Latest Accelerate GPU [dev],Latest Accelerate CPU [dev] -> Build and Push CPU; Latest Accelerate GPU DeepSpeed [dev] -> Build and Push GPU; Latest Accelerate GPU [dev] -> Build and Push GPU,"Latest Accelerate CPU [dev] -> .github:860 — buildx failed with: ERROR: failed to build: failed to solve: process ""/bin/sh -c python3 -m pip install --no-cache-dir jupyter git+https://github.com/huggingface/accelerate egg=accelerate[testing,test_trackers] --extra-index-url https://download.pytorch.org/whl/cpu"" did not complete successfully: exit code: 1; Latest Accelerate GPU DeepSpeed [dev] -> .github:4584 — buildx failed with: ERROR: failed to build: failed to solve: process ""/bin/bash -c source activate accelerate && python3 -m pip install --no-cache-dir git+https://github.com/huggingface/accelerate egg=accelerate[testing,test_trackers,deepspeed] --extra-index-url https://download.pytorch.org/whl/cu126"" did not complete successfully: exit code: 1; Latest Accelerate GPU [dev] -> .github:4615 — buildx failed with: ERROR: failed to build: failed to solve: process ""/bin/bash -c source activate accelerate && python3 -m pip install --no-cache-dir git+https://github.com/huggingface/accelerate egg=accelerate[testing,test_trackers] --extra-index-url https://download.pytorch.org/whl/cu126"" did not complete successfully: exit code: 1",,
507a3d3fdc20b5fa8ff5,89,https://github.com/huggingface/accelerate/actions/runs/25142966759,917e2a9e37ba320c5800f11999f5c399508ed252,2026-04-30T01:41:24Z,src/accelerate/accelerator.py; src/accelerate/commands/launch.py; src/accelerate/utils/__init__.py; src/accelerate/utils/other.py; tests/fsdp/test_fsdp.py,,,Latest Accelerate CPU [dev]; Latest Accelerate GPU DeepSpeed [dev]; Latest Accelerate GPU [dev],Latest Accelerate CPU [dev] -> Build and Push CPU; Latest Accelerate GPU DeepSpeed [dev] -> Build and Push GPU; Latest Accelerate GPU [dev] -> Build and Push GPU,"Latest Accelerate CPU [dev] -> .github:862 — buildx failed with: ERROR: failed to build: failed to solve: process ""/bin/sh -c python3 -m pip install --no-cache-dir jupyter git+https://github.com/huggingface/accelerate egg=accelerate[testing,test_trackers] --extra-index-url https://download.pytorch.org/whl/cpu"" did not complete successfully: exit code: 1; Latest Accelerate GPU DeepSpeed [dev] -> .github:4607 — buildx failed with: ERROR: failed to build: failed to solve: process ""/bin/bash -c source activate accelerate && python3 -m pip install --no-cache-dir git+https://github.com/huggingface/accelerate egg=accelerate[testing,test_trackers,deepspeed] --extra-index-url https://download.pytorch.org/whl/cu126"" did not complete successfully: exit code: 1; Latest Accelerate GPU [dev] -> .github:4588 — buildx failed with: ERROR: failed to build: failed to solve: process ""/bin/bash -c source activate accelerate && python3 -m pip install --no-cache-dir git+https://github.com/huggingface/accelerate egg=accelerate[testing,test_trackers] --extra-index-url https://download.pytorch.org/whl/cu126"" did not complete successfully: exit code: 1",,
507a3d3fdc20b5fa8ff5,90,https://github.com/huggingface/accelerate/actions/runs/25198220008,917e2a9e37ba320c5800f11999f5c399508ed252,2026-05-01T01:41:27Z,src/accelerate/accelerator.py; src/accelerate/commands/launch.py; src/accelerate/utils/__init__.py; src/accelerate/utils/other.py; tests/fsdp/test_fsdp.py,,,Latest Accelerate CPU [dev]; Latest Accelerate GPU DeepSpeed [dev]; Latest Accelerate GPU [dev],Latest Accelerate CPU [dev] -> Build and Push CPU; Latest Accelerate GPU DeepSpeed [dev] -> Build and Push GPU; Latest Accelerate GPU [dev] -> Build and Push GPU,"Latest Accelerate CPU [dev] -> .github:862 — buildx failed with: ERROR: failed to build: failed to solve: process ""/bin/sh -c python3 -m pip install --no-cache-dir jupyter git+https://github.com/huggingface/accelerate egg=accelerate[testing,test_trackers] --extra-index-url https://download.pytorch.org/whl/cpu"" did not complete successfully: exit code: 1; Latest Accelerate GPU DeepSpeed [dev] -> .github:4564 — buildx failed with: ERROR: failed to build: failed to solve: process ""/bin/bash -c source activate accelerate && python3 -m pip install --no-cache-dir git+https://github.com/huggingface/accelerate egg=accelerate[testing,test_trackers,deepspeed] --extra-index-url https://download.pytorch.org/whl/cu126"" did not complete successfully: exit code: 1; Latest Accelerate GPU [dev] -> .github:4586 — buildx failed with: ERROR: failed to build: failed to solve: process ""/bin/bash -c source activate accelerate && python3 -m pip install --no-cache-dir git+https://github.com/huggingface/accelerate egg=accelerate[testing,test_trackers] --extra-index-url https://download.pytorch.org/whl/cu126"" did not complete successfully: exit code: 1",,
507a3d3fdc20b5fa8ff5,91,https://github.com/huggingface/accelerate/actions/runs/25240605256,917e2a9e37ba320c5800f11999f5c399508ed252,2026-05-02T01:40:17Z,src/accelerate/accelerator.py; src/accelerate/commands/launch.py; src/accelerate/utils/__init__.py; src/accelerate/utils/other.py; tests/fsdp/test_fsdp.py,,,Latest Accelerate CPU [dev]; Latest Accelerate GPU DeepSpeed [dev]; Latest Accelerate GPU [dev],Latest Accelerate CPU [dev] -> Build and Push CPU; Latest Accelerate GPU DeepSpeed [dev] -> Build and Push GPU; Latest Accelerate GPU [dev] -> Build and Push GPU,"Latest Accelerate CPU [dev] -> .github:862 — buildx failed with: ERROR: failed to build: failed to solve: process ""/bin/sh -c python3 -m pip install --no-cache-dir jupyter git+https://github.com/huggingface/accelerate egg=accelerate[testing,test_trackers] --extra-index-url https://download.pytorch.org/whl/cpu"" did not complete successfully: exit code: 1; Latest Accelerate GPU DeepSpeed [dev] -> .github:4596 — buildx failed with: ERROR: failed to build: failed to solve: process ""/bin/bash -c source activate accelerate && python3 -m pip install --no-cache-dir git+https://github.com/huggingface/accelerate egg=accelerate[testing,test_trackers,deepspeed] --extra-index-url https://download.pytorch.org/whl/cu126"" did not complete successfully: exit code: 1; Latest Accelerate GPU [dev] -> .github:4576 — buildx failed with: ERROR: failed to build: failed to solve: process ""/bin/bash -c source activate accelerate && python3 -m pip install --no-cache-dir git+https://github.com/huggingface/accelerate egg=accelerate[testing,test_trackers] --extra-index-url https://download.pytorch.org/whl/cu126"" did not complete successfully: exit code: 1",,
507a3d3fdc20b5fa8ff5,92,https://github.com/huggingface/accelerate/actions/runs/25266897568,917e2a9e37ba320c5800f11999f5c399508ed252,2026-05-03T01:40:15Z,src/accelerate/accelerator.py; src/accelerate/commands/launch.py; src/accelerate/utils/__init__.py; src/accelerate/utils/other.py; tests/fsdp/test_fsdp.py,,,Latest Accelerate CPU [dev]; Latest Accelerate GPU DeepSpeed [dev]; Latest Accelerate GPU [dev],Latest Accelerate CPU [dev] -> Build and Push CPU; Latest Accelerate GPU DeepSpeed [dev] -> Build and Push GPU; Latest Accelerate GPU [dev] -> Build and Push GPU,"Latest Accelerate CPU [dev] -> .github:862 — buildx failed with: ERROR: failed to build: failed to solve: process ""/bin/sh -c python3 -m pip install --no-cache-dir jupyter git+https://github.com/huggingface/accelerate egg=accelerate[testing,test_trackers] --extra-index-url https://download.pytorch.org/whl/cpu"" did not complete successfully: exit code: 1; Latest Accelerate GPU DeepSpeed [dev] -> .github:4550 — buildx failed with: ERROR: failed to build: failed to solve: process ""/bin/bash -c source activate accelerate && python3 -m pip install --no-cache-dir git+https://github.com/huggingface/accelerate egg=accelerate[testing,test_trackers,deepspeed] --extra-index-url https://download.pytorch.org/whl/cu126"" did not complete successfully: exit code: 1; Latest Accelerate GPU [dev] -> .github:4559 — buildx failed with: ERROR: failed to build: failed to solve: process ""/bin/bash -c source activate accelerate && python3 -m pip install --no-cache-dir git+https://github.com/huggingface/accelerate egg=accelerate[testing,test_trackers] --extra-index-url https://download.pytorch.org/whl/cu126"" did not complete successfully: exit code: 1",,
507a3d3fdc20b5fa8ff5,93,https://github.com/huggingface/accelerate/actions/runs/25296987201,917e2a9e37ba320c5800f11999f5c399508ed252,2026-05-04T01:41:23Z,src/accelerate/accelerator.py; src/accelerate/commands/launch.py; src/accelerate/utils/__init__.py; src/accelerate/utils/other.py; tests/fsdp/test_fsdp.py,,,Latest Accelerate CPU [dev]; Latest Accelerate GPU DeepSpeed [dev]; Latest Accelerate GPU [dev],Latest Accelerate CPU [dev] -> Build and Push CPU; Latest Accelerate GPU DeepSpeed [dev] -> Build and Push GPU; Latest Accelerate GPU [dev] -> Build and Push GPU,"Latest Accelerate CPU [dev] -> .github:862 — buildx failed with: ERROR: failed to build: failed to solve: process ""/bin/sh -c python3 -m pip install --no-cache-dir jupyter git+https://github.com/huggingface/accelerate egg=accelerate[testing,test_trackers] --extra-index-url https://download.pytorch.org/whl/cpu"" did not complete successfully: exit code: 1; Latest Accelerate GPU DeepSpeed [dev] -> .github:4572 — buildx failed with: ERROR: failed to build: failed to solve: process ""/bin/bash -c source activate accelerate && python3 -m pip install --no-cache-dir git+https://github.com/huggingface/accelerate egg=accelerate[testing,test_trackers,deepspeed] --extra-index-url https://download.pytorch.org/whl/cu126"" did not complete successfully: exit code: 1; Latest Accelerate GPU [dev] -> .github:4563 — buildx failed with: ERROR: failed to build: failed to solve: process ""/bin/bash -c source activate accelerate && python3 -m pip install --no-cache-dir git+https://github.com/huggingface/accelerate egg=accelerate[testing,test_trackers] --extra-index-url https://download.pytorch.org/whl/cu126"" did not complete successfully: exit code: 1",,
507a3d3fdc20b5fa8ff5,94,https://github.com/huggingface/accelerate/actions/runs/25353313785,917e2a9e37ba320c5800f11999f5c399508ed252,2026-05-05T01:40:50Z,src/accelerate/accelerator.py; src/accelerate/commands/launch.py; src/accelerate/utils/__init__.py; src/accelerate/utils/other.py; tests/fsdp/test_fsdp.py,,,Latest Accelerate CPU [dev]; Latest Accelerate GPU DeepSpeed [dev]; Latest Accelerate GPU [dev],Latest Accelerate CPU [dev] -> Build and Push CPU; Latest Accelerate GPU DeepSpeed [dev] -> Build and Push GPU; Latest Accelerate GPU [dev] -> Build and Push GPU,"Latest Accelerate CPU [dev] -> .github:859 — buildx failed with: ERROR: failed to build: failed to solve: process ""/bin/sh -c python3 -m pip install --no-cache-dir jupyter git+https://github.com/huggingface/accelerate egg=accelerate[testing,test_trackers] --extra-index-url https://download.pytorch.org/whl/cpu"" did not complete successfully: exit code: 1; Latest Accelerate GPU DeepSpeed [dev] -> .github:4559 — buildx failed with: ERROR: failed to build: failed to solve: process ""/bin/bash -c source activate accelerate && python3 -m pip install --no-cache-dir git+https://github.com/huggingface/accelerate egg=accelerate[testing,test_trackers,deepspeed] --extra-index-url https://download.pytorch.org/whl/cu126"" did not complete successfully: exit code: 1; Latest Accelerate GPU [dev] -> .github:4568 — buildx failed with: ERROR: failed to build: failed to solve: process ""/bin/bash -c source activate accelerate && python3 -m pip install --no-cache-dir git+https://github.com/huggingface/accelerate egg=accelerate[testing,test_trackers] --extra-index-url https://download.pytorch.org/whl/cu126"" did not complete successfully: exit code: 1",,
507a3d3fdc20b5fa8ff5,95,https://github.com/huggingface/accelerate/actions/runs/25411933086,917e2a9e37ba320c5800f11999f5c399508ed252,2026-05-06T01:41:10Z,src/accelerate/accelerator.py; src/accelerate/commands/launch.py; src/accelerate/utils/__init__.py; src/accelerate/utils/other.py; tests/fsdp/test_fsdp.py,,,Latest Accelerate CPU [dev]; Latest Accelerate GPU DeepSpeed [dev]; Latest Accelerate GPU [dev],Latest Accelerate CPU [dev] -> Build and Push CPU; Latest Accelerate GPU DeepSpeed [dev] -> Build and Push GPU; Latest Accelerate GPU [dev] -> Build and Push GPU,"Latest Accelerate CPU [dev] -> .github:862 — buildx failed with: ERROR: failed to build: failed to solve: process ""/bin/sh -c python3 -m pip install --no-cache-dir jupyter git+https://github.com/huggingface/accelerate egg=accelerate[testing,test_trackers] --extra-index-url https://download.pytorch.org/whl/cpu"" did not complete successfully: exit code: 1; Latest Accelerate GPU DeepSpeed [dev] -> .github:4558 — buildx failed with: ERROR: failed to build: failed to solve: process ""/bin/bash -c source activate accelerate && python3 -m pip install --no-cache-dir git+https://github.com/huggingface/accelerate egg=accelerate[testing,test_trackers,deepspeed] --extra-index-url https://download.pytorch.org/whl/cu126"" did not complete successfully: exit code: 1; Latest Accelerate GPU [dev] -> .github:4560 — buildx failed with: ERROR: failed to build: failed to solve: process ""/bin/bash -c source activate accelerate && python3 -m pip install --no-cache-dir git+https://github.com/huggingface/accelerate egg=accelerate[testing,test_trackers] --extra-index-url https://download.pytorch.org/whl/cu126"" did not complete successfully: exit code: 1",,
507a3d3fdc20b5fa8ff5,96,https://github.com/huggingface/accelerate/actions/runs/25471170582,917e2a9e37ba320c5800f11999f5c399508ed252,2026-05-07T01:41:40Z,src/accelerate/accelerator.py; src/accelerate/commands/launch.py; src/accelerate/utils/__init__.py; src/accelerate/utils/other.py; tests/fsdp/test_fsdp.py,,,Latest Accelerate CPU [dev]; Latest Accelerate GPU DeepSpeed [dev]; Latest Accelerate GPU [dev],Latest Accelerate CPU [dev] -> Build and Push CPU; Latest Accelerate GPU DeepSpeed [dev] -> Build and Push GPU; Latest Accelerate GPU [dev] -> Build and Push GPU,"Latest Accelerate CPU [dev] -> .github:862 — buildx failed with: ERROR: failed to build: failed to solve: process ""/bin/sh -c python3 -m pip install --no-cache-dir jupyter git+https://github.com/huggingface/accelerate egg=accelerate[testing,test_trackers] --extra-index-url https://download.pytorch.org/whl/cpu"" did not complete successfully: exit code: 1; Latest Accelerate GPU DeepSpeed [dev] -> .github:4563 — buildx failed with: ERROR: failed to build: failed to solve: process ""/bin/bash -c source activate accelerate && python3 -m pip install --no-cache-dir git+https://github.com/huggingface/accelerate egg=accelerate[testing,test_trackers,deepspeed] --extra-index-url https://download.pytorch.org/whl/cu126"" did not complete successfully: exit code: 1; Latest Accelerate GPU [dev] -> .github:4558 — buildx failed with: ERROR: failed to build: failed to solve: process ""/bin/bash -c source activate accelerate && python3 -m pip install --no-cache-dir git+https://github.com/huggingface/accelerate egg=accelerate[testing,test_trackers] --extra-index-url https://download.pytorch.org/whl/cu126"" did not complete successfully: exit code: 1",,
507a3d3fdc20b5fa8ff5,97,https://github.com/huggingface/accelerate/actions/runs/25531849369,29e03d185d6c4608472b3b866964c8942c2fa4a3,2026-05-08T01:41:52Z,,.github/workflows/pr_style_bot.yml,,Latest Accelerate CPU [dev]; Latest Accelerate GPU DeepSpeed [dev]; Latest Accelerate GPU [dev],Latest Accelerate CPU [dev] -> Build and Push CPU; Latest Accelerate GPU DeepSpeed [dev] -> Build and Push GPU; Latest Accelerate GPU [dev] -> Build and Push GPU,"Latest Accelerate CPU [dev] -> .github:862 — buildx failed with: ERROR: failed to build: failed to solve: process ""/bin/sh -c python3 -m pip install --no-cache-dir jupyter git+https://github.com/huggingface/accelerate egg=accelerate[testing,test_trackers] --extra-index-url https://download.pytorch.org/whl/cpu"" did not complete successfully: exit code: 1; Latest Accelerate GPU DeepSpeed [dev] -> .github:4555 — buildx failed with: ERROR: failed to build: failed to solve: process ""/bin/bash -c source activate accelerate && python3 -m pip install --no-cache-dir git+https://github.com/huggingface/accelerate egg=accelerate[testing,test_trackers,deepspeed] --extra-index-url https://download.pytorch.org/whl/cu126"" did not complete successfully: exit code: 1; Latest Accelerate GPU [dev] -> .github:4561 — buildx failed with: ERROR: failed to build: failed to solve: process ""/bin/bash -c source activate accelerate && python3 -m pip install --no-cache-dir git+https://github.com/huggingface/accelerate egg=accelerate[testing,test_trackers] --extra-index-url https://download.pytorch.org/whl/cu126"" did not complete successfully: exit code: 1",,
507a3d3fdc20b5fa8ff5,98,https://github.com/huggingface/accelerate/actions/runs/25588064025,29e03d185d6c4608472b3b866964c8942c2fa4a3,2026-05-09T01:40:45Z,,.github/workflows/pr_style_bot.yml,,Latest Accelerate CPU [dev]; Latest Accelerate GPU DeepSpeed [dev]; Latest Accelerate GPU [dev],Latest Accelerate CPU [dev] -> Build and Push CPU; Latest Accelerate GPU DeepSpeed [dev] -> Build and Push GPU; Latest Accelerate GPU [dev] -> Build and Push GPU,"Latest Accelerate CPU [dev] -> .github:862 — buildx failed with: ERROR: failed to build: failed to solve: process ""/bin/sh -c python3 -m pip install --no-cache-dir jupyter git+https://github.com/huggingface/accelerate egg=accelerate[testing,test_trackers] --extra-index-url https://download.pytorch.org/whl/cpu"" did not complete successfully: exit code: 1; Latest Accelerate GPU DeepSpeed [dev] -> .github:4573 — buildx failed with: ERROR: failed to build: failed to solve: process ""/bin/bash -c source activate accelerate && python3 -m pip install --no-cache-dir git+https://github.com/huggingface/accelerate egg=accelerate[testing,test_trackers,deepspeed] --extra-index-url https://download.pytorch.org/whl/cu126"" did not complete successfully: exit code: 1; Latest Accelerate GPU [dev] -> .github:4558 — buildx failed with: ERROR: failed to build: failed to solve: process ""/bin/bash -c source activate accelerate && python3 -m pip install --no-cache-dir git+https://github.com/huggingface/accelerate egg=accelerate[testing,test_trackers] --extra-index-url https://download.pytorch.org/whl/cu126"" did not complete successfully: exit code: 1",,
507a3d3fdc20b5fa8ff5,99,https://github.com/huggingface/accelerate/actions/runs/25616779120,29e03d185d6c4608472b3b866964c8942c2fa4a3,2026-05-10T01:39:53Z,,.github/workflows/pr_style_bot.yml,,Latest Accelerate CPU [dev]; Latest Accelerate GPU DeepSpeed [dev]; Latest Accelerate GPU [dev],Latest Accelerate CPU [dev] -> Build and Push CPU; Latest Accelerate GPU DeepSpeed [dev] -> Build and Push GPU; Latest Accelerate GPU [dev] -> Build and Push GPU,"Latest Accelerate CPU [dev] -> .github:861 — buildx failed with: ERROR: failed to build: failed to solve: process ""/bin/sh -c python3 -m pip install --no-cache-dir jupyter git+https://github.com/huggingface/accelerate egg=accelerate[testing,test_trackers] --extra-index-url https://download.pytorch.org/whl/cpu"" did not complete successfully: exit code: 1; Latest Accelerate GPU DeepSpeed [dev] -> .github:4589 — buildx failed with: ERROR: failed to build: failed to solve: process ""/bin/bash -c source activate accelerate && python3 -m pip install --no-cache-dir git+https://github.com/huggingface/accelerate egg=accelerate[testing,test_trackers,deepspeed] --extra-index-url https://download.pytorch.org/whl/cu126"" did not complete successfully: exit code: 1; Latest Accelerate GPU [dev] -> .github:4551 — buildx failed with: ERROR: failed to build: failed to solve: process ""/bin/bash -c source activate accelerate && python3 -m pip install --no-cache-dir git+https://github.com/huggingface/accelerate egg=accelerate[testing,test_trackers] --extra-index-url https://download.pytorch.org/whl/cu126"" did not complete successfully: exit code: 1",,
507a3d3fdc20b5fa8ff5,100,https://github.com/huggingface/accelerate/actions/runs/25645938595,29e03d185d6c4608472b3b866964c8942c2fa4a3,2026-05-11T01:42:15Z,,.github/workflows/pr_style_bot.yml,,Latest Accelerate CPU [dev]; Latest Accelerate GPU DeepSpeed [dev]; Latest Accelerate GPU [dev],Latest Accelerate CPU [dev] -> Build and Push CPU; Latest Accelerate GPU DeepSpeed [dev] -> Build and Push GPU; Latest Accelerate GPU [dev] -> Build and Push GPU,"Latest Accelerate CPU [dev] -> .github:862 — buildx failed with: ERROR: failed to build: failed to solve: process ""/bin/sh -c python3 -m pip install --no-cache-dir jupyter git+https://github.com/huggingface/accelerate egg=accelerate[testing,test_trackers] --extra-index-url https://download.pytorch.org/whl/cpu"" did not complete successfully: exit code: 1; Latest Accelerate GPU DeepSpeed [dev] -> .github:4569 — buildx failed with: ERROR: failed to build: failed to solve: process ""/bin/bash -c source activate accelerate && python3 -m pip install --no-cache-dir git+https://github.com/huggingface/accelerate egg=accelerate[testing,test_trackers,deepspeed] --extra-index-url https://download.pytorch.org/whl/cu126"" did not complete successfully: exit code: 1; Latest Accelerate GPU [dev] -> .github:4574 — buildx failed with: ERROR: failed to build: failed to solve: process ""/bin/bash -c source activate accelerate && python3 -m pip install --no-cache-dir git+https://github.com/huggingface/accelerate egg=accelerate[testing,test_trackers] --extra-index-url https://download.pytorch.org/whl/cu126"" did not complete successfully: exit code: 1",,
507a3d3fdc20b5fa8ff5,101,https://github.com/huggingface/accelerate/actions/runs/25708048170,29e03d185d6c4608472b3b866964c8942c2fa4a3,2026-05-12T01:41:36Z,,.github/workflows/pr_style_bot.yml,,Latest Accelerate CPU [dev]; Latest Accelerate GPU DeepSpeed [dev]; Latest Accelerate GPU [dev],Latest Accelerate CPU [dev] -> Build and Push CPU; Latest Accelerate GPU DeepSpeed [dev] -> Build and Push GPU; Latest Accelerate GPU [dev] -> Build and Push GPU,"Latest Accelerate CPU [dev] -> .github:862 — buildx failed with: ERROR: failed to build: failed to solve: process ""/bin/sh -c python3 -m pip install --no-cache-dir jupyter git+https://github.com/huggingface/accelerate egg=accelerate[testing,test_trackers] --extra-index-url https://download.pytorch.org/whl/cpu"" did not complete successfully: exit code: 1; Latest Accelerate GPU DeepSpeed [dev] -> .github:4563 — buildx failed with: ERROR: failed to build: failed to solve: process ""/bin/bash -c source activate accelerate && python3 -m pip install --no-cache-dir git+https://github.com/huggingface/accelerate egg=accelerate[testing,test_trackers,deepspeed] --extra-index-url https://download.pytorch.org/whl/cu126"" did not complete successfully: exit code: 1; Latest Accelerate GPU [dev] -> .github:4565 — buildx failed with: ERROR: failed to build: failed to solve: process ""/bin/bash -c source activate accelerate && python3 -m pip install --no-cache-dir git+https://github.com/huggingface/accelerate egg=accelerate[testing,test_trackers] --extra-index-url https://download.pytorch.org/whl/cu126"" did not complete successfully: exit code: 1",,
507a3d3fdc20b5fa8ff5,102,https://github.com/huggingface/accelerate/actions/runs/25772974746,29e03d185d6c4608472b3b866964c8942c2fa4a3,2026-05-13T01:42:41Z,,.github/workflows/pr_style_bot.yml,,Latest Accelerate CPU [dev]; Latest Accelerate GPU DeepSpeed [dev]; Latest Accelerate GPU [dev],Latest Accelerate CPU [dev] -> Build and Push CPU; Latest Accelerate GPU DeepSpeed [dev] -> Build and Push GPU; Latest Accelerate GPU [dev] -> Build and Push GPU,"Latest Accelerate CPU [dev] -> .github:862 — buildx failed with: ERROR: failed to build: failed to solve: process ""/bin/sh -c python3 -m pip install --no-cache-dir jupyter git+https://github.com/huggingface/accelerate egg=accelerate[testing,test_trackers] --extra-index-url https://download.pytorch.org/whl/cpu"" did not complete successfully: exit code: 1; Latest Accelerate GPU DeepSpeed [dev] -> .github:4560 — buildx failed with: ERROR: failed to build: failed to solve: process ""/bin/bash -c source activate accelerate && python3 -m pip install --no-cache-dir git+https://github.com/huggingface/accelerate egg=accelerate[testing,test_trackers,deepspeed] --extra-index-url https://download.pytorch.org/whl/cu126"" did not complete successfully: exit code: 1; Latest Accelerate GPU [dev] -> .github:4591 — buildx failed with: ERROR: failed to build: failed to solve: process ""/bin/bash -c source activate accelerate && python3 -m pip install --no-cache-dir git+https://github.com/huggingface/accelerate egg=accelerate[testing,test_trackers] --extra-index-url https://download.pytorch.org/whl/cu126"" did not complete successfully: exit code: 1",,
507a3d3fdc20b5fa8ff5,103,https://github.com/huggingface/accelerate/actions/runs/25836740160,29e03d185d6c4608472b3b866964c8942c2fa4a3,2026-05-14T01:44:51Z,,.github/workflows/pr_style_bot.yml,,Latest Accelerate CPU [dev]; Latest Accelerate GPU DeepSpeed [dev]; Latest Accelerate GPU [dev],Latest Accelerate CPU [dev] -> Build and Push CPU; Latest Accelerate GPU DeepSpeed [dev] -> Build and Push GPU; Latest Accelerate GPU [dev] -> Build and Push GPU,"Latest Accelerate CPU [dev] -> .github:862 — buildx failed with: ERROR: failed to build: failed to solve: process ""/bin/sh -c python3 -m pip install --no-cache-dir jupyter git+https://github.com/huggingface/accelerate egg=accelerate[testing,test_trackers] --extra-index-url https://download.pytorch.org/whl/cpu"" did not complete successfully: exit code: 1; Latest Accelerate GPU DeepSpeed [dev] -> .github:4556 — buildx failed with: ERROR: failed to build: failed to solve: process ""/bin/bash -c source activate accelerate && python3 -m pip install --no-cache-dir git+https://github.com/huggingface/accelerate egg=accelerate[testing,test_trackers,deepspeed] --extra-index-url https://download.pytorch.org/whl/cu126"" did not complete successfully: exit code: 1; Latest Accelerate GPU [dev] -> .github:4563 — buildx failed with: ERROR: failed to build: failed to solve: process ""/bin/bash -c source activate accelerate && python3 -m pip install --no-cache-dir git+https://github.com/huggingface/accelerate egg=accelerate[testing,test_trackers] --extra-index-url https://download.pytorch.org/whl/cu126"" did not complete successfully: exit code: 1",,
507a3d3fdc20b5fa8ff5,104,https://github.com/huggingface/accelerate/actions/runs/25895663956,29e03d185d6c4608472b3b866964c8942c2fa4a3,2026-05-15T01:43:09Z,,.github/workflows/pr_style_bot.yml,,Latest Accelerate CPU [dev]; Latest Accelerate GPU DeepSpeed [dev]; Latest Accelerate GPU [dev],Latest Accelerate CPU [dev] -> Build and Push CPU; Latest Accelerate GPU DeepSpeed [dev] -> Build and Push GPU; Latest Accelerate GPU [dev] -> Build and Push GPU,"Latest Accelerate CPU [dev] -> .github:862 — buildx failed with: ERROR: failed to build: failed to solve: process ""/bin/sh -c python3 -m pip install --no-cache-dir jupyter git+https://github.com/huggingface/accelerate egg=accelerate[testing,test_trackers] --extra-index-url https://download.pytorch.org/whl/cpu"" did not complete successfully: exit code: 1; Latest Accelerate GPU DeepSpeed [dev] -> .github:4550 — buildx failed with: ERROR: failed to build: failed to solve: process ""/bin/bash -c source activate accelerate && python3 -m pip install --no-cache-dir git+https://github.com/huggingface/accelerate egg=accelerate[testing,test_trackers,deepspeed] --extra-index-url https://download.pytorch.org/whl/cu126"" did not complete successfully: exit code: 1; Latest Accelerate GPU [dev] -> .github:4579 — buildx failed with: ERROR: failed to build: failed to solve: process ""/bin/bash -c source activate accelerate && python3 -m pip install --no-cache-dir git+https://github.com/huggingface/accelerate egg=accelerate[testing,test_trackers] --extra-index-url https://download.pytorch.org/whl/cu126"" did not complete successfully: exit code: 1",,
507a3d3fdc20b5fa8ff5,105,https://github.com/huggingface/accelerate/actions/runs/25949500802,29e03d185d6c4608472b3b866964c8942c2fa4a3,2026-05-16T01:40:54Z,,.github/workflows/pr_style_bot.yml,,Latest Accelerate CPU [dev]; Latest Accelerate GPU DeepSpeed [dev]; Latest Accelerate GPU [dev],Latest Accelerate CPU [dev] -> Build and Push CPU; Latest Accelerate GPU DeepSpeed [dev] -> Build and Push GPU; Latest Accelerate GPU [dev] -> Build and Push GPU,"Latest Accelerate CPU [dev] -> .github:861 — buildx failed with: ERROR: failed to build: failed to solve: process ""/bin/sh -c python3 -m pip install --no-cache-dir jupyter git+https://github.com/huggingface/accelerate egg=accelerate[testing,test_trackers] --extra-index-url https://download.pytorch.org/whl/cpu"" did not complete successfully: exit code: 1; Latest Accelerate GPU DeepSpeed [dev] -> .github:4561 — buildx failed with: ERROR: failed to build: failed to solve: process ""/bin/bash -c source activate accelerate && python3 -m pip install --no-cache-dir git+https://github.com/huggingface/accelerate egg=accelerate[testing,test_trackers,deepspeed] --extra-index-url https://download.pytorch.org/whl/cu126"" did not complete successfully: exit code: 1; Latest Accelerate GPU [dev] -> .github:4559 — buildx failed with: ERROR: failed to build: failed to solve: process ""/bin/bash -c source activate accelerate && python3 -m pip install --no-cache-dir git+https://github.com/huggingface/accelerate egg=accelerate[testing,test_trackers] --extra-index-url https://download.pytorch.org/whl/cu126"" did not complete successfully: exit code: 1",,
507a3d3fdc20b5fa8ff5,106,https://github.com/huggingface/accelerate/actions/runs/25978231465,29e03d185d6c4608472b3b866964c8942c2fa4a3,2026-05-17T01:40:35Z,,.github/workflows/pr_style_bot.yml,,Latest Accelerate CPU [dev]; Latest Accelerate GPU DeepSpeed [dev]; Latest Accelerate GPU [dev],Latest Accelerate CPU [dev] -> Build and Push CPU; Latest Accelerate GPU DeepSpeed [dev] -> Build and Push GPU; Latest Accelerate GPU [dev] -> Build and Push GPU,"Latest Accelerate CPU [dev] -> .github:917 — buildx failed with: ERROR: failed to build: failed to solve: process ""/bin/sh -c python3 -m pip install --no-cache-dir jupyter git+https://github.com/huggingface/accelerate egg=accelerate[testing,test_trackers] --extra-index-url https://download.pytorch.org/whl/cpu"" did not complete successfully: exit code: 1; Latest Accelerate GPU DeepSpeed [dev] -> .github:4645 — buildx failed with: ERROR: failed to build: failed to solve: process ""/bin/bash -c source activate accelerate && python3 -m pip install --no-cache-dir git+https://github.com/huggingface/accelerate egg=accelerate[testing,test_trackers,deepspeed] --extra-index-url https://download.pytorch.org/whl/cu126"" did not complete successfully: exit code: 1; Latest Accelerate GPU [dev] -> .github:4645 — buildx failed with: ERROR: failed to build: failed to solve: process ""/bin/bash -c source activate accelerate && python3 -m pip install --no-cache-dir git+https://github.com/huggingface/accelerate egg=accelerate[testing,test_trackers] --extra-index-url https://download.pytorch.org/whl/cu126"" did not complete successfully: exit code: 1",,
507a3d3fdc20b5fa8ff5,107,https://github.com/huggingface/accelerate/actions/runs/26009197852,29e03d185d6c4608472b3b866964c8942c2fa4a3,2026-05-18T01:46:54Z,,.github/workflows/pr_style_bot.yml,,Latest Accelerate CPU [dev]; Latest Accelerate GPU DeepSpeed [dev]; Latest Accelerate GPU [dev],Latest Accelerate CPU [dev] -> Build and Push CPU; Latest Accelerate GPU DeepSpeed [dev] -> Build and Push GPU; Latest Accelerate GPU [dev] -> Build and Push GPU,"Latest Accelerate CPU [dev] -> .github:917 — buildx failed with: ERROR: failed to build: failed to solve: process ""/bin/sh -c python3 -m pip install --no-cache-dir jupyter git+https://github.com/huggingface/accelerate egg=accelerate[testing,test_trackers] --extra-index-url https://download.pytorch.org/whl/cpu"" did not complete successfully: exit code: 1; Latest Accelerate GPU DeepSpeed [dev] -> .github:4635 — buildx failed with: ERROR: failed to build: failed to solve: process ""/bin/bash -c source activate accelerate && python3 -m pip install --no-cache-dir git+https://github.com/huggingface/accelerate egg=accelerate[testing,test_trackers,deepspeed] --extra-index-url https://download.pytorch.org/whl/cu126"" did not complete successfully: exit code: 1; Latest Accelerate GPU [dev] -> .github:4655 — buildx failed with: ERROR: failed to build: failed to solve: process ""/bin/bash -c source activate accelerate && python3 -m pip install --no-cache-dir git+https://github.com/huggingface/accelerate egg=accelerate[testing,test_trackers] --extra-index-url https://download.pytorch.org/whl/cu126"" did not complete successfully: exit code: 1",,
507a3d3fdc20b5fa8ff5,108,https://github.com/huggingface/accelerate/actions/runs/26071104829,1fab6edd9a9c05e99d9249723f9554b2bee0e765,2026-05-19T01:45:19Z,src/accelerate/utils/dataclasses.py,,,Latest Accelerate CPU [dev]; Latest Accelerate GPU DeepSpeed [dev]; Latest Accelerate GPU [dev],Latest Accelerate CPU [dev] -> Build and Push CPU; Latest Accelerate GPU DeepSpeed [dev] -> Build and Push GPU; Latest Accelerate GPU [dev] -> Build and Push GPU,"Latest Accelerate CPU [dev] -> .github:917 — buildx failed with: ERROR: failed to build: failed to solve: process ""/bin/sh -c python3 -m pip install --no-cache-dir jupyter git+https://github.com/huggingface/accelerate egg=accelerate[testing,test_trackers] --extra-index-url https://download.pytorch.org/whl/cpu"" did not complete successfully: exit code: 1; Latest Accelerate GPU DeepSpeed [dev] -> .github:4657 — buildx failed with: ERROR: failed to build: failed to solve: process ""/bin/bash -c source activate accelerate && python3 -m pip install --no-cache-dir git+https://github.com/huggingface/accelerate egg=accelerate[testing,test_trackers,deepspeed] --extra-index-url https://download.pytorch.org/whl/cu126"" did not complete successfully: exit code: 1; Latest Accelerate GPU [dev] -> .github:4646 — buildx failed with: ERROR: failed to build: failed to solve: process ""/bin/bash -c source activate accelerate && python3 -m pip install --no-cache-dir git+https://github.com/huggingface/accelerate egg=accelerate[testing,test_trackers] --extra-index-url https://download.pytorch.org/whl/cu126"" did not complete successfully: exit code: 1",,
507a3d3fdc20b5fa8ff5,109,https://github.com/huggingface/accelerate/actions/runs/26136214589,cde3e58b8f28abce20c3267b5fa78a3a60acfa94,2026-05-20T01:46:35Z,src/accelerate/accelerator.py; src/accelerate/test_utils/scripts/test_ops.py; src/accelerate/utils/operations.py,,,Latest Accelerate CPU [dev]; Latest Accelerate GPU DeepSpeed [dev]; Latest Accelerate GPU [dev],Latest Accelerate CPU [dev] -> Build and Push CPU; Latest Accelerate GPU DeepSpeed [dev] -> Build and Push GPU; Latest Accelerate GPU [dev] -> Build and Push GPU,"Latest Accelerate CPU [dev] -> .github:916 — buildx failed with: ERROR: failed to build: failed to solve: process ""/bin/sh -c python3 -m pip install --no-cache-dir jupyter git+https://github.com/huggingface/accelerate egg=accelerate[testing,test_trackers] --extra-index-url https://download.pytorch.org/whl/cpu"" did not complete successfully: exit code: 1; Latest Accelerate GPU DeepSpeed [dev] -> .github:4664 — buildx failed with: ERROR: failed to build: failed to solve: process ""/bin/bash -c source activate accelerate && python3 -m pip install --no-cache-dir git+https://github.com/huggingface/accelerate egg=accelerate[testing,test_trackers,deepspeed] --extra-index-url https://download.pytorch.org/whl/cu126"" did not complete successfully: exit code: 1; Latest Accelerate GPU [dev] -> .github:4647 — buildx failed with: ERROR: failed to build: failed to solve: process ""/bin/bash -c source activate accelerate && python3 -m pip install --no-cache-dir git+https://github.com/huggingface/accelerate egg=accelerate[testing,test_trackers] --extra-index-url https://download.pytorch.org/whl/cu126"" did not complete successfully: exit code: 1",,
507a3d3fdc20b5fa8ff5,110,https://github.com/huggingface/accelerate/actions/runs/26200510972,cde3e58b8f28abce20c3267b5fa78a3a60acfa94,2026-05-21T01:45:36Z,src/accelerate/accelerator.py; src/accelerate/test_utils/scripts/test_ops.py; src/accelerate/utils/operations.py,,,Latest Accelerate CPU [dev]; Latest Accelerate GPU DeepSpeed [dev]; Latest Accelerate GPU [dev],Latest Accelerate CPU [dev] -> Build and Push CPU; Latest Accelerate GPU DeepSpeed [dev] -> Build and Push GPU; Latest Accelerate GPU [dev] -> Build and Push GPU,"Latest Accelerate CPU [dev] -> .github:862 — buildx failed with: ERROR: failed to build: failed to solve: process ""/bin/sh -c python3 -m pip install --no-cache-dir jupyter git+https://github.com/huggingface/accelerate egg=accelerate[testing,test_trackers] --extra-index-url https://download.pytorch.org/whl/cpu"" did not complete successfully: exit code: 1; Latest Accelerate GPU DeepSpeed [dev] -> .github:4657 — buildx failed with: ERROR: failed to build: failed to solve: process ""/bin/bash -c source activate accelerate && python3 -m pip install --no-cache-dir git+https://github.com/huggingface/accelerate egg=accelerate[testing,test_trackers,deepspeed] --extra-index-url https://download.pytorch.org/whl/cu126"" did not complete successfully: exit code: 1; Latest Accelerate GPU [dev] -> .github:4653 — buildx failed with: ERROR: failed to build: failed to solve: process ""/bin/bash -c source activate accelerate && python3 -m pip install --no-cache-dir git+https://github.com/huggingface/accelerate egg=accelerate[testing,test_trackers] --extra-index-url https://download.pytorch.org/whl/cu126"" did not complete successfully: exit code: 1",,
507a3d3fdc20b5fa8ff5,111,https://github.com/huggingface/accelerate/actions/runs/26263609829,cde3e58b8f28abce20c3267b5fa78a3a60acfa94,2026-05-22T01:45:38Z,src/accelerate/accelerator.py; src/accelerate/test_utils/scripts/test_ops.py; src/accelerate/utils/operations.py,,,Latest Accelerate CPU [dev]; Latest Accelerate GPU DeepSpeed [dev]; Latest Accelerate GPU [dev],Latest Accelerate CPU [dev] -> Build and Push CPU; Latest Accelerate GPU DeepSpeed [dev] -> Build and Push GPU; Latest Accelerate GPU [dev] -> Build and Push GPU,"Latest Accelerate CPU [dev] -> .github:862 — buildx failed with: ERROR: failed to build: failed to solve: process ""/bin/sh -c python3 -m pip install --no-cache-dir jupyter git+https://github.com/huggingface/accelerate egg=accelerate[testing,test_trackers] --extra-index-url https://download.pytorch.org/whl/cpu"" did not complete successfully: exit code: 1; Latest Accelerate GPU DeepSpeed [dev] -> .github:4661 — buildx failed with: ERROR: failed to build: failed to solve: process ""/bin/bash -c source activate accelerate && python3 -m pip install --no-cache-dir git+https://github.com/huggingface/accelerate egg=accelerate[testing,test_trackers,deepspeed] --extra-index-url https://download.pytorch.org/whl/cu126"" did not complete successfully: exit code: 1; Latest Accelerate GPU [dev] -> .github:4635 — buildx failed with: ERROR: failed to build: failed to solve: process ""/bin/bash -c source activate accelerate && python3 -m pip install --no-cache-dir git+https://github.com/huggingface/accelerate egg=accelerate[testing,test_trackers] --extra-index-url https://download.pytorch.org/whl/cu126"" did not complete successfully: exit code: 1",,
507a3d3fdc20b5fa8ff5,112,https://github.com/huggingface/accelerate/actions/runs/26320092637,cde3e58b8f28abce20c3267b5fa78a3a60acfa94,2026-05-23T01:41:23Z,src/accelerate/accelerator.py; src/accelerate/test_utils/scripts/test_ops.py; src/accelerate/utils/operations.py,,,Latest Accelerate CPU [dev]; Latest Accelerate GPU DeepSpeed [dev]; Latest Accelerate GPU [dev],Latest Accelerate CPU [dev] -> Build and Push CPU; Latest Accelerate GPU DeepSpeed [dev] -> Build and Push GPU; Latest Accelerate GPU [dev] -> Build and Push GPU,"Latest Accelerate CPU [dev] -> .github:862 — buildx failed with: ERROR: failed to build: failed to solve: process ""/bin/sh -c python3 -m pip install --no-cache-dir jupyter git+https://github.com/huggingface/accelerate egg=accelerate[testing,test_trackers] --extra-index-url https://download.pytorch.org/whl/cpu"" did not complete successfully: exit code: 1; Latest Accelerate GPU DeepSpeed [dev] -> .github:4651 — buildx failed with: ERROR: failed to build: failed to solve: process ""/bin/bash -c source activate accelerate && python3 -m pip install --no-cache-dir git+https://github.com/huggingface/accelerate egg=accelerate[testing,test_trackers,deepspeed] --extra-index-url https://download.pytorch.org/whl/cu126"" did not complete successfully: exit code: 1; Latest Accelerate GPU [dev] -> .github:4889 — buildx failed with: ERROR: failed to build: failed to solve: process ""/bin/bash -c source activate accelerate && python3 -m pip install --no-cache-dir git+https://github.com/huggingface/accelerate egg=accelerate[testing,test_trackers] --extra-index-url https://download.pytorch.org/whl/cu126"" did not complete successfully: exit code: 1",,
507a3d3fdc20b5fa8ff5,113,https://github.com/huggingface/accelerate/actions/runs/26348863858,cde3e58b8f28abce20c3267b5fa78a3a60acfa94,2026-05-24T01:45:03Z,src/accelerate/accelerator.py; src/accelerate/test_utils/scripts/test_ops.py; src/accelerate/utils/operations.py,,,Latest Accelerate CPU [dev]; Latest Accelerate GPU DeepSpeed [dev]; Latest Accelerate GPU [dev],Latest Accelerate CPU [dev] -> Build and Push CPU; Latest Accelerate GPU DeepSpeed [dev] -> Build and Push GPU; Latest Accelerate GPU [dev] -> Build and Push GPU,"Latest Accelerate CPU [dev] -> .github:862 — buildx failed with: ERROR: failed to build: failed to solve: process ""/bin/sh -c python3 -m pip install --no-cache-dir jupyter git+https://github.com/huggingface/accelerate egg=accelerate[testing,test_trackers] --extra-index-url https://download.pytorch.org/whl/cpu"" did not complete successfully: exit code: 1; Latest Accelerate GPU DeepSpeed [dev] -> .github:4634 — buildx failed with: ERROR: failed to build: failed to solve: process ""/bin/bash -c source activate accelerate && python3 -m pip install --no-cache-dir git+https://github.com/huggingface/accelerate egg=accelerate[testing,test_trackers,deepspeed] --extra-index-url https://download.pytorch.org/whl/cu126"" did not complete successfully: exit code: 1; Latest Accelerate GPU [dev] -> .github:4660 — buildx failed with: ERROR: failed to build: failed to solve: process ""/bin/bash -c source activate accelerate && python3 -m pip install --no-cache-dir git+https://github.com/huggingface/accelerate egg=accelerate[testing,test_trackers] --extra-index-url https://download.pytorch.org/whl/cu126"" did not complete successfully: exit code: 1",,
507a3d3fdc20b5fa8ff5,114,https://github.com/huggingface/accelerate/actions/runs/26379046121,cde3e58b8f28abce20c3267b5fa78a3a60acfa94,2026-05-25T01:48:27Z,src/accelerate/accelerator.py; src/accelerate/test_utils/scripts/test_ops.py; src/accelerate/utils/operations.py,,,Latest Accelerate CPU [dev]; Latest Accelerate GPU DeepSpeed [dev]; Latest Accelerate GPU [dev],Latest Accelerate CPU [dev] -> Build and Push CPU; Latest Accelerate GPU DeepSpeed [dev] -> Build and Push GPU; Latest Accelerate GPU [dev] -> Build and Push GPU,"Latest Accelerate CPU [dev] -> .github:862 — buildx failed with: ERROR: failed to build: failed to solve: process ""/bin/sh -c python3 -m pip install --no-cache-dir jupyter git+https://github.com/huggingface/accelerate egg=accelerate[testing,test_trackers] --extra-index-url https://download.pytorch.org/whl/cpu"" did not complete successfully: exit code: 1; Latest Accelerate GPU DeepSpeed [dev] -> .github:4633 — buildx failed with: ERROR: failed to build: failed to solve: process ""/bin/bash -c source activate accelerate && python3 -m pip install --no-cache-dir git+https://github.com/huggingface/accelerate egg=accelerate[testing,test_trackers,deepspeed] --extra-index-url https://download.pytorch.org/whl/cu126"" did not complete successfully: exit code: 1; Latest Accelerate GPU [dev] -> .github:4638 — buildx failed with: ERROR: failed to build: failed to solve: process ""/bin/bash -c source activate accelerate && python3 -m pip install --no-cache-dir git+https://github.com/huggingface/accelerate egg=accelerate[testing,test_trackers] --extra-index-url https://download.pytorch.org/whl/cu126"" did not complete successfully: exit code: 1",,
507a3d3fdc20b5fa8ff5,115,https://github.com/huggingface/accelerate/actions/runs/26427520876,cde3e58b8f28abce20c3267b5fa78a3a60acfa94,2026-05-26T01:43:35Z,src/accelerate/accelerator.py; src/accelerate/test_utils/scripts/test_ops.py; src/accelerate/utils/operations.py,,,Latest Accelerate CPU [dev]; Latest Accelerate GPU DeepSpeed [dev]; Latest Accelerate GPU [dev],Latest Accelerate CPU [dev] -> Build and Push CPU; Latest Accelerate GPU DeepSpeed [dev] -> Build and Push GPU; Latest Accelerate GPU [dev] -> Build and Push GPU,"Latest Accelerate CPU [dev] -> .github:862 — buildx failed with: ERROR: failed to build: failed to solve: process ""/bin/sh -c python3 -m pip install --no-cache-dir jupyter git+https://github.com/huggingface/accelerate egg=accelerate[testing,test_trackers] --extra-index-url https://download.pytorch.org/whl/cpu"" did not complete successfully: exit code: 1; Latest Accelerate GPU DeepSpeed [dev] -> .github:4648 — buildx failed with: ERROR: failed to build: failed to solve: process ""/bin/bash -c source activate accelerate && python3 -m pip install --no-cache-dir git+https://github.com/huggingface/accelerate egg=accelerate[testing,test_trackers,deepspeed] --extra-index-url https://download.pytorch.org/whl/cu126"" did not complete successfully: exit code: 1; Latest Accelerate GPU [dev] -> .github:4646 — buildx failed with: ERROR: failed to build: failed to solve: process ""/bin/bash -c source activate accelerate && python3 -m pip install --no-cache-dir git+https://github.com/huggingface/accelerate egg=accelerate[testing,test_trackers] --extra-index-url https://download.pytorch.org/whl/cu126"" did not complete successfully: exit code: 1",,
507a3d3fdc20b5fa8ff5,116,https://github.com/huggingface/accelerate/actions/runs/26485812995,cde3e58b8f28abce20c3267b5fa78a3a60acfa94,2026-05-27T01:47:41Z,src/accelerate/accelerator.py; src/accelerate/test_utils/scripts/test_ops.py; src/accelerate/utils/operations.py,,,Latest Accelerate CPU [dev]; Latest Accelerate GPU DeepSpeed [dev]; Latest Accelerate GPU [dev],Latest Accelerate CPU [dev] -> Build and Push CPU; Latest Accelerate GPU DeepSpeed [dev] -> Build and Push GPU; Latest Accelerate GPU [dev] -> Build and Push GPU,"Latest Accelerate CPU [dev] -> .github:861 — buildx failed with: ERROR: failed to build: failed to solve: process ""/bin/sh -c python3 -m pip install --no-cache-dir jupyter git+https://github.com/huggingface/accelerate egg=accelerate[testing,test_trackers] --extra-index-url https://download.pytorch.org/whl/cpu"" did not complete successfully: exit code: 1; Latest Accelerate GPU DeepSpeed [dev] -> .github:4629 — buildx failed with: ERROR: failed to build: failed to solve: process ""/bin/bash -c source activate accelerate && python3 -m pip install --no-cache-dir git+https://github.com/huggingface/accelerate egg=accelerate[testing,test_trackers,deepspeed] --extra-index-url https://download.pytorch.org/whl/cu126"" did not complete successfully: exit code: 1; Latest Accelerate GPU [dev] -> .github:4646 — buildx failed with: ERROR: failed to build: failed to solve: process ""/bin/bash -c source activate accelerate && python3 -m pip install --no-cache-dir git+https://github.com/huggingface/accelerate egg=accelerate[testing,test_trackers] --extra-index-url https://download.pytorch.org/whl/cu126"" did not complete successfully: exit code: 1",,
507a3d3fdc20b5fa8ff5,117,https://github.com/huggingface/accelerate/actions/runs/26549416992,cde3e58b8f28abce20c3267b5fa78a3a60acfa94,2026-05-28T01:40:43Z,src/accelerate/accelerator.py; src/accelerate/test_utils/scripts/test_ops.py; src/accelerate/utils/operations.py,,,Latest Accelerate CPU [dev]; Latest Accelerate GPU DeepSpeed [dev]; Latest Accelerate GPU [dev],Latest Accelerate CPU [dev] -> Build and Push CPU; Latest Accelerate GPU DeepSpeed [dev] -> Build and Push GPU; Latest Accelerate GPU [dev] -> Build and Push GPU,"Latest Accelerate CPU [dev] -> .github:861 — buildx failed with: ERROR: failed to build: failed to solve: process ""/bin/sh -c python3 -m pip install --no-cache-dir jupyter git+https://github.com/huggingface/accelerate egg=accelerate[testing,test_trackers] --extra-index-url https://download.pytorch.org/whl/cpu"" did not complete successfully: exit code: 1; Latest Accelerate GPU DeepSpeed [dev] -> .github:4647 — buildx failed with: ERROR: failed to build: failed to solve: process ""/bin/bash -c source activate accelerate && python3 -m pip install --no-cache-dir git+https://github.com/huggingface/accelerate egg=accelerate[testing,test_trackers,deepspeed] --extra-index-url https://download.pytorch.org/whl/cu126"" did not complete successfully: exit code: 1; Latest Accelerate GPU [dev] -> .github:4654 — buildx failed with: ERROR: failed to build: failed to solve: process ""/bin/bash -c source activate accelerate && python3 -m pip install --no-cache-dir git+https://github.com/huggingface/accelerate egg=accelerate[testing,test_trackers] --extra-index-url https://download.pytorch.org/whl/cu126"" did not complete successfully: exit code: 1",,
507a3d3fdc20b5fa8ff5,118,https://github.com/huggingface/accelerate/actions/runs/26613015907,507ea7b29903546f7c773dbe36c8ca128f7c78bb,2026-05-29T01:45:37Z,src/accelerate/hooks.py,,,Latest Accelerate CPU [dev]; Latest Accelerate GPU DeepSpeed [dev]; Latest Accelerate GPU [dev],Latest Accelerate CPU [dev] -> Build and Push CPU; Latest Accelerate GPU DeepSpeed [dev] -> Build and Push GPU; Latest Accelerate GPU [dev] -> Build and Push GPU,"Latest Accelerate CPU [dev] -> .github:861 — buildx failed with: ERROR: failed to build: failed to solve: process ""/bin/sh -c python3 -m pip install --no-cache-dir jupyter git+https://github.com/huggingface/accelerate egg=accelerate[testing,test_trackers] --extra-index-url https://download.pytorch.org/whl/cpu"" did not complete successfully: exit code: 1; Latest Accelerate GPU DeepSpeed [dev] -> .github:4660 — buildx failed with: ERROR: failed to build: failed to solve: process ""/bin/bash -c source activate accelerate && python3 -m pip install --no-cache-dir git+https://github.com/huggingface/accelerate egg=accelerate[testing,test_trackers,deepspeed] --extra-index-url https://download.pytorch.org/whl/cu126"" did not complete successfully: exit code: 1; Latest Accelerate GPU [dev] -> .github:4647 — buildx failed with: ERROR: failed to build: failed to solve: process ""/bin/bash -c source activate accelerate && python3 -m pip install --no-cache-dir git+https://github.com/huggingface/accelerate egg=accelerate[testing,test_trackers] --extra-index-url https://download.pytorch.org/whl/cu126"" did not complete successfully: exit code: 1",,
507a3d3fdc20b5fa8ff5,119,https://github.com/huggingface/accelerate/actions/runs/26671002503,507ea7b29903546f7c773dbe36c8ca128f7c78bb,2026-05-30T01:42:13Z,src/accelerate/hooks.py,,,Latest Accelerate CPU [dev]; Latest Accelerate GPU DeepSpeed [dev]; Latest Accelerate GPU [dev],Latest Accelerate CPU [dev] -> Build and Push CPU; Latest Accelerate GPU DeepSpeed [dev] -> Build and Push GPU; Latest Accelerate GPU [dev] -> Build and Push GPU,"Latest Accelerate CPU [dev] -> .github:862 — buildx failed with: ERROR: failed to build: failed to solve: process ""/bin/sh -c python3 -m pip install --no-cache-dir jupyter git+https://github.com/huggingface/accelerate egg=accelerate[testing,test_trackers] --extra-index-url https://download.pytorch.org/whl/cpu"" did not complete successfully: exit code: 1; Latest Accelerate GPU DeepSpeed [dev] -> .github:4647 — buildx failed with: ERROR: failed to build: failed to solve: process ""/bin/bash -c source activate accelerate && python3 -m pip install --no-cache-dir git+https://github.com/huggingface/accelerate egg=accelerate[testing,test_trackers,deepspeed] --extra-index-url https://download.pytorch.org/whl/cu126"" did not complete successfully: exit code: 1; Latest Accelerate GPU [dev] -> .github:4628 — buildx failed with: ERROR: failed to build: failed to solve: process ""/bin/bash -c source activate accelerate && python3 -m pip install --no-cache-dir git+https://github.com/huggingface/accelerate egg=accelerate[testing,test_trackers] --extra-index-url https://download.pytorch.org/whl/cu126"" did not complete successfully: exit code: 1",,
507a3d3fdc20b5fa8ff5,120,https://github.com/huggingface/accelerate/actions/runs/26700325279,507ea7b29903546f7c773dbe36c8ca128f7c78bb,2026-05-31T01:47:17Z,src/accelerate/hooks.py,,,Latest Accelerate CPU [dev]; Latest Accelerate GPU DeepSpeed [dev]; Latest Accelerate GPU FP8 TransformerEngine [dev]; Latest Accelerate GPU [dev],Latest Accelerate CPU [dev] -> Build and Push CPU; Latest Accelerate GPU DeepSpeed [dev] -> Build and Push GPU; Latest Accelerate GPU FP8 TransformerEngine [dev] -> Build and Push GPU; Latest Accelerate GPU [dev] -> Build and Push GPU,"Latest Accelerate CPU [dev] -> .github:862 — buildx failed with: ERROR: failed to build: failed to solve: process ""/bin/sh -c python3 -m pip install --no-cache-dir jupyter git+https://github.com/huggingface/accelerate egg=accelerate[testing,test_trackers] --extra-index-url https://download.pytorch.org/whl/cpu"" did not complete successfully: exit code: 1; Latest Accelerate GPU DeepSpeed [dev] -> .github:4635 — buildx failed with: ERROR: failed to build: failed to solve: process ""/bin/bash -c source activate accelerate && python3 -m pip install --no-cache-dir git+https://github.com/huggingface/accelerate egg=accelerate[testing,test_trackers,deepspeed] --extra-index-url https://download.pytorch.org/whl/cu126"" did not complete successfully: exit code: 1; Latest Accelerate GPU FP8 TransformerEngine [dev] -> .github:296 — buildx failed with: ERROR: failed to build: failed to solve: nvcr.io/nvidia/pytorch:26.05-py3: failed to resolve source metadata for nvcr.io/nvidia/pytorch:26.05-py3: nvcr.io/nvidia/pytorch:26.05-py3: not found; Latest Accelerate GPU [dev] -> .github:4643 — buildx failed with: ERROR: failed to build: failed to solve: process ""/bin/bash -c source activate accelerate && python3 -m pip install --no-cache-dir git+https://github.com/huggingface/accelerate egg=accelerate[testing,test_trackers] --extra-index-url https://download.pytorch.org/whl/cu126"" did not complete successfully: exit code: 1",,
507a3d3fdc20b5fa8ff5,121,https://github.com/huggingface/accelerate/actions/runs/26731080921,507ea7b29903546f7c773dbe36c8ca128f7c78bb,2026-06-01T01:52:43Z,src/accelerate/hooks.py,,,Latest Accelerate CPU [dev]; Latest Accelerate GPU DeepSpeed [dev]; Latest Accelerate GPU FP8 TransformerEngine [dev]; Latest Accelerate GPU [dev],Latest Accelerate CPU [dev] -> Build and Push CPU; Latest Accelerate GPU DeepSpeed [dev] -> Build and Push GPU; Latest Accelerate GPU FP8 TransformerEngine [dev] -> Build and Push GPU; Latest Accelerate GPU [dev] -> Build and Push GPU,"Latest Accelerate CPU [dev] -> .github:862 — buildx failed with: ERROR: failed to build: failed to solve: process ""/bin/sh -c python3 -m pip install --no-cache-dir jupyter git+https://github.com/huggingface/accelerate egg=accelerate[testing,test_trackers] --extra-index-url https://download.pytorch.org/whl/cpu"" did not complete successfully: exit code: 1; Latest Accelerate GPU DeepSpeed [dev] -> .github:4678 — buildx failed with: ERROR: failed to build: failed to solve: process ""/bin/bash -c source activate accelerate && python3 -m pip install --no-cache-dir git+https://github.com/huggingface/accelerate egg=accelerate[testing,test_trackers,deepspeed] --extra-index-url https://download.pytorch.org/whl/cu126"" did not complete successfully: exit code: 1; Latest Accelerate GPU FP8 TransformerEngine [dev] -> .github:296 — buildx failed with: ERROR: failed to build: failed to solve: nvcr.io/nvidia/pytorch:26.05-py3: failed to resolve source metadata for nvcr.io/nvidia/pytorch:26.05-py3: nvcr.io/nvidia/pytorch:26.05-py3: not found; Latest Accelerate GPU [dev] -> .github:4635 — buildx failed with: ERROR: failed to build: failed to solve: process ""/bin/bash -c source activate accelerate && python3 -m pip install --no-cache-dir git+https://github.com/huggingface/accelerate egg=accelerate[testing,test_trackers] --extra-index-url https://download.pytorch.org/whl/cu126"" did not complete successfully: exit code: 1",,
507a3d3fdc20b5fa8ff5,122,https://github.com/huggingface/accelerate/actions/runs/26793545271,4ad096a39e26a8d849b2e361de5c6d2c9ed1c117,2026-06-02T01:54:57Z,tests/test_load_checkpoint_and_dispatch_with_broadcast.py,,,Latest Accelerate CPU [dev]; Latest Accelerate GPU DeepSpeed [dev]; Latest Accelerate GPU [dev],Latest Accelerate CPU [dev] -> Build and Push CPU; Latest Accelerate GPU DeepSpeed [dev] -> Build and Push GPU; Latest Accelerate GPU [dev] -> Build and Push GPU,"Latest Accelerate CPU [dev] -> .github:862 — buildx failed with: ERROR: failed to build: failed to solve: process ""/bin/sh -c python3 -m pip install --no-cache-dir jupyter git+https://github.com/huggingface/accelerate egg=accelerate[testing,test_trackers] --extra-index-url https://download.pytorch.org/whl/cpu"" did not complete successfully: exit code: 1; Latest Accelerate GPU DeepSpeed [dev] -> .github:4647 — buildx failed with: ERROR: failed to build: failed to solve: process ""/bin/bash -c source activate accelerate && python3 -m pip install --no-cache-dir git+https://github.com/huggingface/accelerate egg=accelerate[testing,test_trackers,deepspeed] --extra-index-url https://download.pytorch.org/whl/cu126"" did not complete successfully: exit code: 1; Latest Accelerate GPU [dev] -> .github:3808 — buildx failed with: ERROR: failed to build: failed to solve: process ""/bin/bash -c source activate accelerate && conda install -c conda-forge mpi4py"" did not complete successfully: exit code: 1",,
507a3d3fdc20b5fa8ff5,123,https://github.com/huggingface/accelerate/actions/runs/26859117158,8d0796721e9b5d233233e17186810c0f11bf9c98,2026-06-03T01:58:36Z,src/accelerate/launchers.py; src/accelerate/test_utils/scripts/test_notebook.py; src/accelerate/utils/__init__.py; src/accelerate/utils/bnb.py; src/accelerate/utils/dataclasses.py; src/accelerate/utils/environment.py; src/accelerate/utils/imports.py; tests/test_accelerator.py; tests/test_utils.py,,,Latest Accelerate CPU [dev]; Latest Accelerate GPU DeepSpeed [dev]; Latest Accelerate GPU [dev],Latest Accelerate CPU [dev] -> Build and Push CPU; Latest Accelerate GPU DeepSpeed [dev] -> Build and Push GPU; Latest Accelerate GPU [dev] -> Build and Push GPU,"Latest Accelerate CPU [dev] -> .github:862 — buildx failed with: ERROR: failed to build: failed to solve: process ""/bin/sh -c python3 -m pip install --no-cache-dir jupyter git+https://github.com/huggingface/accelerate egg=accelerate[testing,test_trackers] --extra-index-url https://download.pytorch.org/whl/cpu"" did not complete successfully: exit code: 1; Latest Accelerate GPU DeepSpeed [dev] -> .github:4653 — buildx failed with: ERROR: failed to build: failed to solve: process ""/bin/bash -c source activate accelerate && python3 -m pip install --no-cache-dir git+https://github.com/huggingface/accelerate egg=accelerate[testing,test_trackers,deepspeed] --extra-index-url https://download.pytorch.org/whl/cu126"" did not complete successfully: exit code: 1; Latest Accelerate GPU [dev] -> .github:4669 — buildx failed with: ERROR: failed to build: failed to solve: process ""/bin/bash -c source activate accelerate && python3 -m pip install --no-cache-dir git+https://github.com/huggingface/accelerate egg=accelerate[testing,test_trackers] --extra-index-url https://download.pytorch.org/whl/cu126"" did not complete successfully: exit code: 1",,
507a3d3fdc20b5fa8ff5,124,https://github.com/huggingface/accelerate/actions/runs/26925290623,8d0796721e9b5d233233e17186810c0f11bf9c98,2026-06-04T01:57:35Z,src/accelerate/launchers.py; src/accelerate/test_utils/scripts/test_notebook.py; src/accelerate/utils/__init__.py; src/accelerate/utils/bnb.py; src/accelerate/utils/dataclasses.py; src/accelerate/utils/environment.py; src/accelerate/utils/imports.py; tests/test_accelerator.py; tests/test_utils.py,,,Latest Accelerate CPU [dev]; Latest Accelerate GPU DeepSpeed [dev]; Latest Accelerate GPU [dev],Latest Accelerate CPU [dev] -> Build and Push CPU; Latest Accelerate GPU DeepSpeed [dev] -> Build and Push GPU; Latest Accelerate GPU [dev] -> Build and Push GPU,"Latest Accelerate CPU [dev] -> .github:862 — buildx failed with: ERROR: failed to build: failed to solve: process ""/bin/sh -c python3 -m pip install --no-cache-dir jupyter git+https://github.com/huggingface/accelerate egg=accelerate[testing,test_trackers] --extra-index-url https://download.pytorch.org/whl/cpu"" did not complete successfully: exit code: 1; Latest Accelerate GPU DeepSpeed [dev] -> .github:4668 — buildx failed with: ERROR: failed to build: failed to solve: process ""/bin/bash -c source activate accelerate && python3 -m pip install --no-cache-dir git+https://github.com/huggingface/accelerate egg=accelerate[testing,test_trackers,deepspeed] --extra-index-url https://download.pytorch.org/whl/cu126"" did not complete successfully: exit code: 1; Latest Accelerate GPU [dev] -> .github:4659 — buildx failed with: ERROR: failed to build: failed to solve: process ""/bin/bash -c source activate accelerate && python3 -m pip install --no-cache-dir git+https://github.com/huggingface/accelerate egg=accelerate[testing,test_trackers] --extra-index-url https://download.pytorch.org/whl/cu126"" did not complete successfully: exit code: 1",,
507a3d3fdc20b5fa8ff5,125,https://github.com/huggingface/accelerate/actions/runs/26990461406,8d0796721e9b5d233233e17186810c0f11bf9c98,2026-06-05T01:49:17Z,src/accelerate/launchers.py; src/accelerate/test_utils/scripts/test_notebook.py; src/accelerate/utils/__init__.py; src/accelerate/utils/bnb.py; src/accelerate/utils/dataclasses.py; src/accelerate/utils/environment.py; src/accelerate/utils/imports.py; tests/test_accelerator.py; tests/test_utils.py,,,Latest Accelerate CPU [dev]; Latest Accelerate GPU DeepSpeed [dev]; Latest Accelerate GPU [dev],Latest Accelerate CPU [dev] -> Build and Push CPU; Latest Accelerate GPU DeepSpeed [dev] -> Build and Push GPU; Latest Accelerate GPU [dev] -> Build and Push GPU,"Latest Accelerate CPU [dev] -> .github:862 — buildx failed with: ERROR: failed to build: failed to solve: process ""/bin/sh -c python3 -m pip install --no-cache-dir jupyter git+https://github.com/huggingface/accelerate egg=accelerate[testing,test_trackers] --extra-index-url https://download.pytorch.org/whl/cpu"" did not complete successfully: exit code: 1; Latest Accelerate GPU DeepSpeed [dev] -> .github:4645 — buildx failed with: ERROR: failed to build: failed to solve: process ""/bin/bash -c source activate accelerate && python3 -m pip install --no-cache-dir git+https://github.com/huggingface/accelerate egg=accelerate[testing,test_trackers,deepspeed] --extra-index-url https://download.pytorch.org/whl/cu126"" did not complete successfully: exit code: 1; Latest Accelerate GPU [dev] -> .github:4637 — buildx failed with: ERROR: failed to build: failed to solve: process ""/bin/bash -c source activate accelerate && python3 -m pip install --no-cache-dir git+https://github.com/huggingface/accelerate egg=accelerate[testing,test_trackers] --extra-index-url https://download.pytorch.org/whl/cu126"" did not complete successfully: exit code: 1",,
507a3d3fdc20b5fa8ff5,126,https://github.com/huggingface/accelerate/actions/runs/27049129611,8d0796721e9b5d233233e17186810c0f11bf9c98,2026-06-06T01:44:25Z,src/accelerate/launchers.py; src/accelerate/test_utils/scripts/test_notebook.py; src/accelerate/utils/__init__.py; src/accelerate/utils/bnb.py; src/accelerate/utils/dataclasses.py; src/accelerate/utils/environment.py; src/accelerate/utils/imports.py; tests/test_accelerator.py; tests/test_utils.py,,,Latest Accelerate CPU [dev]; Latest Accelerate GPU DeepSpeed [dev]; Latest Accelerate GPU [dev],Latest Accelerate CPU [dev] -> Build and Push CPU; Latest Accelerate GPU DeepSpeed [dev] -> Build and Push GPU; Latest Accelerate GPU [dev] -> Build and Push GPU,"Latest Accelerate CPU [dev] -> .github:862 — buildx failed with: ERROR: failed to build: failed to solve: process ""/bin/sh -c python3 -m pip install --no-cache-dir jupyter git+https://github.com/huggingface/accelerate egg=accelerate[testing,test_trackers] --extra-index-url https://download.pytorch.org/whl/cpu"" did not complete successfully: exit code: 1; Latest Accelerate GPU DeepSpeed [dev] -> .github:4655 — buildx failed with: ERROR: failed to build: failed to solve: process ""/bin/bash -c source activate accelerate && python3 -m pip install --no-cache-dir git+https://github.com/huggingface/accelerate egg=accelerate[testing,test_trackers,deepspeed] --extra-index-url https://download.pytorch.org/whl/cu126"" did not complete successfully: exit code: 1; Latest Accelerate GPU [dev] -> .github:4653 — buildx failed with: ERROR: failed to build: failed to solve: process ""/bin/bash -c source activate accelerate && python3 -m pip install --no-cache-dir git+https://github.com/huggingface/accelerate egg=accelerate[testing,test_trackers] --extra-index-url https://download.pytorch.org/whl/cu126"" did not complete successfully: exit code: 1",,
507a3d3fdc20b5fa8ff5,127,https://github.com/huggingface/accelerate/actions/runs/27079595479,8d0796721e9b5d233233e17186810c0f11bf9c98,2026-06-07T01:49:13Z,src/accelerate/launchers.py; src/accelerate/test_utils/scripts/test_notebook.py; src/accelerate/utils/__init__.py; src/accelerate/utils/bnb.py; src/accelerate/utils/dataclasses.py; src/accelerate/utils/environment.py; src/accelerate/utils/imports.py; tests/test_accelerator.py; tests/test_utils.py,,,Latest Accelerate CPU [dev]; Latest Accelerate GPU DeepSpeed [dev]; Latest Accelerate GPU [dev],Latest Accelerate CPU [dev] -> Build and Push CPU; Latest Accelerate GPU DeepSpeed [dev] -> Build and Push GPU; Latest Accelerate GPU [dev] -> Build and Push GPU,"Latest Accelerate CPU [dev] -> .github:862 — buildx failed with: ERROR: failed to build: failed to solve: process ""/bin/sh -c python3 -m pip install --no-cache-dir jupyter git+https://github.com/huggingface/accelerate egg=accelerate[testing,test_trackers] --extra-index-url https://download.pytorch.org/whl/cpu"" did not complete successfully: exit code: 1; Latest Accelerate GPU DeepSpeed [dev] -> .github:4661 — buildx failed with: ERROR: failed to build: failed to solve: process ""/bin/bash -c source activate accelerate && python3 -m pip install --no-cache-dir git+https://github.com/huggingface/accelerate egg=accelerate[testing,test_trackers,deepspeed] --extra-index-url https://download.pytorch.org/whl/cu126"" did not complete successfully: exit code: 1; Latest Accelerate GPU [dev] -> .github:4646 — buildx failed with: ERROR: failed to build: failed to solve: process ""/bin/bash -c source activate accelerate && python3 -m pip install --no-cache-dir git+https://github.com/huggingface/accelerate egg=accelerate[testing,test_trackers] --extra-index-url https://download.pytorch.org/whl/cu126"" did not complete successfully: exit code: 1",,
507a3d3fdc20b5fa8ff5,128,https://github.com/huggingface/accelerate/actions/runs/27111652419,8d0796721e9b5d233233e17186810c0f11bf9c98,2026-06-08T01:53:00Z,src/accelerate/launchers.py; src/accelerate/test_utils/scripts/test_notebook.py; src/accelerate/utils/__init__.py; src/accelerate/utils/bnb.py; src/accelerate/utils/dataclasses.py; src/accelerate/utils/environment.py; src/accelerate/utils/imports.py; tests/test_accelerator.py; tests/test_utils.py,,,Latest Accelerate CPU [dev]; Latest Accelerate GPU DeepSpeed [dev]; Latest Accelerate GPU [dev],Latest Accelerate CPU [dev] -> Build and Push CPU; Latest Accelerate GPU DeepSpeed [dev] -> Build and Push GPU; Latest Accelerate GPU [dev] -> Build and Push GPU,"Latest Accelerate CPU [dev] -> .github:862 — buildx failed with: ERROR: failed to build: failed to solve: process ""/bin/sh -c python3 -m pip install --no-cache-dir jupyter git+https://github.com/huggingface/accelerate egg=accelerate[testing,test_trackers] --extra-index-url https://download.pytorch.org/whl/cpu"" did not complete successfully: exit code: 1; Latest Accelerate GPU DeepSpeed [dev] -> .github:4647 — buildx failed with: ERROR: failed to build: failed to solve: process ""/bin/bash -c source activate accelerate && python3 -m pip install --no-cache-dir git+https://github.com/huggingface/accelerate egg=accelerate[testing,test_trackers,deepspeed] --extra-index-url https://download.pytorch.org/whl/cu126"" did not complete successfully: exit code: 1; Latest Accelerate GPU [dev] -> .github:4639 — buildx failed with: ERROR: failed to build: failed to solve: process ""/bin/bash -c source activate accelerate && python3 -m pip install --no-cache-dir git+https://github.com/huggingface/accelerate egg=accelerate[testing,test_trackers] --extra-index-url https://download.pytorch.org/whl/cu126"" did not complete successfully: exit code: 1",,
507a3d3fdc20b5fa8ff5,129,https://github.com/huggingface/accelerate/actions/runs/27178460875,8d0796721e9b5d233233e17186810c0f11bf9c98,2026-06-09T01:42:07Z,src/accelerate/launchers.py; src/accelerate/test_utils/scripts/test_notebook.py; src/accelerate/utils/__init__.py; src/accelerate/utils/bnb.py; src/accelerate/utils/dataclasses.py; src/accelerate/utils/environment.py; src/accelerate/utils/imports.py; tests/test_accelerator.py; tests/test_utils.py,,,Latest Accelerate CPU [dev]; Latest Accelerate GPU DeepSpeed [dev]; Latest Accelerate GPU [dev],Latest Accelerate CPU [dev] -> Build and Push CPU; Latest Accelerate GPU DeepSpeed [dev] -> Build and Push GPU; Latest Accelerate GPU [dev] -> Build and Push GPU,"Latest Accelerate CPU [dev] -> buildx failed with: ERROR: failed to build: failed to solve: process ""/bin/sh -c python3 -m pip install --no-cache-dir     jupyter     git+https://github.com/huggingface/accelerate#egg=accelerate[testing,test_trackers]     --extra-index-url https://download.pytorch.org/whl/cpu"" did not complete successfully: exit code: 1; Latest Accelerate GPU DeepSpeed [dev] -> buildx failed with: ERROR: failed to build: failed to solve: process ""/bin/bash -c source activate accelerate &&     python3 -m pip install --no-cache-dir     git+https://github.com/huggingface/accelerate#egg=accelerate[testing,test_trackers,deepspeed]     --extra-index-url https://download.pytorch.org/whl/cu126"" did not complete successfully: exit code: 1; Latest Accelerate GPU [dev] -> buildx failed with: ERROR: failed to build: failed to solve: process ""/bin/bash -c source activate accelerate &&     python3 -m pip install --no-cache-dir     git+https://github.com/huggingface/accelerate#egg=accelerate[testing,test_trackers]     --extra-index-url https://download.pytorch.org/whl/cu126"" did not complete successfully: exit code: 1",,
507a3d3fdc20b5fa8ff5,130,https://github.com/huggingface/accelerate/actions/runs/27247633802,77eb5cf6087d91227d77ebbe65121501eb56d098,2026-06-10T01:47:56Z,src/accelerate/accelerator.py; tests/test_tracking.py,,,Latest Accelerate CPU [dev]; Latest Accelerate GPU DeepSpeed [dev]; Latest Accelerate GPU [dev],Latest Accelerate CPU [dev] -> Build and Push CPU; Latest Accelerate GPU DeepSpeed [dev] -> Build and Push GPU; Latest Accelerate GPU [dev] -> Build and Push GPU,"Latest Accelerate CPU [dev] -> buildx failed with: ERROR: failed to build: failed to solve: process ""/bin/sh -c python3 -m pip install --no-cache-dir     jupyter     git+https://github.com/huggingface/accelerate#egg=accelerate[testing,test_trackers]     --extra-index-url https://download.pytorch.org/whl/cpu"" did not complete successfully: exit code: 1; Latest Accelerate GPU DeepSpeed [dev] -> buildx failed with: ERROR: failed to build: failed to solve: process ""/bin/bash -c source activate accelerate &&     python3 -m pip install --no-cache-dir     git+https://github.com/huggingface/accelerate#egg=accelerate[testing,test_trackers,deepspeed]     --extra-index-url https://download.pytorch.org/whl/cu126"" did not complete successfully: exit code: 1; Latest Accelerate GPU [dev] -> buildx failed with: ERROR: failed to build: failed to solve: process ""/bin/bash -c source activate accelerate &&     python3 -m pip install --no-cache-dir     git+https://github.com/huggingface/accelerate#egg=accelerate[testing,test_trackers]     --extra-index-url https://download.pytorch.org/whl/cu126"" did not complete successfully: exit code: 1",,
a7eb31cad3a8bc8f406b,1,https://github.com/huggingface/accelerate/actions/runs/26447786072,cde3e58b8f28abce20c3267b5fa78a3a60acfa94,2026-05-26T12:22:04Z,src/accelerate/accelerator.py; src/accelerate/test_utils/scripts/test_ops.py; src/accelerate/utils/operations.py,,,Analyze (actions); Analyze (python),Analyze (actions) -> Set up job; Analyze (python) -> Set up job,Analyze (actions) -> .github:35 — Failed to download archive 'https://codeload.github.com/github/codeql-action/tar.gz/7211b7c8077ea37d8641b6271f6a365a22a5fbfa' after 1 attempts. | .github:34 — An action could not be found at the URI 'https://codeload.github.com/github/codeql-action/tar.gz/7211b7c8077ea37d8641b6271f6a365a22a5fbfa' (A808:1481F2:1D3445:2540A0:6A159075); Analyze (python) -> .github:35 — Failed to download archive 'https://codeload.github.com/github/codeql-action/tar.gz/7211b7c8077ea37d8641b6271f6a365a22a5fbfa' after 1 attempts. | .github:34 — An action could not be found at the URI 'https://codeload.github.com/github/codeql-action/tar.gz/7211b7c8077ea37d8641b6271f6a365a22a5fbfa' (6400:2A6AFF:1DC9EF:259128:6A159074),,
47a673a750bddba0e165,1,https://github.com/huggingface/accelerate/actions/runs/27286600094,2a85ae51327dd3060693922eea556d6175719205,2026-06-10T15:20:34Z,,.github/workflows/self_hosted_integration_tests.yml,,Analyze (actions); Analyze (python),Analyze (actions) -> Perform CodeQL Analysis; Analyze (python) -> Initialize CodeQL,"Analyze (actions) -> Please check that your token is valid and has the required permissions: contents: read, security-events: write; Analyze (python) -> Encountered an error while trying to determine feature enablement: HttpError: Requires authentication - https://docs.github.com/rest",,
d847282e43fadc80f48f,1,https://github.com/huggingface/accelerate/actions/runs/22628574528,8067abae81abbd176af65dc9694f9f99dacf3985,2026-03-03T14:53:47Z,src/accelerate/data_loader.py,,,build / upload_pr_documentation,,build / upload_pr_documentation -> .github:9 — Bad credentials,,
d847282e43fadc80f48f,2,https://github.com/huggingface/accelerate/actions/runs/22634108464,beed693e4f58820ad97c79e4373af944c8fdb3d4,2026-03-03T17:06:53Z,src/accelerate/accelerator.py,,,build / upload_pr_documentation,,build / upload_pr_documentation -> .github:9 — Bad credentials,,
d847282e43fadc80f48f,3,https://github.com/huggingface/accelerate/actions/runs/22677899583,beed693e4f58820ad97c79e4373af944c8fdb3d4,2026-03-04T16:08:22Z,src/accelerate/accelerator.py,,,build / upload_pr_documentation,,build / upload_pr_documentation -> .github:9 — Bad credentials,,
d847282e43fadc80f48f,4,https://github.com/huggingface/accelerate/actions/runs/22684970291,5cf9cf88a4deeb7d627fc3efadd9af5a77353888,2026-03-04T19:11:11Z,src/accelerate/data_loader.py; src/accelerate/test_utils/scripts/test_distributed_data_loop.py,,,build / upload_pr_documentation,,build / upload_pr_documentation -> .github:9 — Bad credentials,,
d847282e43fadc80f48f,5,https://github.com/huggingface/accelerate/actions/runs/22711754428,74427420dc8cfaa9f4880d2c782b84574d553144,2026-03-05T09:39:40Z,setup.py; src/accelerate/__init__.py,setup.py,,build / upload_pr_documentation,,build / upload_pr_documentation -> .github:9 — Bad credentials,,
d847282e43fadc80f48f,6,https://github.com/huggingface/accelerate/actions/runs/22719182275,74427420dc8cfaa9f4880d2c782b84574d553144,2026-03-05T13:02:53Z,setup.py; src/accelerate/__init__.py,setup.py,,build / upload_pr_documentation,,build / upload_pr_documentation -> .github:9 — Bad credentials,,
d847282e43fadc80f48f,7,https://github.com/huggingface/accelerate/actions/runs/22719688317,74427420dc8cfaa9f4880d2c782b84574d553144,2026-03-05T13:16:40Z,setup.py; src/accelerate/__init__.py,setup.py,,build / upload_pr_documentation,,build / upload_pr_documentation -> .github:9 — Bad credentials,,
d847282e43fadc80f48f,8,https://github.com/huggingface/accelerate/actions/runs/22720304180,74427420dc8cfaa9f4880d2c782b84574d553144,2026-03-05T13:33:13Z,setup.py; src/accelerate/__init__.py,setup.py,,build / upload_pr_documentation,,build / upload_pr_documentation -> .github:9 — Bad credentials,,
d847282e43fadc80f48f,9,https://github.com/huggingface/accelerate/actions/runs/22726609467,74427420dc8cfaa9f4880d2c782b84574d553144,2026-03-05T16:04:53Z,setup.py; src/accelerate/__init__.py,setup.py,,build / upload_pr_documentation,,build / upload_pr_documentation -> .github:9 — Bad credentials,,
ecf96bef75e0b16ccc91,1,https://github.com/huggingface/accelerate/actions/runs/22910084623,3e27a7c69e372d770ebb21e2a810e79754250c5c,2026-03-10T15:24:40Z,src/accelerate/data_loader.py; src/accelerate/test_utils/testing.py; tests/test_data_loader.py,,,build / upload_pr_documentation,,build / upload_pr_documentation -> .github:334 — Process completed with exit code 1.,,
e0112049baeda78d0e87,1,https://github.com/huggingface/accelerate/actions/runs/27213303149,0413cf9f1551fbab7e25b911066fe27806905093,2026-06-09T14:29:35Z,benchmarks/fsdp2/utils.py; benchmarks/fsdp2/visualize.py; src/accelerate/accelerator.py; src/accelerate/commands/launch.py; src/accelerate/utils/dataclasses.py; src/accelerate/utils/modeling.py,,,build / upload_pr_documentation,build / upload_pr_documentation -> Sync to bucket,build / upload_pr_documentation -> Process completed with exit code 1.,,
9948081a44ddeed9c7b3,1,https://github.com/huggingface/accelerate/actions/runs/27216992333,379c8e009d98ccf3811847b25474615491bfe933,2026-06-09T15:28:21Z,,.github/workflows/build-docker-images-release.yml,,build / upload_pr_documentation,build / upload_pr_documentation -> Sync to bucket,build / upload_pr_documentation -> Process completed with exit code 1.,,
4895822463191e4c0352,1,https://github.com/huggingface/accelerate/actions/runs/27286314746,14d7cdc78e66730479b6249e351a533bd24469e7,2026-06-10T15:15:30Z,src/accelerate/data_loader.py; tests/test_data_loader.py,,,build / upload_pr_documentation,build / upload_pr_documentation -> Download artifact,build / upload_pr_documentation -> Unable to download artifact(s): Requires authentication,,
7140afaab2a9018b56a5,1,https://github.com/huggingface/accelerate/actions/runs/16609486340,464a642d239b5d9c31f3691537a060f6bdd966f1,2025-07-29T23:14:52Z,src/accelerate/accelerator.py,,,run-trainer-tests,,run-trainer-tests -> .github:11597 — Process completed with exit code 1.,,
7140afaab2a9018b56a5,2,https://github.com/huggingface/accelerate/actions/runs/16626530010,f85eadf10653e98bbe701b611dad1aa2563d5c07,2025-07-30T15:13:02Z,src/accelerate/accelerator.py,,,run-trainer-tests,,run-trainer-tests -> .github:11597 — Process completed with exit code 1.,,
7140afaab2a9018b56a5,3,https://github.com/huggingface/accelerate/actions/runs/16626605848,86771e251eab65facd55cf5e39bc2762743b2a7e,2025-07-30T15:16:13Z,src/accelerate/accelerator.py,,,run-trainer-tests,,run-trainer-tests -> .github:11597 — Process completed with exit code 1.,,
cc7a263ddf2c58916b66,1,https://github.com/huggingface/accelerate/actions/runs/27307876458,72c97ff1090be28b51e0b96d1ecdb34e1fd59945,2026-06-10T21:34:59Z,src/accelerate/launchers.py; src/accelerate/test_utils/scripts/test_sync.py; src/accelerate/utils/modeling.py; tests/fsdp/test_fsdp.py; tests/tp/fsdp2_tp_preparation.py; tests/tp/test_tp.py,,,run-trainer-tests,run-trainer-tests -> Run Trainer tests,run-trainer-tests -> Process completed with exit code 1.,,
6e15c02db502bdda9121,1,https://github.com/huggingface/accelerate/actions/runs/27211400259,8b69e9f1fccc0bd15247d10aa343b2a03fd52aa2,2026-06-09T13:59:22Z,src/accelerate/hooks.py; src/accelerate/launchers.py; src/accelerate/test_utils/scripts/test_notebook.py; src/accelerate/utils/__init__.py; src/accelerate/utils/bnb.py; src/accelerate/utils/dataclasses.py; src/accelerate/utils/environment.py; src/accelerate/utils/imports.py; tests/test_accelerator.py; tests/test_load_checkpoint_and_dispatch_with_broadcast.py; tests/test_utils.py,.github/workflows/nightly.yml,,run-trainer-tests,run-trainer-tests -> Run Trainer tests,run-trainer-tests -> Process completed with exit code 4.,,
f3b5c378b3db090b8586,1,https://github.com/huggingface/accelerate/actions/runs/23157864785,ca53b926b6290dcc51508807e2ea35bb434e5c2b,2026-03-16T17:46:23Z,src/accelerate/utils/modeling.py,,,run-trainer-tests,,run-trainer-tests -> .github:4745 — Process completed with exit code 1.,,
9935959347d94710ceb7,1,https://github.com/huggingface/accelerate/actions/runs/20959835541,53366f090d93618511ed019f03d66a6913c266dc,2026-01-13T14:11:24Z,,,,run-trainer-tests,,run-trainer-tests -> .github:5103 — Process completed with exit code 1.,,
1fa400bb29c6598658ef,1,https://github.com/huggingface/accelerate/actions/runs/16781711855,e8cf04de57c3a831b335e162e0fc94cdebfbb233,2025-08-06T15:43:06Z,src/accelerate/accelerator.py; src/accelerate/parallelism_config.py; src/accelerate/utils/launch.py,,,run-trainer-tests,,run-trainer-tests -> .github:65 — Process completed with exit code 4.,,
1fa400bb29c6598658ef,2,https://github.com/huggingface/accelerate/actions/runs/16781898024,e217ffc6431ccd69d47a37e02006c002d7f8f4e1,2025-08-06T15:50:56Z,src/accelerate/parallelism_config.py,,,run-trainer-tests,,run-trainer-tests -> .github:4910 — Process completed with exit code 1.,,
6d423c684709a28c8731,1,https://github.com/huggingface/accelerate/actions/runs/16609486309,464a642d239b5d9c31f3691537a060f6bdd966f1,2025-07-29T23:14:52Z,src/accelerate/accelerator.py,,,run-tests (latest); run-tests (minimum),,run-tests (latest) -> .github:173 — Process completed with exit code 1.; run-tests (minimum) -> .github:173 — Process completed with exit code 1.,,
d67561dfa5f96dd77d67,1,https://github.com/huggingface/accelerate/actions/runs/16629219358,ec59f84d6659208982df230ef393e80b977e2e07,2025-07-30T17:15:09Z,src/accelerate/parallelism_config.py,,,run-tests (minimum),,run-tests (minimum) -> .github:92 — Process completed with exit code 1.,,
7622c24832123307560b,1,https://github.com/huggingface/accelerate/actions/runs/27211400154,8b69e9f1fccc0bd15247d10aa343b2a03fd52aa2,2026-06-09T13:59:22Z,src/accelerate/hooks.py; src/accelerate/launchers.py; src/accelerate/test_utils/scripts/test_notebook.py; src/accelerate/utils/__init__.py; src/accelerate/utils/bnb.py; src/accelerate/utils/dataclasses.py; src/accelerate/utils/environment.py; src/accelerate/utils/imports.py; tests/test_accelerator.py; tests/test_load_checkpoint_and_dispatch_with_broadcast.py; tests/test_utils.py,.github/workflows/nightly.yml,,run-tests (latest); run-tests (minimum),run-tests (latest) -> Run Import Tests; run-tests (minimum) -> Run Import Tests,run-tests (latest) -> Process completed with exit code 2.; run-tests (minimum) -> Process completed with exit code 2.,,
420d517514137ec09aed,1,https://github.com/huggingface/accelerate/actions/runs/16781711853,e8cf04de57c3a831b335e162e0fc94cdebfbb233,2025-08-06T15:43:06Z,src/accelerate/accelerator.py; src/accelerate/parallelism_config.py; src/accelerate/utils/launch.py,,,run-tests (latest); run-tests (minimum),,run-tests (latest) -> .github:50 — Process completed with exit code 2.; run-tests (minimum) -> .github:50 — Process completed with exit code 2.,,
698b83b3d18524cd5bfb,1,https://github.com/huggingface/accelerate/actions/runs/17918851347,14383311c22bfa9c67714ec481e94ceec62e6c86,2025-09-22T14:37:50Z,src/accelerate/utils/modeling.py,,,style / run-style-bot,,style / run-style-bot -> .github:44 — Process completed with exit code 2.,,
698b83b3d18524cd5bfb,2,https://github.com/huggingface/accelerate/actions/runs/17919213239,14383311c22bfa9c67714ec481e94ceec62e6c86,2025-09-22T14:50:30Z,src/accelerate/utils/modeling.py,,,style / run-style-bot,,style / run-style-bot -> .github:44 — Process completed with exit code 2.,,
698b83b3d18524cd5bfb,3,https://github.com/huggingface/accelerate/actions/runs/19641060990,139d14b1a1c010a0db782d7bee5213468ff8630c,2025-11-24T16:12:00Z,setup.py; src/accelerate/__init__.py,setup.py,,style / run-style-bot,,style / run-style-bot -> .github:45 — Process completed with exit code 1.,,
16c9d53c4657f634f8cf,1,https://github.com/huggingface/accelerate/actions/runs/24195182909,cff245037dfff59138c03393ced59a7aa5d6dc30,2026-04-09T14:18:26Z,tests/test_big_modeling.py,,,style / run-style-bot,style / run-style-bot -> Run style command,style / run-style-bot -> .github:48 — Process completed with exit code 2.,,
fb2bd31c7147e66c17c8,1,https://github.com/huggingface/accelerate/actions/runs/27211406205,1afc3d8cbbd37c9bdd94771163e912c51cb3f3a6,2026-06-09T13:59:27Z,src/accelerate/launchers.py; src/accelerate/test_utils/scripts/test_notebook.py; src/accelerate/utils/environment.py,.github/workflows/nightly.yml,,style / run-style-bot,style / run-style-bot -> Run style command,style / run-style-bot -> Process completed with exit code 2.,,
00ce24b3375de1908593,1,https://github.com/isl-org/Open3D-ML/actions/runs/25302736371,b4aec71ef10dd9ec5a191606d3ff1177c74ee524,2026-05-04T05:30:58Z,,requirements-tensorflow.txt; requirements-torch-cuda.txt; requirements-torch.txt,,ubuntu,ubuntu -> Config and build,ubuntu -> .github:62 — Process completed with exit code 1.,,
54aa401cf27da40cc204,1,https://github.com/isl-org/Open3D-ML/actions/runs/32418880902,942bbc903994a928e411aa4a5f44f675069607f4,2026-08-20T21:20:16Z,tests/test_models_torch.py,.github/workflows/ubuntu.yml,,ubuntu,ubuntu -> Run Open3D-ML tests (CPU wheel),ubuntu -> Process completed with exit code 1.,,
3c5ee2e4389c26b69bfb,1,https://github.com/isl-org/Open3D-ML/actions/runs/32428662850,237fd023e628d6ed613c78d6202cabc99ba5f31d,2026-08-20T23:26:32Z,ml3d/metrics/__init__.py; ml3d/torch/pipelines/base_pipeline.py; scripts/run_pipeline.py; tests/test_models_torch.py; tests/torch_backend_parity.py,,,style-check,style-check -> Run style check,style-check -> Process completed with exit code 1.,,
1c22f08d99f392ff0747,1,https://github.com/mosaicml/llm-foundry/actions/runs/16382403963,e293d631be3161574731b001ff63e015b00b5810,2025-07-18T23:43:09Z,llmfoundry/callbacks/monolithic_ckpt_callback.py,,,,,,,
ba8ec99fc9227cdbf30f,1,https://github.com/mosaicml/llm-foundry/actions/runs/16426484233,62f5eb962ebe72259866d0c76d56e13366a340c3,2025-07-21T19:40:31Z,llmfoundry/callbacks/hf_checkpointer.py,,,,,,,
f8f3b80cb132ed7f2731,1,https://github.com/mosaicml/llm-foundry/actions/runs/16896753469,a5c0c0d49b7c971ddd342050a76e78a4834d2dbb,2025-08-12T01:48:03Z,llmfoundry/callbacks/NsysProfileCallback.py; llmfoundry/callbacks/__init__.py; llmfoundry/models/layers/attention.py; llmfoundry/models/layers/benchmark_attention.py; llmfoundry/models/utils/param_init_fns.py,requirements.txt,,gpu-2.7.0-1; gpu-2.7.0-2; gpu-2.7.0-4,,gpu-2.7.0-1 -> .github:945 — Process completed with exit code 1.; gpu-2.7.0-2 -> .github:1551 — Process completed with exit code 1.; gpu-2.7.0-4 -> .github:1549 — Process completed with exit code 1.,,
67d7adcf7200a11d2635,1,https://github.com/opendilab/DI-engine/actions/runs/16398069388,37fb707e6301d285c984ae1d202d8206ebf1c912,2025-07-20T08:46:45Z,ding/policy/ppo.py; ding/rl_utils/ppo.py; dizoo/atari/config/serial/pong/pong_ppo_config.py; dizoo/atari/config/serial/spaceinvaders/spaceinvaders_onppo_config.py,,,,,,,
67d7adcf7200a11d2635,2,https://github.com/opendilab/DI-engine/actions/runs/16398204514,fc668c8fb5ffb2dadbcea5c1f8908f9ded07ed39,2025-07-20T09:03:01Z,ding/policy/ppo.py; ding/rl_utils/ppo.py,,,,,,,
67d7adcf7200a11d2635,3,https://github.com/opendilab/DI-engine/actions/runs/16585675108,64872286102c089e8bd71033fc457cac363523a4,2025-07-29T03:10:41Z,ding/policy/ppo.py; ding/rl_utils/ppo.py; dizoo/atari/config/serial/pong/pong_ppo_config.py; dizoo/atari/config/serial/spaceinvaders/spaceinvaders_onppo_config.py; dizoo/classic_control/cartpole/config/cartpole_dqn_ddp_config.py; dizoo/d4rl/config/halfcheetah_medium_expert_iql_config.py; dizoo/d4rl/config/halfcheetah_medium_iql_config.py; dizoo/d4rl/config/halfcheetah_medium_replay_iql_config.py; dizoo/d4rl/config/hopper_medium_expert_iql_config.py; dizoo/d4rl/config/hopper_medium_iql_config.py; dizoo/d4rl/config/hopper_medium_replay_iql_config.py,,,style (3.10),,style (3.10) -> .github:836 — Process completed with exit code 2.,,
67d7adcf7200a11d2635,4,https://github.com/opendilab/DI-engine/actions/runs/16588273127,4a919f8c5fb5557530731af5b0b4a5cd9bdcce1b,2025-07-29T06:18:23Z,ding/rl_utils/ppo.py,,,style (3.10),,style (3.10) -> .github:836 — Process completed with exit code 2.,,
ec69251bb0ffaf1ccf45,1,https://github.com/opendilab/DI-engine/actions/runs/19988764815,8d29a325347f1bd0b87a71ea5375484cb81d59c6,2025-12-06T12:53:29Z,ding/worker/learner/learner_hook.py,,,style (3.10),,style (3.10) -> .github:843 — Process completed with exit code 2.,,
8eb26dfe0684cf66c5b6,1,https://github.com/speechbrain/speechbrain/actions/runs/19637963932,ecf2f95c0ffc6a55927bf41d04f12640d039bfb5,2025-11-24T14:33:52Z,tests/unittests/test_core.py,,,Tests (3.9),,Tests (3.9) -> .github:329 — Process completed with exit code 1.,,
0903aea0336b5dcb432c,1,https://github.com/speechbrain/speechbrain/actions/runs/19638355872,3d3bb20aab67f15c50656fe1dbd5ab4bf437a9c9,2025-11-24T14:46:40Z,tests/unittests/test_core.py,,,Tests (3.12),,Tests (3.12) -> .github:251 — Process completed with exit code 1.,,
c6e6848d787de49228b5,1,https://github.com/speechbrain/speechbrain/actions/runs/23952023700,273f61f4f6ddeb0701d42782cd1278d08432b469,2026-04-03T15:41:12Z,,,,Tests (3.10),Tests (3.10) -> Unittests with pytest,Tests (3.10) -> .github:296 — Process completed with exit code 1.,,
602a47c845dea42a3f14,1,https://github.com/speechbrain/speechbrain/actions/runs/21485086023,f97c1b2f1b608d459fd2be2cb6730e9e3d276173,2026-01-29T15:55:30Z,speechbrain/tokenizers/SentencePiece.py; tests/unittests/test_tokenizer.py,,,Tests (3.10),,Tests (3.10) -> .github:2284 — Process completed with exit code 1.,,
a1593d7bd6afb1ae5119,1,https://github.com/speechbrain/speechbrain/actions/runs/23747065989,599911f5a7cbd52c0aebf14e6cf94f29a135b81e,2026-03-30T13:25:19Z,,,,Tests (3.10),Tests (3.10) -> Unittests with pytest,Tests (3.10) -> .github:296 — Process completed with exit code 1.,,
371368e9aab421af7eb1,1,https://github.com/speechbrain/speechbrain/actions/runs/19089632522,e333ab2302badc9e9346dbd755a11e08e974f5cb,2025-11-05T02:47:47Z,speechbrain/augment/time_domain.py; tests/unittests/test_augment.py,,,Tests (3.12),,Tests (3.12) -> .github:299 — Process completed with exit code 1.,,
c35db8f14d30d29874aa,1,https://github.com/speechbrain/speechbrain/actions/runs/19118007548,a81d0792f084ffa74733b43cd6f9dcec39d7cf88,2025-11-05T22:15:20Z,speechbrain/augment/time_domain.py; tests/unittests/test_augment.py,,,Tests (3.9),,Tests (3.9) -> .github:289 — Process completed with exit code 1.,,
c35db8f14d30d29874aa,2,https://github.com/speechbrain/speechbrain/actions/runs/19183315404,1ffcbe760c6dec856239f6fb6c772204a7ce3447,2025-11-07T22:48:16Z,speechbrain/augment/time_domain.py; tests/unittests/test_augment.py,,,Tests (3.12); Tests (3.9),,Tests (3.12) -> .github:242 — Process completed with exit code 1.; Tests (3.9) -> .github:226 — Process completed with exit code 1.,,
27d2fa6c70731799b805,1,https://github.com/speechbrain/speechbrain/actions/runs/19708764723,bbf829e398c3cb1ee3c7694708b48250fcfc6716,2025-11-26T15:22:37Z,speechbrain/integrations/tests/test_cached_item.py,,,Tests (3.13),,Tests (3.13) -> .github:296 — Process completed with exit code 1.,,
27d2fa6c70731799b805,2,https://github.com/speechbrain/speechbrain/actions/runs/19708869267,7b6fd77b4000b142a79d46bc3ee7591c3ba1c9a3,2025-11-26T15:26:01Z,tests/unittests/test_data_pipeline.py,,,Tests (3.10),,Tests (3.10) -> .github:296 — Process completed with exit code 1.,,
360bcf1a7b5be845414a,1,https://github.com/speechbrain/speechbrain/actions/runs/19768060722,dfb49d0f6084dc6f429ef00afca448a597c11f66,2025-11-28T15:30:05Z,,,,Tests (3.13),,Tests (3.13) -> .github:539 — Process completed with exit code 2.,,
360bcf1a7b5be845414a,2,https://github.com/speechbrain/speechbrain/actions/runs/19768104494,39f8209e5905c41effa74c920fd036b954ef2cc6,2025-11-28T15:32:07Z,speechbrain/lobes/models/huggingface_transformers/__init__.py; speechbrain/lobes/models/huggingface_transformers/discrete_ssl.py; speechbrain/lobes/models/huggingface_transformers/encodec.py; speechbrain/lobes/models/huggingface_transformers/gpt.py; speechbrain/lobes/models/huggingface_transformers/hubert.py; speechbrain/lobes/models/huggingface_transformers/huggingface.py; speechbrain/lobes/models/huggingface_transformers/labse.py; speechbrain/lobes/models/huggingface_transformers/llama2.py; speechbrain/lobes/models/huggingface_transformers/mbart.py; speechbrain/lobes/models/huggingface_transformers/mert.py; speechbrain/lobes/models/huggingface_transformers/mimi.py; speechbrain/lobes/models/huggingface_transformers/nllb.py; speechbrain/lobes/models/huggingface_transformers/textencoder.py; speechbrain/lobes/models/huggingface_transformers/vocos.py; speechbrain/lobes/models/huggingface_transformers/wav2vec2.py; speechbrain/lobes/models/huggingface_transformers/wavlm.py; speechbrain/lobes/models/huggingface_transformers/weighted_ssl.py; speechbrain/lobes/models/huggingface_transformers/whisper.py,,,Tests (3.13),,Tests (3.13) -> .github:309 — Process completed with exit code 2.,,
8863a6b2b90b4a828cc5,1,https://github.com/speechbrain/speechbrain/actions/runs/19616956158,94c7fd866dbc1cb2cef834a8f8b86a28dfd1e63f,2025-11-23T20:38:12Z,,,,Tests (3.9),,Tests (3.9) -> .github:298 — Process completed with exit code 1.,,
1d9c4ecc3d3ead8f6100,1,https://github.com/speechbrain/speechbrain/actions/runs/21558384307,1e7db6f1e16a04850e1b830e31c3633ead9b662d,2026-02-01T06:46:34Z,,,,Tests (3.10),,Tests (3.10) -> .github:1992 — Process completed with exit code 1.,,
e89973b576893cd14561,1,https://github.com/speechbrain/speechbrain/actions/runs/21785680926,c0b5054e653aad4c3ce7e27c2cae2470bf9554f0,2026-02-07T19:33:48Z,speechbrain/nnet/losses.py,,,Tests (3.10),,Tests (3.10) -> .github:304 — Process completed with exit code 1.,,
a42bb795e8f158931896,1,https://github.com/speechbrain/speechbrain/actions/runs/16519281468,d5bcabf1aca2b3b35defaf71756b528b58d69292,2025-07-25T10:00:27Z,,,,Tests (3.9),,,,
9000796e15dbf5d694ac,1,https://github.com/speechbrain/speechbrain/actions/runs/18942172340,92786988e489e51b78a81e84dcf80fc51bad1c1f,2025-10-30T13:25:45Z,speechbrain/inference/enhancement.py,,,Tests (3.12),,Tests (3.12) -> .github:292 — Process completed with exit code 1.,,
9000796e15dbf5d694ac,2,https://github.com/speechbrain/speechbrain/actions/runs/19613021729,763685d44307c70aba89a4237d0e552037241e4b,2025-11-23T15:03:15Z,conftest.py; recipes/AISHELL-1/aishell_prepare.py; recipes/AMI/Diarization/experiment.py; recipes/AMI/ami_prepare.py; recipes/Aishell1Mix/meta/preprocess_dynamic_mixing.py; recipes/Aishell1Mix/prepare_data.py; recipes/Aishell1Mix/separation/dynamic_mixing.py; recipes/Aishell1Mix/separation/scripts/create_aishell1_metadata.py; recipes/Aishell1Mix/separation/scripts/create_aishell1mix_from_metadata.py; recipes/Aishell1Mix/separation/train.py; recipes/AudioMNIST/audiomnist_prepare.py; recipes/AudioMNIST/diffusion/train.py; recipes/BinauralWSJ0Mix/prepare_data.py; recipes/BinauralWSJ0Mix/separation/dynamic_mixing.py; recipes/BinauralWSJ0Mix/separation/train.py; recipes/CVSS/S2ST/extract_code.py; recipes/CVSS/S2ST/train.py; recipes/CVSS/cvss_prepare.py; recipes/CoVoST/AST/train.py; recipes/CoVoST/AST/train_w2v2_llama.py; recipes/CoVoST/covost_prepare.py; recipes/CommonLanguage/common_language_prepare.py; recipes/CommonLanguage/lang_id/train.py; recipes/CommonVoice/ASR/CTC/train_with_wav2vec.py; recipes/CommonVoice/ASR/seq2seq/train.py; recipes/CommonVoice/ASR/seq2seq/train_with_wav2vec.py; recipes/CommonVoice/ASR/transducer/train.py; recipes/CommonVoice/ASR/transformer/train.py; recipes/CommonVoice/ASR/transformer/train_with_whisper.py; recipes/CommonVoice/LM/train.py; recipes/CommonVoice/common_voice_prepare.py; recipes/CommonVoice/self-supervised-learning/wav2vec2/train_hf_wav2vec2.py; recipes/DNS/create_wds_shards.py; recipes/DNS/dns_download.py; recipes/DNS/enhancement/train.py; recipes/DNS/noisyspeech_synthesizer/audiolib.py; recipes/DVoice/ASR/CTC/train_with_wav2vec2.py; recipes/DVoice/dvoice_prepare.py; recipes/ESC50/classification/train.py; recipes/ESC50/esc50_prepare.py; recipes/ESC50/interpret/eval.py; recipes/ESC50/interpret/interpret_amt.py; recipes/ESC50/interpret/interpreter_brain.py; recipes/ESC50/interpret/train_l2i.py; recipes/ESC50/interpret/train_lmac.py; recipes/ESC50/interpret/train_nmf.py; recipes/ESC50/wham_prepare.py; recipes/Fisher-Callhome-Spanish/fisher_callhome_prepare.py; recipes/GigaSpeech/ASR/CTC/train_with_wavlm.py; recipes/GigaSpeech/dataset.py; recipes/GigaSpeech/gigaspeech_prepare.py; recipes/Google-speech-commands/prepare_GSC.py; recipes/Google-speech-commands/train.py; recipes/IEMOCAP/emotion_recognition/iemocap_prepare.py; recipes/IEMOCAP/iemocap_prepare.py; recipes/KsponSpeech/ASR/transformer/train.py; recipes/KsponSpeech/LM/train.py; recipes/KsponSpeech/ksponspeech_prepare.py; recipes/LJSpeech/TTS/fastspeech2/train.py; recipes/LJSpeech/TTS/fastspeech2/train_internal_alignment.py; recipes/LJSpeech/TTS/tacotron2/train.py; recipes/LJSpeech/TTS/vocoder/diffwave/train.py; recipes/LJSpeech/TTS/vocoder/hifigan/train.py; recipes/LJSpeech/TTS/vocoder/hifigan_discrete/extract_code.py; recipes/LJSpeech/TTS/vocoder/hifigan_discrete/train.py; recipes/LJSpeech/ljspeech_prepare.py; recipes/Libri-Light/self-supervised-learning/BEST-RQ/librilight_prepare.py; recipes/Libri-Light/self-supervised-learning/BEST-RQ/train.py; recipes/LibriMix/meta/preprocess_dynamic_mixing.py; recipes/LibriMix/prepare_data.py; recipes/LibriMix/separation/dynamic_mixing.py; recipes/LibriMix/separation/train.py; recipes/LibriParty/VAD/commonlanguage_prepare.py; recipes/LibriParty/VAD/libriparty_prepare.py; recipes/LibriParty/VAD/musan_prepare.py; recipes/LibriParty/VAD/train.py; recipes/LibriParty/generate_dataset/create_custom_dataset.py; recipes/LibriParty/generate_dataset/get_dataset_from_metadata.py; recipes/LibriParty/generate_dataset/local/create_mixtures_from_metadata.py; recipes/LibriParty/generate_dataset/local/create_mixtures_metadata.py; recipes/LibriParty/generate_dataset/local/resample_folder.py; recipes/LibriSpeech/ASR/CTC/train.py; recipes/LibriSpeech/ASR/CTC/train_with_bestrq.py; recipes/LibriSpeech/ASR/CTC/train_with_wav2vec.py; recipes/LibriSpeech/ASR/CTC/train_with_wav2vec_k2.py; recipes/LibriSpeech/ASR/transformer/train_with_whisper.py; recipes/LibriSpeech/G2P/tokenizer_prepare.py; recipes/LibriSpeech/G2P/train.py; recipes/LibriSpeech/G2P/train_lm.py; recipes/LibriSpeech/LM/dataset.py; recipes/LibriSpeech/LM/train.py; recipes/LibriSpeech/librispeech_prepare.py; recipes/LibriSpeech/self-supervised-learning/BEST-RQ/train.py; recipes/LibriTTS/TTS/mstacotron2/compute_speaker_embeddings.py; recipes/LibriTTS/TTS/mstacotron2/train.py; recipes/LibriTTS/libritts_prepare.py; recipes/LibriTTS/vocoder/hifigan/train.py; recipes/LibriTTS/vocoder/hifigan_discrete/extract_code.py; recipes/LibriTTS/vocoder/hifigan_discrete/extract_speaker_embeddings.py; recipes/LibriTTS/vocoder/hifigan_discrete/train.py; recipes/LibriTTS/vocoder/hifigan_discrete/train_spk.py; recipes/Libriheavy/libriheavy_prepare.py; recipes/PeoplesSpeech/ASR/transformer/train.py; recipes/PeoplesSpeech/peoples_speech_prepare.py; recipes/REAL-M/sisnr-estimation/train.py; recipes/RescueSpeech/ASR/noise-robust/train.py; recipes/RescueSpeech/rescuespeech_prepare.py; recipes/SEP-28k/stuttering-detection/train.py; recipes/SLURP/prepare.py; recipes/Switchboard/ASR/CTC/train_with_wav2vec.py; recipes/Switchboard/ASR/seq2seq/train.py; recipes/Switchboard/ASR/transformer/train.py; recipes/Switchboard/LM/train.py; recipes/Switchboard/switchboard_prepare.py; recipes/TIMIT/ASR/transducer/train.py; recipes/TIMIT/ASR/transducer/train_wav2vec.py; recipes/TIMIT/Alignment/train.py; recipes/TIMIT/timit_prepare.py; recipes/Tedlium2/ASR/transformer/tedlium2_prepare.py; recipes/Tedlium2/tedlium2_prepare.py; recipes/UrbanSound8k/SoundClassification/train.py; recipes/UrbanSound8k/urbansound8k_prepare.py; recipes/Voicebank/ASR/CTC/train.py; recipes/Voicebank/MTL/ASR_enhance/train.py; recipes/Voicebank/dereverb/MetricGAN-U/train.py; recipes/Voicebank/dereverb/MetricGAN-U/voicebank_revb_prepare.py; recipes/Voicebank/dereverb/spectral_mask/train.py; recipes/Voicebank/dereverb/spectral_mask/voicebank_revb_prepare.py; recipes/Voicebank/enhance/MetricGAN-U/train.py; recipes/Voicebank/enhance/MetricGAN-U/voicebank_prepare.py; recipes/Voicebank/enhance/MetricGAN/train.py; recipes/Voicebank/enhance/SEGAN/train.py; recipes/Voicebank/enhance/spectral_mask/train.py; recipes/Voicebank/enhance/waveform_map/train.py; recipes/Voicebank/voicebank_prepare.py; recipes/VoxCeleb/SpeakerRec/extract_speaker_embeddings.py; recipes/VoxCeleb/SpeakerRec/speaker_verification_cosine.py; recipes/VoxCeleb/SpeakerRec/speaker_verification_plda.py; recipes/VoxCeleb/SpeakerRec/train_speaker_embeddings.py; recipes/VoxCeleb/voxceleb_prepare.py; recipes/VoxLingua107/lang_id/create_wds_shards.py; recipes/VoxLingua107/lang_id/train.py; recipes/VoxPopuli/ASR/transducer/train.py; recipes/VoxPopuli/Tokenizer/train.py; recipes/VoxPopuli/voxpopuli_prepare.py; recipes/WHAMandWHAMR/enhancement/dynamic_mixing.py; recipes/WHAMandWHAMR/enhancement/train.py; recipes/WHAMandWHAMR/meta/create_whamr_rirs.py; recipes/WHAMandWHAMR/meta/preprocess_dynamic_mixing.py; recipes/WHAMandWHAMR/prepare_data.py; recipes/WHAMandWHAMR/separation/dynamic_mixing.py; recipes/WHAMandWHAMR/separation/train.py; recipes/WSJ0Mix/meta/preprocess_dynamic_mixing.py; recipes/WSJ0Mix/prepare_data.py; recipes/WSJ0Mix/separation/dynamic_mixing.py; recipes/WSJ0Mix/separation/train.py; recipes/ZaionEmotionDataset/emotion_diarization/datasets/prepare_IEMOCAP.py; recipes/ZaionEmotionDataset/emotion_diarization/datasets/vad.py; recipes/ZaionEmotionDataset/emotion_diarization/train.py; recipes/ZaionEmotionDataset/emotion_diarization/zed_prepare.py; setup.py; speechbrain/__init__.py; speechbrain/alignment/__init__.py; speechbrain/alignment/aligner.py; speechbrain/augment/__init__.py; speechbrain/augment/augmenter.py; speechbrain/augment/codec.py; speechbrain/augment/freq_domain.py; speechbrain/augment/preparation.py; speechbrain/augment/time_domain.py; speechbrain/core.py; speechbrain/dataio/__init__.py; speechbrain/dataio/audio_io.py; speechbrain/dataio/batch.py; speechbrain/dataio/dataio.py; speechbrain/dataio/dataloader.py; speechbrain/dataio/dataset.py; speechbrain/dataio/encoder.py; speechbrain/dataio/iterators.py; speechbrain/dataio/legacy.py; speechbrain/dataio/preprocess.py; speechbrain/dataio/sampler.py; speechbrain/decoders/__init__.py; speechbrain/decoders/ctc.py; speechbrain/decoders/scorer.py; speechbrain/decoders/seq2seq.py; speechbrain/decoders/transducer.py; speechbrain/decoders/utils.py; speechbrain/inference/ASR.py; speechbrain/inference/SLU.py; speechbrain/inference/ST.py; speechbrain/inference/TTS.py; speechbrain/inference/VAD.py; speechbrain/inference/classifiers.py; speechbrain/inference/diarization.py; speechbrain/inference/encoders.py; speechbrain/inference/enhancement.py; speechbrain/inference/interfaces.py; speechbrain/inference/interpretability.py; speechbrain/inference/metrics.py; speechbrain/inference/separation.py; speechbrain/inference/speaker.py; speechbrain/inference/text.py; speechbrain/inference/vocoders.py; speechbrain/integrations/alignment/diarization.py; speechbrain/integrations/audio_tokenizers/discrete_ssl.py; speechbrain/integrations/audio_tokenizers/speechtokenizer_interface.py; speechbrain/integrations/audio_tokenizers/wavtokenizer_interface.py; speechbrain/integrations/decoders/kenlm_scorer.py; speechbrain/integrations/hdf5/__init__.py; speechbrain/integrations/hdf5/cached_item.py; speechbrain/integrations/huggingface/encodec.py; speechbrain/integrations/huggingface/llama.py; speechbrain/integrations/huggingface/mbart.py; speechbrain/integrations/huggingface/mimi.py; speechbrain/integrations/huggingface/nllb.py; speechbrain/integrations/huggingface/textencoder.py; speechbrain/integrations/huggingface/weighted_ssl.py; speechbrain/integrations/huggingface/whisper.py; speechbrain/integrations/huggingface/wordemb/transformer.py; speechbrain/integrations/huggingface/wordemb/util.py; speechbrain/integrations/k2_fsa/align.py; speechbrain/integrations/k2_fsa/graph_compiler.py; speechbrain/integrations/k2_fsa/lattice_decoder.py; speechbrain/integrations/k2_fsa/lexicon.py; speechbrain/integrations/k2_fsa/losses.py; speechbrain/integrations/k2_fsa/prepare_lang.py; speechbrain/integrations/k2_fsa/utils.py; speechbrain/integrations/nlp/bleu.py; speechbrain/integrations/tests/test_ctc_segmentation.py; speechbrain/integrations/tests/test_k2.py; speechbrain/lm/__init__.py; speechbrain/lm/arpa.py; speechbrain/lm/ngram.py; speechbrain/lobes/__init__.py; speechbrain/lobes/beamform_multimic.py; speechbrain/lobes/downsampling.py; speechbrain/lobes/features.py; speechbrain/lobes/models/BESTRQ.py; speechbrain/lobes/models/Cnn14.py; speechbrain/lobes/models/ECAPA_TDNN.py; speechbrain/lobes/models/FastSpeech2.py; speechbrain/lobes/models/HifiGAN.py; speechbrain/lobes/models/L2I.py; speechbrain/lobes/models/MSTacotron2.py; speechbrain/lobes/models/PIQ.py; speechbrain/lobes/models/ResNet.py; speechbrain/lobes/models/Tacotron2.py; speechbrain/lobes/models/Xvector.py; speechbrain/lobes/models/__init__.py; speechbrain/lobes/models/beats.py; speechbrain/lobes/models/conv_tasnet.py; speechbrain/lobes/models/discrete/dac.py; speechbrain/lobes/models/dual_path.py; speechbrain/lobes/models/fairseq_wav2vec.py; speechbrain/lobes/models/g2p/homograph.py; speechbrain/lobes/models/resepformer.py; speechbrain/lobes/models/segan_model.py; speechbrain/lobes/models/transformer/Branchformer.py; speechbrain/lobes/models/transformer/Conformer.py; speechbrain/lobes/models/transformer/Transformer.py; speechbrain/lobes/models/transformer/TransformerASR.py; speechbrain/lobes/models/transformer/TransformerST.py; speechbrain/lobes/models/wav2vec.py; speechbrain/nnet/CNN.py; speechbrain/nnet/__init__.py; speechbrain/nnet/adapters.py; speechbrain/nnet/attention.py; speechbrain/nnet/autoencoders.py; speechbrain/nnet/complex_networks/__init__.py; speechbrain/nnet/diffusion.py; speechbrain/nnet/dropout.py; speechbrain/nnet/embedding.py; speechbrain/nnet/loss/__init__.py; speechbrain/nnet/loss/stoi_loss.py; speechbrain/nnet/loss/transducer_loss.py; speechbrain/nnet/losses.py; speechbrain/nnet/normalization.py; speechbrain/nnet/pooling.py; speechbrain/nnet/quantisers.py; speechbrain/nnet/quaternion_networks/__init__.py; speechbrain/nnet/quaternion_networks/q_linear.py; speechbrain/nnet/quaternion_networks/q_pooling.py; speechbrain/nnet/schedulers.py; speechbrain/nnet/transducer/__init__.py; speechbrain/nnet/transducer/transducer_joint.py; speechbrain/nnet/unet.py; speechbrain/nnet/utils.py; speechbrain/processing/NMF.py; speechbrain/processing/PLDA_LDA.py; speechbrain/processing/__init__.py; speechbrain/processing/decomposition.py; speechbrain/processing/features.py; speechbrain/processing/multi_mic.py; speechbrain/processing/signal_processing.py; speechbrain/processing/vocal_features.py; speechbrain/tokenizers/SentencePiece.py; speechbrain/tokenizers/__init__.py; speechbrain/tokenizers/discrete_SSL_tokenizer.py; speechbrain/utils/Accuracy.py; speechbrain/utils/DER.py; speechbrain/utils/EDER.py; speechbrain/utils/__init__.py; speechbrain/utils/checkpoints.py; speechbrain/utils/data_pipeline.py; speechbrain/utils/data_utils.py; speechbrain/utils/depgraph.py; speechbrain/utils/dictionaries.py; speechbrain/utils/distances.py; speechbrain/utils/distributed.py; speechbrain/utils/dynamic_chunk_training.py; speechbrain/utils/edit_distance.py; speechbrain/utils/epoch_loop.py; speechbrain/utils/filter_analysis.py; speechbrain/utils/hpopt.py; speechbrain/utils/logger.py; speechbrain/utils/metric_stats.py; speechbrain/utils/run_opts.py; speechbrain/utils/streaming.py; speechbrain/utils/text_to_sequence.py; speechbrain/utils/torch_audio_backend.py; templates/enhancement/enhance_file.py; templates/enhancement/mini_librispeech_prepare.py; templates/enhancement/train.py; templates/hyperparameter_optimization_speaker_id/train.py; templates/speaker_id/custom_model.py; templates/speaker_id/mini_librispeech_prepare.py; templates/speaker_id/train.py; templates/speaker_id/verify_speaker.py; templates/speech_recognition/ASR/train.py; templates/speech_recognition/ASR/transcribe_file.py; templates/speech_recognition/LM/train.py; templates/speech_recognition/Tokenizer/train.py; templates/speech_recognition/mini_librispeech_prepare.py; tests/__init__.py; tests/consistency/test_HF_repo.py; tests/consistency/test_yaml.py; tests/integration/ASR_ConformerTransducer_streaming/example_asr_conformertransducer_streaming_experiment.py; tests/integration/ASR_Transducer/example_asr_transducer_experiment.py; tests/integration/ASR_seq2seq/example_asr_seq2seq_experiment.py; tests/integration/G2P/example_g2p.py; tests/integration/LM_RNN/example_lm_rnn_experiment.py; tests/integration/PLDA/example_plda_experiment.py; tests/integration/VAD/example_vad.py; tests/integration/sampling/example_sorting.py; tests/templates/fetching_ddp_dynbatch_finetuning/finetune.py; tests/templates/fetching_ddp_dynbatch_finetuning/finetune_fetch_once.py; tests/templates/fetching_ddp_dynbatch_finetuning/multisource_mini_recipe.py; tests/templates/fetching_ddp_dynbatch_finetuning/single_node_pretrained.py; tests/unittests/test_CNN.py; tests/unittests/test_RNN.py; tests/unittests/test_activations.py; tests/unittests/test_attention.py; tests/unittests/test_audio_io.py; tests/unittests/test_augment.py; tests/unittests/test_categorical_encoder.py; tests/unittests/test_conformer.py; tests/unittests/test_data_io.py; tests/unittests/test_dropout.py; tests/unittests/test_embedding.py; tests/unittests/test_input_norm.py; tests/unittests/test_length_mask.py; tests/unittests/test_linear.py; tests/unittests/test_multi_mic.py; tests/unittests/test_normalization.py; tests/unittests/test_parallel.py; tests/unittests/test_pooling.py; tests/unittests/test_quaternion_networks.py; tests/unittests/test_samplers.py; tests/unittests/test_schedulers.py; tests/unittests/test_signal_processing.py; tests/unittests/test_transformer_src_tgt_masks.py; tests/unittests/test_voice_analysis.py; tests/utils/check_HF_repo.py; tests/utils/check_docstrings.py; tests/utils/check_url.py; tests/utils/recipe_tests.py; tests/utils/refactoring_checks.py; tools/compute_wer.py; tools/profiling/profile.py; tools/readme_builder.py; tools/tutorial-cell-updater.py,.flake8; .pre-commit-config.yaml; pyproject.toml; requirements.txt; setup.py,,Tests (3.12),,Tests (3.12) -> .github:293 — Process completed with exit code 1.,,
9000796e15dbf5d694ac,3,https://github.com/speechbrain/speechbrain/actions/runs/19613098613,469c0fccd80bfcc35df2b200099e41c9100b4247,2025-11-23T15:08:55Z,recipes/Voicebank/enhance/SGMSE/train.py; speechbrain/integrations/models/sgmse_plus.py,,,Tests (3.9),,Tests (3.9) -> .github:293 — Process completed with exit code 1.,,
9000796e15dbf5d694ac,4,https://github.com/speechbrain/speechbrain/actions/runs/19613145539,252a7b4e6511428afdec09ed263e2e4a14d9df3a,2025-11-23T15:12:35Z,speechbrain/inference/enhancement.py,,,Tests (3.9),,Tests (3.9) -> .github:272 — Process completed with exit code 1.,,
9000796e15dbf5d694ac,5,https://github.com/speechbrain/speechbrain/actions/runs/19613567508,8f801d3d5a10f42905368f28026a7982f1dc724a,2025-11-23T15:46:49Z,speechbrain/inference/enhancement.py,,,Tests (3.9),,Tests (3.9) -> .github:279 — Process completed with exit code 1.,,
4886f9d5eee865f513f9,1,https://github.com/speechbrain/speechbrain/actions/runs/21477149210,5f1b6c9560cb5b1cf19815b4db57fe0ce351fdfe,2026-01-29T11:54:58Z,,,,Tests (3.10),,Tests (3.10) -> .github:512 — Process completed with exit code 1.,,
4886f9d5eee865f513f9,2,https://github.com/speechbrain/speechbrain/actions/runs/21479695348,f8a8f2e383f1184ee2c2edcc5b28b1fd95a94a85,2026-01-29T13:19:12Z,,.github/workflows/verify-docs-gen.yml,,Tests (3.10),,Tests (3.10) -> .github:512 — Process completed with exit code 1.,,
4886f9d5eee865f513f9,3,https://github.com/speechbrain/speechbrain/actions/runs/21479945993,2d3c0f0ad4b99776ed28b84448f094ca09820c61,2026-01-29T13:27:00Z,speechbrain/nnet/activations.py,,,Tests (3.10),,Tests (3.10) -> .github:2280 — Process completed with exit code 1.,,
4886f9d5eee865f513f9,4,https://github.com/speechbrain/speechbrain/actions/runs/21482412392,113e221856c25c4783c810301858f478e38d6a8d,2026-01-29T14:39:42Z,speechbrain/integrations/huggingface/wordemb/__init__.py,,,Tests (3.10),,Tests (3.10) -> .github:2280 — Process completed with exit code 1.,,
4886f9d5eee865f513f9,5,https://github.com/speechbrain/speechbrain/actions/runs/21483858113,31345ae36904980f22615fb96055f991fd9b9f60,2026-01-29T15:20:25Z,docs/conf.py,,,Tests (3.10),,Tests (3.10) -> .github:2280 — Process completed with exit code 1.,,
4886f9d5eee865f513f9,6,https://github.com/speechbrain/speechbrain/actions/runs/21484304876,7a1a69f52c6991b04587cfb9d6e3579e95fec386,2026-01-29T15:33:04Z,recipes/LibriSpeech/ASR/transformer/train_speechllm.py; speechbrain/integrations/hdf5/__init__.py; speechbrain/integrations/hdf5/cached_item.py; speechbrain/nnet/activations.py,,,Tests (3.10),,Tests (3.10) -> .github:2284 — Process completed with exit code 1.,,
4886f9d5eee865f513f9,7,https://github.com/speechbrain/speechbrain/actions/runs/21484903106,a7c32280966b5bcf4ab85b97c813c60ffa5e8074,2026-01-29T15:50:07Z,,,,Tests (3.13),,Tests (3.13) -> .github:2290 — Process completed with exit code 1.,,
4886f9d5eee865f513f9,8,https://github.com/speechbrain/speechbrain/actions/runs/21491322149,103fadd4049984597e9fb3927b65df7400362225,2026-01-29T19:10:48Z,speechbrain/decoders/scorer.py; speechbrain/integrations/huggingface/huggingface.py; speechbrain/utils/fetching.py,,,Tests (3.10),,Tests (3.10) -> .github:1052 — Process completed with exit code 1.,,
4886f9d5eee865f513f9,9,https://github.com/speechbrain/speechbrain/actions/runs/21491623792,674eb5b31e5d4dd81238cdded42b089ce872bea9,2026-01-29T19:20:21Z,speechbrain/decoders/scorer.py; speechbrain/utils/fetching.py,,,Tests (3.10),,Tests (3.10) -> .github:302 — Process completed with exit code 1.,,
4886f9d5eee865f513f9,10,https://github.com/speechbrain/speechbrain/actions/runs/21491937829,5b4e5820d44a023a1e55c1e847a7414e12df711d,2026-01-29T19:30:49Z,,pyproject.toml,,Tests (3.10),,Tests (3.10) -> .github:302 — Process completed with exit code 1.,,
04d94e91b7a099776599,1,https://github.com/speechbrain/speechbrain/actions/runs/21779419096,5e8bbabceeff142f905ee14a2ab327b907b58d44,2026-02-07T11:34:07Z,speechbrain/integrations/hdf5/cached_item.py,,,Tests (3.10),,Tests (3.10) -> .github:60 — Process completed with exit code 2.,,
04d94e91b7a099776599,2,https://github.com/speechbrain/speechbrain/actions/runs/21779602986,a5fc69225765534d49f33c1864794e37885d355f,2026-02-07T11:49:51Z,speechbrain/integrations/hdf5/cached_item.py,,,Tests (3.13),,Tests (3.13) -> .github:60 — Process completed with exit code 2.,,
4f8250acb38a26c3bd18,1,https://github.com/speechbrain/speechbrain/actions/runs/19637963995,ecf2f95c0ffc6a55927bf41d04f12640d039bfb5,2025-11-24T14:33:52Z,tests/unittests/test_core.py,,,pre-commit,,pre-commit -> .github:127 — Process completed with exit code 1.,,
4f8250acb38a26c3bd18,2,https://github.com/speechbrain/speechbrain/actions/runs/19638103409,9002afd1be94d9442f56ccce5b0a397a61f128ae,2025-11-24T14:38:33Z,tests/unittests/test_core.py,,,pre-commit,,pre-commit -> .github:128 — Process completed with exit code 1.,,
a8ed723fd7a5dfd37ff6,1,https://github.com/speechbrain/speechbrain/actions/runs/32900360587,a15281e7e95b90e2ecdf527b38d9c9f536d85160,2026-08-25T21:19:11Z,,,,pre-commit,pre-commit -> Run pre-commit/action@v3.0.1,pre-commit -> Process completed with exit code 1.,,
2cc83602ee8ff783e097,1,https://github.com/speechbrain/speechbrain/actions/runs/19017715604,8f705513f0244f89d4b0c186f76c7d7b0da37c85,2025-11-02T20:27:38Z,speechbrain/dataio/dataset.py; speechbrain/decoders/transducer.py; speechbrain/inference/ASR.py; speechbrain/integrations/hdf5/__init__.py; speechbrain/integrations/hdf5/cached_item.py; speechbrain/utils/data_pipeline.py; speechbrain/utils/torch_audio_backend.py; templates/speaker_id/train.py,pyproject.toml,,pre-commit,,pre-commit -> .github:120 — Process completed with exit code 1.,,
46148e0003d35b10800f,1,https://github.com/speechbrain/speechbrain/actions/runs/21914158533,cbaa0bdf189d6ae767a1e4acd91ea67f1704ce3c,2026-02-11T16:46:00Z,recipes/LibriSpeech/ASR/transformer/extract_ssl_feats.py; speechbrain/processing/multi_mic.py; speechbrain/processing/signal_processing.py; speechbrain/utils/checkpoints.py,requirements.txt,,pre-commit,,pre-commit -> .github:124 — Process completed with exit code 1.,,
1f5acb42868d579e8a8c,1,https://github.com/speechbrain/speechbrain/actions/runs/32899543956,3d6d2daed93f886405d4d81cb045521ccb7a0d2f,2026-08-25T21:10:19Z,speechbrain/utils/importutils.py,,,pre-commit,pre-commit -> Run pre-commit/action@v3.0.1,pre-commit -> Process completed with exit code 1.,,
1f5acb42868d579e8a8c,2,https://github.com/speechbrain/speechbrain/actions/runs/32899943158,841e205321029dec56c0354cda51bd2c2c6c29eb,2026-08-25T21:14:36Z,speechbrain/nnet/adapters.py; tests/unittests/test_adapters.py,,,pre-commit,pre-commit -> Run pre-commit/action@v3.0.1,pre-commit -> Process completed with exit code 1.,,
1f5acb42868d579e8a8c,3,https://github.com/speechbrain/speechbrain/actions/runs/32900091833,d4316ecab7cddb8fefcdc181a2fe6559a4dffd78,2026-08-25T21:16:12Z,speechbrain/lobes/models/dual_path.py,,,pre-commit,pre-commit -> Run pre-commit/action@v3.0.1,pre-commit -> Process completed with exit code 1.,,
b47eff53993ffafe2525,1,https://github.com/speechbrain/speechbrain/actions/runs/32907395150,825d024659ec6d2b35f6a7206825de4b69d53404,2026-08-25T22:42:09Z,speechbrain/lobes/models/transformer/TransformerST.py,,,pre-commit,pre-commit -> Run pre-commit/action@v3.0.1,pre-commit -> Process completed with exit code 1.,,
eaae35d2d16b68900e87,1,https://github.com/speechbrain/speechbrain/actions/runs/32757180884,1b4923fad5e8675ad673b6809df97b7fe3d94d68,2026-08-24T17:32:08Z,recipes/ESC50/interpret/interpreter_brain.py,,,pre-commit,pre-commit -> Run pre-commit/action@v3.0.1,pre-commit -> Process completed with exit code 1.,,
88e21ce7d6e1749fd381,1,https://github.com/speechbrain/speechbrain/actions/runs/21785680928,c0b5054e653aad4c3ce7e27c2cae2470bf9554f0,2026-02-07T19:33:48Z,speechbrain/nnet/losses.py,,,pre-commit,,pre-commit -> .github:124 — Process completed with exit code 1.,,
eb77888db80c1123ac39,1,https://github.com/speechbrain/speechbrain/actions/runs/17553487414,fd2fcec9f65ccaae55b53e48d2451aacc04153be,2025-09-08T14:04:30Z,speechbrain/lobes/models/transformer/Conformer.py; speechbrain/utils/epoch_loop.py,,,pre-commit,,pre-commit -> .github:146 — Process completed with exit code 1.,,
e9a96accf3de4a999c37,1,https://github.com/speechbrain/speechbrain/actions/runs/18942172331,92786988e489e51b78a81e84dcf80fc51bad1c1f,2025-10-30T13:25:45Z,speechbrain/inference/enhancement.py,,,pre-commit,,pre-commit -> .github:217 — Process completed with exit code 1.,,
e9a96accf3de4a999c37,2,https://github.com/speechbrain/speechbrain/actions/runs/19613021733,763685d44307c70aba89a4237d0e552037241e4b,2025-11-23T15:03:15Z,conftest.py; recipes/AISHELL-1/aishell_prepare.py; recipes/AMI/Diarization/experiment.py; recipes/AMI/ami_prepare.py; recipes/Aishell1Mix/meta/preprocess_dynamic_mixing.py; recipes/Aishell1Mix/prepare_data.py; recipes/Aishell1Mix/separation/dynamic_mixing.py; recipes/Aishell1Mix/separation/scripts/create_aishell1_metadata.py; recipes/Aishell1Mix/separation/scripts/create_aishell1mix_from_metadata.py; recipes/Aishell1Mix/separation/train.py; recipes/AudioMNIST/audiomnist_prepare.py; recipes/AudioMNIST/diffusion/train.py; recipes/BinauralWSJ0Mix/prepare_data.py; recipes/BinauralWSJ0Mix/separation/dynamic_mixing.py; recipes/BinauralWSJ0Mix/separation/train.py; recipes/CVSS/S2ST/extract_code.py; recipes/CVSS/S2ST/train.py; recipes/CVSS/cvss_prepare.py; recipes/CoVoST/AST/train.py; recipes/CoVoST/AST/train_w2v2_llama.py; recipes/CoVoST/covost_prepare.py; recipes/CommonLanguage/common_language_prepare.py; recipes/CommonLanguage/lang_id/train.py; recipes/CommonVoice/ASR/CTC/train_with_wav2vec.py; recipes/CommonVoice/ASR/seq2seq/train.py; recipes/CommonVoice/ASR/seq2seq/train_with_wav2vec.py; recipes/CommonVoice/ASR/transducer/train.py; recipes/CommonVoice/ASR/transformer/train.py; recipes/CommonVoice/ASR/transformer/train_with_whisper.py; recipes/CommonVoice/LM/train.py; recipes/CommonVoice/common_voice_prepare.py; recipes/CommonVoice/self-supervised-learning/wav2vec2/train_hf_wav2vec2.py; recipes/DNS/create_wds_shards.py; recipes/DNS/dns_download.py; recipes/DNS/enhancement/train.py; recipes/DNS/noisyspeech_synthesizer/audiolib.py; recipes/DVoice/ASR/CTC/train_with_wav2vec2.py; recipes/DVoice/dvoice_prepare.py; recipes/ESC50/classification/train.py; recipes/ESC50/esc50_prepare.py; recipes/ESC50/interpret/eval.py; recipes/ESC50/interpret/interpret_amt.py; recipes/ESC50/interpret/interpreter_brain.py; recipes/ESC50/interpret/train_l2i.py; recipes/ESC50/interpret/train_lmac.py; recipes/ESC50/interpret/train_nmf.py; recipes/ESC50/wham_prepare.py; recipes/Fisher-Callhome-Spanish/fisher_callhome_prepare.py; recipes/GigaSpeech/ASR/CTC/train_with_wavlm.py; recipes/GigaSpeech/dataset.py; recipes/GigaSpeech/gigaspeech_prepare.py; recipes/Google-speech-commands/prepare_GSC.py; recipes/Google-speech-commands/train.py; recipes/IEMOCAP/emotion_recognition/iemocap_prepare.py; recipes/IEMOCAP/iemocap_prepare.py; recipes/KsponSpeech/ASR/transformer/train.py; recipes/KsponSpeech/LM/train.py; recipes/KsponSpeech/ksponspeech_prepare.py; recipes/LJSpeech/TTS/fastspeech2/train.py; recipes/LJSpeech/TTS/fastspeech2/train_internal_alignment.py; recipes/LJSpeech/TTS/tacotron2/train.py; recipes/LJSpeech/TTS/vocoder/diffwave/train.py; recipes/LJSpeech/TTS/vocoder/hifigan/train.py; recipes/LJSpeech/TTS/vocoder/hifigan_discrete/extract_code.py; recipes/LJSpeech/TTS/vocoder/hifigan_discrete/train.py; recipes/LJSpeech/ljspeech_prepare.py; recipes/Libri-Light/self-supervised-learning/BEST-RQ/librilight_prepare.py; recipes/Libri-Light/self-supervised-learning/BEST-RQ/train.py; recipes/LibriMix/meta/preprocess_dynamic_mixing.py; recipes/LibriMix/prepare_data.py; recipes/LibriMix/separation/dynamic_mixing.py; recipes/LibriMix/separation/train.py; recipes/LibriParty/VAD/commonlanguage_prepare.py; recipes/LibriParty/VAD/libriparty_prepare.py; recipes/LibriParty/VAD/musan_prepare.py; recipes/LibriParty/VAD/train.py; recipes/LibriParty/generate_dataset/create_custom_dataset.py; recipes/LibriParty/generate_dataset/get_dataset_from_metadata.py; recipes/LibriParty/generate_dataset/local/create_mixtures_from_metadata.py; recipes/LibriParty/generate_dataset/local/create_mixtures_metadata.py; recipes/LibriParty/generate_dataset/local/resample_folder.py; recipes/LibriSpeech/ASR/CTC/train.py; recipes/LibriSpeech/ASR/CTC/train_with_bestrq.py; recipes/LibriSpeech/ASR/CTC/train_with_wav2vec.py; recipes/LibriSpeech/ASR/CTC/train_with_wav2vec_k2.py; recipes/LibriSpeech/ASR/transformer/train_with_whisper.py; recipes/LibriSpeech/G2P/tokenizer_prepare.py; recipes/LibriSpeech/G2P/train.py; recipes/LibriSpeech/G2P/train_lm.py; recipes/LibriSpeech/LM/dataset.py; recipes/LibriSpeech/LM/train.py; recipes/LibriSpeech/librispeech_prepare.py; recipes/LibriSpeech/self-supervised-learning/BEST-RQ/train.py; recipes/LibriTTS/TTS/mstacotron2/compute_speaker_embeddings.py; recipes/LibriTTS/TTS/mstacotron2/train.py; recipes/LibriTTS/libritts_prepare.py; recipes/LibriTTS/vocoder/hifigan/train.py; recipes/LibriTTS/vocoder/hifigan_discrete/extract_code.py; recipes/LibriTTS/vocoder/hifigan_discrete/extract_speaker_embeddings.py; recipes/LibriTTS/vocoder/hifigan_discrete/train.py; recipes/LibriTTS/vocoder/hifigan_discrete/train_spk.py; recipes/Libriheavy/libriheavy_prepare.py; recipes/PeoplesSpeech/ASR/transformer/train.py; recipes/PeoplesSpeech/peoples_speech_prepare.py; recipes/REAL-M/sisnr-estimation/train.py; recipes/RescueSpeech/ASR/noise-robust/train.py; recipes/RescueSpeech/rescuespeech_prepare.py; recipes/SEP-28k/stuttering-detection/train.py; recipes/SLURP/prepare.py; recipes/Switchboard/ASR/CTC/train_with_wav2vec.py; recipes/Switchboard/ASR/seq2seq/train.py; recipes/Switchboard/ASR/transformer/train.py; recipes/Switchboard/LM/train.py; recipes/Switchboard/switchboard_prepare.py; recipes/TIMIT/ASR/transducer/train.py; recipes/TIMIT/ASR/transducer/train_wav2vec.py; recipes/TIMIT/Alignment/train.py; recipes/TIMIT/timit_prepare.py; recipes/Tedlium2/ASR/transformer/tedlium2_prepare.py; recipes/Tedlium2/tedlium2_prepare.py; recipes/UrbanSound8k/SoundClassification/train.py; recipes/UrbanSound8k/urbansound8k_prepare.py; recipes/Voicebank/ASR/CTC/train.py; recipes/Voicebank/MTL/ASR_enhance/train.py; recipes/Voicebank/dereverb/MetricGAN-U/train.py; recipes/Voicebank/dereverb/MetricGAN-U/voicebank_revb_prepare.py; recipes/Voicebank/dereverb/spectral_mask/train.py; recipes/Voicebank/dereverb/spectral_mask/voicebank_revb_prepare.py; recipes/Voicebank/enhance/MetricGAN-U/train.py; recipes/Voicebank/enhance/MetricGAN-U/voicebank_prepare.py; recipes/Voicebank/enhance/MetricGAN/train.py; recipes/Voicebank/enhance/SEGAN/train.py; recipes/Voicebank/enhance/spectral_mask/train.py; recipes/Voicebank/enhance/waveform_map/train.py; recipes/Voicebank/voicebank_prepare.py; recipes/VoxCeleb/SpeakerRec/extract_speaker_embeddings.py; recipes/VoxCeleb/SpeakerRec/speaker_verification_cosine.py; recipes/VoxCeleb/SpeakerRec/speaker_verification_plda.py; recipes/VoxCeleb/SpeakerRec/train_speaker_embeddings.py; recipes/VoxCeleb/voxceleb_prepare.py; recipes/VoxLingua107/lang_id/create_wds_shards.py; recipes/VoxLingua107/lang_id/train.py; recipes/VoxPopuli/ASR/transducer/train.py; recipes/VoxPopuli/Tokenizer/train.py; recipes/VoxPopuli/voxpopuli_prepare.py; recipes/WHAMandWHAMR/enhancement/dynamic_mixing.py; recipes/WHAMandWHAMR/enhancement/train.py; recipes/WHAMandWHAMR/meta/create_whamr_rirs.py; recipes/WHAMandWHAMR/meta/preprocess_dynamic_mixing.py; recipes/WHAMandWHAMR/prepare_data.py; recipes/WHAMandWHAMR/separation/dynamic_mixing.py; recipes/WHAMandWHAMR/separation/train.py; recipes/WSJ0Mix/meta/preprocess_dynamic_mixing.py; recipes/WSJ0Mix/prepare_data.py; recipes/WSJ0Mix/separation/dynamic_mixing.py; recipes/WSJ0Mix/separation/train.py; recipes/ZaionEmotionDataset/emotion_diarization/datasets/prepare_IEMOCAP.py; recipes/ZaionEmotionDataset/emotion_diarization/datasets/vad.py; recipes/ZaionEmotionDataset/emotion_diarization/train.py; recipes/ZaionEmotionDataset/emotion_diarization/zed_prepare.py; setup.py; speechbrain/__init__.py; speechbrain/alignment/__init__.py; speechbrain/alignment/aligner.py; speechbrain/augment/__init__.py; speechbrain/augment/augmenter.py; speechbrain/augment/codec.py; speechbrain/augment/freq_domain.py; speechbrain/augment/preparation.py; speechbrain/augment/time_domain.py; speechbrain/core.py; speechbrain/dataio/__init__.py; speechbrain/dataio/audio_io.py; speechbrain/dataio/batch.py; speechbrain/dataio/dataio.py; speechbrain/dataio/dataloader.py; speechbrain/dataio/dataset.py; speechbrain/dataio/encoder.py; speechbrain/dataio/iterators.py; speechbrain/dataio/legacy.py; speechbrain/dataio/preprocess.py; speechbrain/dataio/sampler.py; speechbrain/decoders/__init__.py; speechbrain/decoders/ctc.py; speechbrain/decoders/scorer.py; speechbrain/decoders/seq2seq.py; speechbrain/decoders/transducer.py; speechbrain/decoders/utils.py; speechbrain/inference/ASR.py; speechbrain/inference/SLU.py; speechbrain/inference/ST.py; speechbrain/inference/TTS.py; speechbrain/inference/VAD.py; speechbrain/inference/classifiers.py; speechbrain/inference/diarization.py; speechbrain/inference/encoders.py; speechbrain/inference/enhancement.py; speechbrain/inference/interfaces.py; speechbrain/inference/interpretability.py; speechbrain/inference/metrics.py; speechbrain/inference/separation.py; speechbrain/inference/speaker.py; speechbrain/inference/text.py; speechbrain/inference/vocoders.py; speechbrain/integrations/alignment/diarization.py; speechbrain/integrations/audio_tokenizers/discrete_ssl.py; speechbrain/integrations/audio_tokenizers/speechtokenizer_interface.py; speechbrain/integrations/audio_tokenizers/wavtokenizer_interface.py; speechbrain/integrations/decoders/kenlm_scorer.py; speechbrain/integrations/hdf5/__init__.py; speechbrain/integrations/hdf5/cached_item.py; speechbrain/integrations/huggingface/encodec.py; speechbrain/integrations/huggingface/llama.py; speechbrain/integrations/huggingface/mbart.py; speechbrain/integrations/huggingface/mimi.py; speechbrain/integrations/huggingface/nllb.py; speechbrain/integrations/huggingface/textencoder.py; speechbrain/integrations/huggingface/weighted_ssl.py; speechbrain/integrations/huggingface/whisper.py; speechbrain/integrations/huggingface/wordemb/transformer.py; speechbrain/integrations/huggingface/wordemb/util.py; speechbrain/integrations/k2_fsa/align.py; speechbrain/integrations/k2_fsa/graph_compiler.py; speechbrain/integrations/k2_fsa/lattice_decoder.py; speechbrain/integrations/k2_fsa/lexicon.py; speechbrain/integrations/k2_fsa/losses.py; speechbrain/integrations/k2_fsa/prepare_lang.py; speechbrain/integrations/k2_fsa/utils.py; speechbrain/integrations/nlp/bleu.py; speechbrain/integrations/tests/test_ctc_segmentation.py; speechbrain/integrations/tests/test_k2.py; speechbrain/lm/__init__.py; speechbrain/lm/arpa.py; speechbrain/lm/ngram.py; speechbrain/lobes/__init__.py; speechbrain/lobes/beamform_multimic.py; speechbrain/lobes/downsampling.py; speechbrain/lobes/features.py; speechbrain/lobes/models/BESTRQ.py; speechbrain/lobes/models/Cnn14.py; speechbrain/lobes/models/ECAPA_TDNN.py; speechbrain/lobes/models/FastSpeech2.py; speechbrain/lobes/models/HifiGAN.py; speechbrain/lobes/models/L2I.py; speechbrain/lobes/models/MSTacotron2.py; speechbrain/lobes/models/PIQ.py; speechbrain/lobes/models/ResNet.py; speechbrain/lobes/models/Tacotron2.py; speechbrain/lobes/models/Xvector.py; speechbrain/lobes/models/__init__.py; speechbrain/lobes/models/beats.py; speechbrain/lobes/models/conv_tasnet.py; speechbrain/lobes/models/discrete/dac.py; speechbrain/lobes/models/dual_path.py; speechbrain/lobes/models/fairseq_wav2vec.py; speechbrain/lobes/models/g2p/homograph.py; speechbrain/lobes/models/resepformer.py; speechbrain/lobes/models/segan_model.py; speechbrain/lobes/models/transformer/Branchformer.py; speechbrain/lobes/models/transformer/Conformer.py; speechbrain/lobes/models/transformer/Transformer.py; speechbrain/lobes/models/transformer/TransformerASR.py; speechbrain/lobes/models/transformer/TransformerST.py; speechbrain/lobes/models/wav2vec.py; speechbrain/nnet/CNN.py; speechbrain/nnet/__init__.py; speechbrain/nnet/adapters.py; speechbrain/nnet/attention.py; speechbrain/nnet/autoencoders.py; speechbrain/nnet/complex_networks/__init__.py; speechbrain/nnet/diffusion.py; speechbrain/nnet/dropout.py; speechbrain/nnet/embedding.py; speechbrain/nnet/loss/__init__.py; speechbrain/nnet/loss/stoi_loss.py; speechbrain/nnet/loss/transducer_loss.py; speechbrain/nnet/losses.py; speechbrain/nnet/normalization.py; speechbrain/nnet/pooling.py; speechbrain/nnet/quantisers.py; speechbrain/nnet/quaternion_networks/__init__.py; speechbrain/nnet/quaternion_networks/q_linear.py; speechbrain/nnet/quaternion_networks/q_pooling.py; speechbrain/nnet/schedulers.py; speechbrain/nnet/transducer/__init__.py; speechbrain/nnet/transducer/transducer_joint.py; speechbrain/nnet/unet.py; speechbrain/nnet/utils.py; speechbrain/processing/NMF.py; speechbrain/processing/PLDA_LDA.py; speechbrain/processing/__init__.py; speechbrain/processing/decomposition.py; speechbrain/processing/features.py; speechbrain/processing/multi_mic.py; speechbrain/processing/signal_processing.py; speechbrain/processing/vocal_features.py; speechbrain/tokenizers/SentencePiece.py; speechbrain/tokenizers/__init__.py; speechbrain/tokenizers/discrete_SSL_tokenizer.py; speechbrain/utils/Accuracy.py; speechbrain/utils/DER.py; speechbrain/utils/EDER.py; speechbrain/utils/__init__.py; speechbrain/utils/checkpoints.py; speechbrain/utils/data_pipeline.py; speechbrain/utils/data_utils.py; speechbrain/utils/depgraph.py; speechbrain/utils/dictionaries.py; speechbrain/utils/distances.py; speechbrain/utils/distributed.py; speechbrain/utils/dynamic_chunk_training.py; speechbrain/utils/edit_distance.py; speechbrain/utils/epoch_loop.py; speechbrain/utils/filter_analysis.py; speechbrain/utils/hpopt.py; speechbrain/utils/logger.py; speechbrain/utils/metric_stats.py; speechbrain/utils/run_opts.py; speechbrain/utils/streaming.py; speechbrain/utils/text_to_sequence.py; speechbrain/utils/torch_audio_backend.py; templates/enhancement/enhance_file.py; templates/enhancement/mini_librispeech_prepare.py; templates/enhancement/train.py; templates/hyperparameter_optimization_speaker_id/train.py; templates/speaker_id/custom_model.py; templates/speaker_id/mini_librispeech_prepare.py; templates/speaker_id/train.py; templates/speaker_id/verify_speaker.py; templates/speech_recognition/ASR/train.py; templates/speech_recognition/ASR/transcribe_file.py; templates/speech_recognition/LM/train.py; templates/speech_recognition/Tokenizer/train.py; templates/speech_recognition/mini_librispeech_prepare.py; tests/__init__.py; tests/consistency/test_HF_repo.py; tests/consistency/test_yaml.py; tests/integration/ASR_ConformerTransducer_streaming/example_asr_conformertransducer_streaming_experiment.py; tests/integration/ASR_Transducer/example_asr_transducer_experiment.py; tests/integration/ASR_seq2seq/example_asr_seq2seq_experiment.py; tests/integration/G2P/example_g2p.py; tests/integration/LM_RNN/example_lm_rnn_experiment.py; tests/integration/PLDA/example_plda_experiment.py; tests/integration/VAD/example_vad.py; tests/integration/sampling/example_sorting.py; tests/templates/fetching_ddp_dynbatch_finetuning/finetune.py; tests/templates/fetching_ddp_dynbatch_finetuning/finetune_fetch_once.py; tests/templates/fetching_ddp_dynbatch_finetuning/multisource_mini_recipe.py; tests/templates/fetching_ddp_dynbatch_finetuning/single_node_pretrained.py; tests/unittests/test_CNN.py; tests/unittests/test_RNN.py; tests/unittests/test_activations.py; tests/unittests/test_attention.py; tests/unittests/test_audio_io.py; tests/unittests/test_augment.py; tests/unittests/test_categorical_encoder.py; tests/unittests/test_conformer.py; tests/unittests/test_data_io.py; tests/unittests/test_dropout.py; tests/unittests/test_embedding.py; tests/unittests/test_input_norm.py; tests/unittests/test_length_mask.py; tests/unittests/test_linear.py; tests/unittests/test_multi_mic.py; tests/unittests/test_normalization.py; tests/unittests/test_parallel.py; tests/unittests/test_pooling.py; tests/unittests/test_quaternion_networks.py; tests/unittests/test_samplers.py; tests/unittests/test_schedulers.py; tests/unittests/test_signal_processing.py; tests/unittests/test_transformer_src_tgt_masks.py; tests/unittests/test_voice_analysis.py; tests/utils/check_HF_repo.py; tests/utils/check_docstrings.py; tests/utils/check_url.py; tests/utils/recipe_tests.py; tests/utils/refactoring_checks.py; tools/compute_wer.py; tools/profiling/profile.py; tools/readme_builder.py; tools/tutorial-cell-updater.py,.flake8; .pre-commit-config.yaml; pyproject.toml; requirements.txt; setup.py,,pre-commit,,pre-commit -> .github:217 — Process completed with exit code 1.,,
e1c88ef5d5f9adfb978f,1,https://github.com/speechbrain/speechbrain/actions/runs/19824382172,1635b6accff606371ca2b9c5245d6627f89a45c4,2025-12-01T13:30:53Z,speechbrain/inference/ASR.py,,,pre-commit,,pre-commit -> .github:121 — Process completed with exit code 1.,,
e1c88ef5d5f9adfb978f,2,https://github.com/speechbrain/speechbrain/actions/runs/19824388246,4d68fa324e0e788b13ff61cf73f10b230e7ada67,2025-12-01T13:31:05Z,recipes/LibriSpeech/librispeech_prepare.py,,,pre-commit,,pre-commit -> .github:121 — Process completed with exit code 1.,,
e1c88ef5d5f9adfb978f,3,https://github.com/speechbrain/speechbrain/actions/runs/19824399464,386e09f499c3255289dac4759603be1e7caf12a5,2025-12-01T13:31:28Z,recipes/LibriSpeech/librispeech_prepare.py,,,pre-commit,,pre-commit -> .github:121 — Process completed with exit code 1.,,
e1c88ef5d5f9adfb978f,4,https://github.com/speechbrain/speechbrain/actions/runs/19824428065,7c3d40e7060385a2df95db26522494b3d68d81a4,2025-12-01T13:32:30Z,speechbrain/decoders/seq2seq.py,,,pre-commit,,pre-commit -> .github:121 — Process completed with exit code 1.,,
2e1611dcda4ba9c04b39,1,https://github.com/speechbrain/speechbrain/actions/runs/21336329787,90bff2f9e852bd54f08dab2bd6c1589946302878,2026-01-25T17:07:08Z,speechbrain/integrations/hdf5/__init__.py; speechbrain/integrations/hdf5/cached_item.py,,,pre-commit,,pre-commit -> .github:170 — Process completed with exit code 1.,,
2e1611dcda4ba9c04b39,2,https://github.com/speechbrain/speechbrain/actions/runs/21477149165,5f1b6c9560cb5b1cf19815b4db57fe0ce351fdfe,2026-01-29T11:54:58Z,,,,pre-commit,,pre-commit -> .github:187 — Process completed with exit code 1.,,
2e1611dcda4ba9c04b39,3,https://github.com/speechbrain/speechbrain/actions/runs/21479695344,f8a8f2e383f1184ee2c2edcc5b28b1fd95a94a85,2026-01-29T13:19:12Z,,.github/workflows/verify-docs-gen.yml,,pre-commit,,pre-commit -> .github:185 — Process completed with exit code 1.,,
2e1611dcda4ba9c04b39,4,https://github.com/speechbrain/speechbrain/actions/runs/21479946008,2d3c0f0ad4b99776ed28b84448f094ca09820c61,2026-01-29T13:27:00Z,speechbrain/nnet/activations.py,,,pre-commit,,"pre-commit -> .github:1376 — Process completed with exit code 1. | recipes/LibriSpeech/ASR/transformer/hparams/speechllm_ssl_feats.yaml:150 — 150:1 [key-duplicates] duplication of key ""proj"" in mapping",,
2e1611dcda4ba9c04b39,5,https://github.com/speechbrain/speechbrain/actions/runs/21482412394,113e221856c25c4783c810301858f478e38d6a8d,2026-01-29T14:39:42Z,speechbrain/integrations/huggingface/wordemb/__init__.py,,,pre-commit,,"pre-commit -> .github:1376 — Process completed with exit code 1. | recipes/LibriSpeech/ASR/transformer/hparams/speechllm_ssl_feats.yaml:150 — 150:1 [key-duplicates] duplication of key ""proj"" in mapping",,
2e1611dcda4ba9c04b39,6,https://github.com/speechbrain/speechbrain/actions/runs/21483858111,31345ae36904980f22615fb96055f991fd9b9f60,2026-01-29T15:20:25Z,docs/conf.py,,,pre-commit,,"pre-commit -> .github:1376 — Process completed with exit code 1. | recipes/LibriSpeech/ASR/transformer/hparams/speechllm_ssl_feats.yaml:150 — 150:1 [key-duplicates] duplication of key ""proj"" in mapping",,
2e1611dcda4ba9c04b39,7,https://github.com/speechbrain/speechbrain/actions/runs/21484304901,7a1a69f52c6991b04587cfb9d6e3579e95fec386,2026-01-29T15:33:04Z,recipes/LibriSpeech/ASR/transformer/train_speechllm.py; speechbrain/integrations/hdf5/__init__.py; speechbrain/integrations/hdf5/cached_item.py; speechbrain/nnet/activations.py,,,pre-commit,,"pre-commit -> .github:1296 — Process completed with exit code 1. | recipes/LibriSpeech/ASR/transformer/hparams/speechllm_ssl_feats.yaml:150 — 150:1 [key-duplicates] duplication of key ""proj"" in mapping",,
19335ea0ce0f2fd800ab,1,https://github.com/speechbrain/speechbrain/actions/runs/21491322155,103fadd4049984597e9fb3927b65df7400362225,2026-01-29T19:10:48Z,speechbrain/decoders/scorer.py; speechbrain/integrations/huggingface/huggingface.py; speechbrain/utils/fetching.py,,,pre-commit,,pre-commit -> .github:130 — Process completed with exit code 1.,,
19335ea0ce0f2fd800ab,2,https://github.com/speechbrain/speechbrain/actions/runs/21491623790,674eb5b31e5d4dd81238cdded42b089ce872bea9,2026-01-29T19:20:21Z,speechbrain/decoders/scorer.py; speechbrain/utils/fetching.py,,,pre-commit,,pre-commit -> .github:130 — Process completed with exit code 1.,,
19335ea0ce0f2fd800ab,3,https://github.com/speechbrain/speechbrain/actions/runs/21491937744,5b4e5820d44a023a1e55c1e847a7414e12df711d,2026-01-29T19:30:49Z,,pyproject.toml,,pre-commit,,pre-commit -> .github:130 — Process completed with exit code 1.,,
19335ea0ce0f2fd800ab,4,https://github.com/speechbrain/speechbrain/actions/runs/21634092936,6e4bbbed67d71693835a65d58918521b24703bd8,2026-02-03T14:26:02Z,speechbrain/integrations/huggingface/huggingface.py; speechbrain/tokenizers/SentencePiece.py; tests/unittests/test_tokenizer.py,.github/workflows/verify-docs-gen.yml; pyproject.toml; requirements.txt,,pre-commit,,pre-commit -> .github:134 — Process completed with exit code 1.,,
e36d9258984f3c8426a7,1,https://github.com/speechbrain/speechbrain/actions/runs/21779419126,5e8bbabceeff142f905ee14a2ab327b907b58d44,2026-02-07T11:34:07Z,speechbrain/integrations/hdf5/cached_item.py,,,pre-commit,,pre-commit -> .github:124 — Process completed with exit code 1.,,
ef6402fc378885384864,1,https://github.com/speechbrain/speechbrain/actions/runs/20981022318,cda84edd24ae5a9820e472d3459800fd8f441d2a,2026-01-14T03:15:39Z,,,,docs,,docs -> .github:61 — Process completed with exit code 2.,,
c1a8929076b8598d7ff5,1,https://github.com/speechbrain/speechbrain/actions/runs/18665183364,256ff26f4fb29b1ebe6cdcf7cb030225aca6a74a,2025-10-20T21:17:21Z,speechbrain/utils/data_pipeline.py; templates/speaker_id/train.py,,,docs,,docs -> .github:85 — Process completed with exit code 2.,,
a301c17c32e770b66048,1,https://github.com/speechbrain/speechbrain/actions/runs/21320762096,ba4f674bb8dbe4276d463b9fdb9b7bce13aea42b,2026-01-24T19:58:01Z,,,,docs,,docs -> .github:61 — Process completed with exit code 2.,,
a301c17c32e770b66048,2,https://github.com/speechbrain/speechbrain/actions/runs/21485085926,f97c1b2f1b608d459fd2be2cb6730e9e3d276173,2026-01-29T15:55:30Z,speechbrain/tokenizers/SentencePiece.py; tests/unittests/test_tokenizer.py,,,docs,,docs -> .github:61 — Process completed with exit code 2.,,
8987df7140ef256050be,1,https://github.com/speechbrain/speechbrain/actions/runs/21558384308,1e7db6f1e16a04850e1b830e31c3633ead9b662d,2026-02-01T06:46:34Z,,,,docs,,docs -> .github:61 — Process completed with exit code 2.,,
815267336638d2b99ead,1,https://github.com/speechbrain/speechbrain/actions/runs/21336329788,90bff2f9e852bd54f08dab2bd6c1589946302878,2026-01-25T17:07:08Z,speechbrain/integrations/hdf5/__init__.py; speechbrain/integrations/hdf5/cached_item.py,,,docs,,docs -> .github:61 — Process completed with exit code 2.,,
815267336638d2b99ead,2,https://github.com/speechbrain/speechbrain/actions/runs/21477149153,5f1b6c9560cb5b1cf19815b4db57fe0ce351fdfe,2026-01-29T11:54:57Z,,,,docs,,docs -> .github:61 — Process completed with exit code 2.,,
815267336638d2b99ead,3,https://github.com/speechbrain/speechbrain/actions/runs/21479695371,f8a8f2e383f1184ee2c2edcc5b28b1fd95a94a85,2026-01-29T13:19:12Z,,.github/workflows/verify-docs-gen.yml,,docs,,docs -> .github:140 — Process completed with exit code 2.,,
815267336638d2b99ead,4,https://github.com/speechbrain/speechbrain/actions/runs/21479946049,2d3c0f0ad4b99776ed28b84448f094ca09820c61,2026-01-29T13:27:00Z,speechbrain/nnet/activations.py,,,docs,,docs -> .github:140 — Process completed with exit code 2.,,
815267336638d2b99ead,5,https://github.com/speechbrain/speechbrain/actions/runs/21482412456,113e221856c25c4783c810301858f478e38d6a8d,2026-01-29T14:39:42Z,speechbrain/integrations/huggingface/wordemb/__init__.py,,,docs,,docs -> .github:140 — Process completed with exit code 2.,,
28c931327ec6978a5380,1,https://github.com/speechbrain/speechbrain/actions/runs/21779419097,5e8bbabceeff142f905ee14a2ab327b907b58d44,2026-02-07T11:34:07Z,speechbrain/integrations/hdf5/cached_item.py,,,docs,,docs -> .github:214 — Process completed with exit code 2.,,
28c931327ec6978a5380,2,https://github.com/speechbrain/speechbrain/actions/runs/21779602994,a5fc69225765534d49f33c1864794e37885d355f,2026-02-07T11:49:51Z,speechbrain/integrations/hdf5/cached_item.py,,,docs,,docs -> .github:214 — Process completed with exit code 2.,,
cc071ee0ecb5d19d8b3a,1,https://github.com/speechbrain/speechbrain/actions/runs/21627139489,0202ec539e63ec66240aa726fabeb09f1d90071a,2026-02-03T10:45:59Z,speechbrain/decoders/scorer.py; speechbrain/integrations/huggingface/huggingface.py,.github/workflows/verify-docs-gen.yml; pyproject.toml; requirements.txt,,Dependabot,,Dependabot -> .github:654 — Dependabot encountered an error performing the update Error: The updater encountered one or more errors. For more information see: https://github.com/speechbrain/speechbrain/network/updates/1231982246 (write access to the repository is required to view the log),,
67fda6838ebb33ae7df5,1,https://github.com/speechbrain/speechbrain/actions/runs/21627140618,0202ec539e63ec66240aa726fabeb09f1d90071a,2026-02-03T10:46:01Z,speechbrain/decoders/scorer.py; speechbrain/integrations/huggingface/huggingface.py,.github/workflows/verify-docs-gen.yml; pyproject.toml; requirements.txt,,Dependabot,,Dependabot -> .github:939 — Dependabot encountered an error performing the update Error: The updater encountered one or more errors. For more information see: https://github.com/speechbrain/speechbrain/network/updates/1231982311 (write access to the repository is required to view the log),,
67fda6838ebb33ae7df5,2,https://github.com/speechbrain/speechbrain/actions/runs/21627140896,0202ec539e63ec66240aa726fabeb09f1d90071a,2026-02-03T10:46:02Z,speechbrain/decoders/scorer.py; speechbrain/integrations/huggingface/huggingface.py,.github/workflows/verify-docs-gen.yml; pyproject.toml; requirements.txt,,Dependabot,,Dependabot -> .github:677 — Dependabot encountered an error performing the update Error: The updater encountered one or more errors. For more information see: https://github.com/speechbrain/speechbrain/network/updates/1231982312 (write access to the repository is required to view the log),,
67fda6838ebb33ae7df5,3,https://github.com/speechbrain/speechbrain/actions/runs/21627140983,0202ec539e63ec66240aa726fabeb09f1d90071a,2026-02-03T10:46:02Z,speechbrain/decoders/scorer.py; speechbrain/integrations/huggingface/huggingface.py,.github/workflows/verify-docs-gen.yml; pyproject.toml; requirements.txt,,Dependabot,,Dependabot -> .github:652 — Dependabot encountered an error performing the update Error: The updater encountered one or more errors. For more information see: https://github.com/speechbrain/speechbrain/network/updates/1231982329 (write access to the repository is required to view the log),,
67fda6838ebb33ae7df5,4,https://github.com/speechbrain/speechbrain/actions/runs/21782112547,39ef3587c9573e2649376a867164b279e5d68b3f,2026-02-07T15:08:49Z,recipes/LibriSpeech/ASR/transformer/extract_ssl_feats.py; recipes/LibriSpeech/ASR/transformer/train_speechllm.py; recipes/LibriSpeech/librispeech_prepare.py; speechbrain/core.py; speechbrain/decoders/seq2seq.py; speechbrain/inference/ASR.py; speechbrain/inference/interfaces.py; speechbrain/integrations/hdf5/__init__.py; speechbrain/integrations/hdf5/cached_item.py; speechbrain/integrations/huggingface/llama.py; speechbrain/integrations/huggingface/wordemb/__init__.py; speechbrain/lobes/models/GatedNN.py; speechbrain/nnet/adapters.py; speechbrain/nnet/schedulers.py,pyproject.toml,,Dependabot,,Dependabot -> .github:652 — Dependabot encountered an error performing the update Error: The updater encountered one or more errors. For more information see: https://github.com/speechbrain/speechbrain/network/updates/1236873612 (write access to the repository is required to view the log),,
67fda6838ebb33ae7df5,5,https://github.com/speechbrain/speechbrain/actions/runs/21782112661,39ef3587c9573e2649376a867164b279e5d68b3f,2026-02-07T15:08:50Z,recipes/LibriSpeech/ASR/transformer/extract_ssl_feats.py; recipes/LibriSpeech/ASR/transformer/train_speechllm.py; recipes/LibriSpeech/librispeech_prepare.py; speechbrain/core.py; speechbrain/decoders/seq2seq.py; speechbrain/inference/ASR.py; speechbrain/inference/interfaces.py; speechbrain/integrations/hdf5/__init__.py; speechbrain/integrations/hdf5/cached_item.py; speechbrain/integrations/huggingface/llama.py; speechbrain/integrations/huggingface/wordemb/__init__.py; speechbrain/lobes/models/GatedNN.py; speechbrain/nnet/adapters.py; speechbrain/nnet/schedulers.py,pyproject.toml,,Dependabot,,Dependabot -> .github:945 — Dependabot encountered an error performing the update Error: The updater encountered one or more errors. For more information see: https://github.com/speechbrain/speechbrain/network/updates/1236873615 (write access to the repository is required to view the log),,
67fda6838ebb33ae7df5,6,https://github.com/speechbrain/speechbrain/actions/runs/21782112698,39ef3587c9573e2649376a867164b279e5d68b3f,2026-02-07T15:08:50Z,recipes/LibriSpeech/ASR/transformer/extract_ssl_feats.py; recipes/LibriSpeech/ASR/transformer/train_speechllm.py; recipes/LibriSpeech/librispeech_prepare.py; speechbrain/core.py; speechbrain/decoders/seq2seq.py; speechbrain/inference/ASR.py; speechbrain/inference/interfaces.py; speechbrain/integrations/hdf5/__init__.py; speechbrain/integrations/hdf5/cached_item.py; speechbrain/integrations/huggingface/llama.py; speechbrain/integrations/huggingface/wordemb/__init__.py; speechbrain/lobes/models/GatedNN.py; speechbrain/nnet/adapters.py; speechbrain/nnet/schedulers.py,pyproject.toml,,Dependabot,,Dependabot -> .github:654 — Dependabot encountered an error performing the update Error: The updater encountered one or more errors. For more information see: https://github.com/speechbrain/speechbrain/network/updates/1236873613 (write access to the repository is required to view the log),,
67fda6838ebb33ae7df5,7,https://github.com/speechbrain/speechbrain/actions/runs/21782112873,39ef3587c9573e2649376a867164b279e5d68b3f,2026-02-07T15:08:51Z,recipes/LibriSpeech/ASR/transformer/extract_ssl_feats.py; recipes/LibriSpeech/ASR/transformer/train_speechllm.py; recipes/LibriSpeech/librispeech_prepare.py; speechbrain/core.py; speechbrain/decoders/seq2seq.py; speechbrain/inference/ASR.py; speechbrain/inference/interfaces.py; speechbrain/integrations/hdf5/__init__.py; speechbrain/integrations/hdf5/cached_item.py; speechbrain/integrations/huggingface/llama.py; speechbrain/integrations/huggingface/wordemb/__init__.py; speechbrain/lobes/models/GatedNN.py; speechbrain/nnet/adapters.py; speechbrain/nnet/schedulers.py,pyproject.toml,,Dependabot,,Dependabot -> .github:678 — Dependabot encountered an error performing the update Error: The updater encountered one or more errors. For more information see: https://github.com/speechbrain/speechbrain/network/updates/1236873617 (write access to the repository is required to view the log),,
67fda6838ebb33ae7df5,8,https://github.com/speechbrain/speechbrain/actions/runs/21919801188,d48d36cb0a1f223f5a3f3e6fc5fe17c217640b42,2026-02-11T19:26:24Z,recipes/LibriSpeech/ASR/transformer/extract_ssl_feats.py; speechbrain/processing/multi_mic.py; speechbrain/processing/signal_processing.py; speechbrain/utils/checkpoints.py,requirements.txt,,Dependabot,,Dependabot -> .github:652 — Dependabot encountered an error performing the update Error: The updater encountered one or more errors. For more information see: https://github.com/speechbrain/speechbrain/network/updates/1241315807 (write access to the repository is required to view the log),,
67fda6838ebb33ae7df5,9,https://github.com/speechbrain/speechbrain/actions/runs/21920074984,d48d36cb0a1f223f5a3f3e6fc5fe17c217640b42,2026-02-11T19:34:26Z,recipes/LibriSpeech/ASR/transformer/extract_ssl_feats.py; speechbrain/processing/multi_mic.py; speechbrain/processing/signal_processing.py; speechbrain/utils/checkpoints.py,requirements.txt,,Dependabot,,Dependabot -> .github:654 — Dependabot encountered an error performing the update Error: The updater encountered one or more errors. For more information see: https://github.com/speechbrain/speechbrain/network/updates/1241332705 (write access to the repository is required to view the log),,
67fda6838ebb33ae7df5,10,https://github.com/speechbrain/speechbrain/actions/runs/21920176517,d48d36cb0a1f223f5a3f3e6fc5fe17c217640b42,2026-02-11T19:37:26Z,recipes/LibriSpeech/ASR/transformer/extract_ssl_feats.py; speechbrain/processing/multi_mic.py; speechbrain/processing/signal_processing.py; speechbrain/utils/checkpoints.py,requirements.txt,,Dependabot,,Dependabot -> .github:677 — Dependabot encountered an error performing the update Error: The updater encountered one or more errors. For more information see: https://github.com/speechbrain/speechbrain/network/updates/1241339865 (write access to the repository is required to view the log),,
67fda6838ebb33ae7df5,11,https://github.com/speechbrain/speechbrain/actions/runs/21920221221,d48d36cb0a1f223f5a3f3e6fc5fe17c217640b42,2026-02-11T19:38:46Z,recipes/LibriSpeech/ASR/transformer/extract_ssl_feats.py; speechbrain/processing/multi_mic.py; speechbrain/processing/signal_processing.py; speechbrain/utils/checkpoints.py,requirements.txt,,Dependabot,,Dependabot -> .github:944 — Dependabot encountered an error performing the update Error: The updater encountered one or more errors. For more information see: https://github.com/speechbrain/speechbrain/network/updates/1241342200 (write access to the repository is required to view the log),,
67fda6838ebb33ae7df5,12,https://github.com/speechbrain/speechbrain/actions/runs/23648134471,8b133b65b5c3ee14b96b19b20bf3fefc2d956b71,2026-03-27T13:19:22Z,docs/conf.py; recipes/AMI/Diarization/experiment.py; recipes/ESC50/esc50_prepare.py; recipes/ESC50/interpret/interpret_amt.py; recipes/GigaSpeech/ASR/transducer/train.py; recipes/LJSpeech/TTS/vocoder/hifigan_discrete/extract_code.py; recipes/LibriParty/generate_dataset/create_custom_dataset.py; recipes/LibriParty/generate_dataset/get_dataset_from_metadata.py; recipes/LibriSpeech/ASR/transducer/train.py; recipes/LibriSpeech/ASR/transformer/extract_ssl_feats.py; recipes/LibriTTS/vocoder/hifigan_discrete/extract_code.py; recipes/SEP-28k/stuttering-detection/train.py; recipes/VoxCeleb/SpeakerRec/extract_speaker_embeddings.py; recipes/VoxCeleb/SpeakerRec/speaker_verification_cosine.py; recipes/VoxCeleb/SpeakerRec/speaker_verification_plda.py; recipes/VoxPopuli/ASR/transducer/train.py; speechbrain/dataio/audio_io.py; speechbrain/decoders/seq2seq.py; speechbrain/integrations/huggingface/whisper.py; speechbrain/nnet/losses.py; speechbrain/processing/features.py; speechbrain/processing/signal_processing.py; speechbrain/utils/logger.py; speechbrain/utils/run_opts.py; speechbrain/utils/torch_audio_backend.py; tests/integration/ASR_ConformerTransducer_streaming/example_asr_conformertransducer_streaming_experiment.py; tests/integration/ASR_Transducer/example_asr_transducer_experiment.py; tests/unittests/test_audio_io.py; tests/unittests/test_losses.py; tests/utils/recipe_tests.py,,,Dependabot,Dependabot -> Run Dependabot,Dependabot -> .github:657 — Dependabot encountered an error performing the update Error: The updater encountered one or more errors. For more information see: https://github.com/speechbrain/speechbrain/network/updates/1296334422 (write access to the repository is required to view the log),,
67fda6838ebb33ae7df5,13,https://github.com/speechbrain/speechbrain/actions/runs/23648134818,8b133b65b5c3ee14b96b19b20bf3fefc2d956b71,2026-03-27T13:19:22Z,docs/conf.py; recipes/AMI/Diarization/experiment.py; recipes/ESC50/esc50_prepare.py; recipes/ESC50/interpret/interpret_amt.py; recipes/GigaSpeech/ASR/transducer/train.py; recipes/LJSpeech/TTS/vocoder/hifigan_discrete/extract_code.py; recipes/LibriParty/generate_dataset/create_custom_dataset.py; recipes/LibriParty/generate_dataset/get_dataset_from_metadata.py; recipes/LibriSpeech/ASR/transducer/train.py; recipes/LibriSpeech/ASR/transformer/extract_ssl_feats.py; recipes/LibriTTS/vocoder/hifigan_discrete/extract_code.py; recipes/SEP-28k/stuttering-detection/train.py; recipes/VoxCeleb/SpeakerRec/extract_speaker_embeddings.py; recipes/VoxCeleb/SpeakerRec/speaker_verification_cosine.py; recipes/VoxCeleb/SpeakerRec/speaker_verification_plda.py; recipes/VoxPopuli/ASR/transducer/train.py; speechbrain/dataio/audio_io.py; speechbrain/decoders/seq2seq.py; speechbrain/integrations/huggingface/whisper.py; speechbrain/nnet/losses.py; speechbrain/processing/features.py; speechbrain/processing/signal_processing.py; speechbrain/utils/logger.py; speechbrain/utils/run_opts.py; speechbrain/utils/torch_audio_backend.py; tests/integration/ASR_ConformerTransducer_streaming/example_asr_conformertransducer_streaming_experiment.py; tests/integration/ASR_Transducer/example_asr_transducer_experiment.py; tests/unittests/test_audio_io.py; tests/unittests/test_losses.py; tests/utils/recipe_tests.py,,,Dependabot,Dependabot -> Run Dependabot,Dependabot -> .github:962 — Dependabot encountered an error performing the update Error: The updater encountered one or more errors. For more information see: https://github.com/speechbrain/speechbrain/network/updates/1296334428 (write access to the repository is required to view the log),,
67fda6838ebb33ae7df5,14,https://github.com/speechbrain/speechbrain/actions/runs/23648134910,8b133b65b5c3ee14b96b19b20bf3fefc2d956b71,2026-03-27T13:19:22Z,docs/conf.py; recipes/AMI/Diarization/experiment.py; recipes/ESC50/esc50_prepare.py; recipes/ESC50/interpret/interpret_amt.py; recipes/GigaSpeech/ASR/transducer/train.py; recipes/LJSpeech/TTS/vocoder/hifigan_discrete/extract_code.py; recipes/LibriParty/generate_dataset/create_custom_dataset.py; recipes/LibriParty/generate_dataset/get_dataset_from_metadata.py; recipes/LibriSpeech/ASR/transducer/train.py; recipes/LibriSpeech/ASR/transformer/extract_ssl_feats.py; recipes/LibriTTS/vocoder/hifigan_discrete/extract_code.py; recipes/SEP-28k/stuttering-detection/train.py; recipes/VoxCeleb/SpeakerRec/extract_speaker_embeddings.py; recipes/VoxCeleb/SpeakerRec/speaker_verification_cosine.py; recipes/VoxCeleb/SpeakerRec/speaker_verification_plda.py; recipes/VoxPopuli/ASR/transducer/train.py; speechbrain/dataio/audio_io.py; speechbrain/decoders/seq2seq.py; speechbrain/integrations/huggingface/whisper.py; speechbrain/nnet/losses.py; speechbrain/processing/features.py; speechbrain/processing/signal_processing.py; speechbrain/utils/logger.py; speechbrain/utils/run_opts.py; speechbrain/utils/torch_audio_backend.py; tests/integration/ASR_ConformerTransducer_streaming/example_asr_conformertransducer_streaming_experiment.py; tests/integration/ASR_Transducer/example_asr_transducer_experiment.py; tests/unittests/test_audio_io.py; tests/unittests/test_losses.py; tests/utils/recipe_tests.py,,,Dependabot,Dependabot -> Run Dependabot,Dependabot -> .github:287 — Dependabot encountered an error performing the update Error: The updater encountered one or more errors. For more information see: https://github.com/speechbrain/speechbrain/network/updates/1296334442 (write access to the repository is required to view the log),,
67fda6838ebb33ae7df5,15,https://github.com/speechbrain/speechbrain/actions/runs/23648136208,8b133b65b5c3ee14b96b19b20bf3fefc2d956b71,2026-03-27T13:19:24Z,docs/conf.py; recipes/AMI/Diarization/experiment.py; recipes/ESC50/esc50_prepare.py; recipes/ESC50/interpret/interpret_amt.py; recipes/GigaSpeech/ASR/transducer/train.py; recipes/LJSpeech/TTS/vocoder/hifigan_discrete/extract_code.py; recipes/LibriParty/generate_dataset/create_custom_dataset.py; recipes/LibriParty/generate_dataset/get_dataset_from_metadata.py; recipes/LibriSpeech/ASR/transducer/train.py; recipes/LibriSpeech/ASR/transformer/extract_ssl_feats.py; recipes/LibriTTS/vocoder/hifigan_discrete/extract_code.py; recipes/SEP-28k/stuttering-detection/train.py; recipes/VoxCeleb/SpeakerRec/extract_speaker_embeddings.py; recipes/VoxCeleb/SpeakerRec/speaker_verification_cosine.py; recipes/VoxCeleb/SpeakerRec/speaker_verification_plda.py; recipes/VoxPopuli/ASR/transducer/train.py; speechbrain/dataio/audio_io.py; speechbrain/decoders/seq2seq.py; speechbrain/integrations/huggingface/whisper.py; speechbrain/nnet/losses.py; speechbrain/processing/features.py; speechbrain/processing/signal_processing.py; speechbrain/utils/logger.py; speechbrain/utils/run_opts.py; speechbrain/utils/torch_audio_backend.py; tests/integration/ASR_ConformerTransducer_streaming/example_asr_conformertransducer_streaming_experiment.py; tests/integration/ASR_Transducer/example_asr_transducer_experiment.py; tests/unittests/test_audio_io.py; tests/unittests/test_losses.py; tests/utils/recipe_tests.py,,,Dependabot,Dependabot -> Run Dependabot,Dependabot -> .github:655 — Dependabot encountered an error performing the update Error: The updater encountered one or more errors. For more information see: https://github.com/speechbrain/speechbrain/network/updates/1296334457 (write access to the repository is required to view the log),,
67fda6838ebb33ae7df5,16,https://github.com/speechbrain/speechbrain/actions/runs/23648136241,8b133b65b5c3ee14b96b19b20bf3fefc2d956b71,2026-03-27T13:19:24Z,docs/conf.py; recipes/AMI/Diarization/experiment.py; recipes/ESC50/esc50_prepare.py; recipes/ESC50/interpret/interpret_amt.py; recipes/GigaSpeech/ASR/transducer/train.py; recipes/LJSpeech/TTS/vocoder/hifigan_discrete/extract_code.py; recipes/LibriParty/generate_dataset/create_custom_dataset.py; recipes/LibriParty/generate_dataset/get_dataset_from_metadata.py; recipes/LibriSpeech/ASR/transducer/train.py; recipes/LibriSpeech/ASR/transformer/extract_ssl_feats.py; recipes/LibriTTS/vocoder/hifigan_discrete/extract_code.py; recipes/SEP-28k/stuttering-detection/train.py; recipes/VoxCeleb/SpeakerRec/extract_speaker_embeddings.py; recipes/VoxCeleb/SpeakerRec/speaker_verification_cosine.py; recipes/VoxCeleb/SpeakerRec/speaker_verification_plda.py; recipes/VoxPopuli/ASR/transducer/train.py; speechbrain/dataio/audio_io.py; speechbrain/decoders/seq2seq.py; speechbrain/integrations/huggingface/whisper.py; speechbrain/nnet/losses.py; speechbrain/processing/features.py; speechbrain/processing/signal_processing.py; speechbrain/utils/logger.py; speechbrain/utils/run_opts.py; speechbrain/utils/torch_audio_backend.py; tests/integration/ASR_ConformerTransducer_streaming/example_asr_conformertransducer_streaming_experiment.py; tests/integration/ASR_Transducer/example_asr_transducer_experiment.py; tests/unittests/test_audio_io.py; tests/unittests/test_losses.py; tests/utils/recipe_tests.py,,,Dependabot,Dependabot -> Run Dependabot,Dependabot -> .github:681 — Dependabot encountered an error performing the update Error: The updater encountered one or more errors. For more information see: https://github.com/speechbrain/speechbrain/network/updates/1296334458 (write access to the repository is required to view the log),,
67fda6838ebb33ae7df5,17,https://github.com/speechbrain/speechbrain/actions/runs/24365476454,9c826ef3937bac885c8a6ca86c6889a30f256fb5,2026-04-13T20:33:48Z,speechbrain/integrations/audio_tokenizers/kmeans.py,,,Dependabot,Dependabot -> Run Dependabot,Dependabot -> .github:289 — Dependabot encountered an error performing the update Error: The updater encountered one or more errors. For more information see: https://github.com/speechbrain/speechbrain/network/updates/1321211874 (write access to the repository is required to view the log),,
bfeb66152ec18ad30d1a,1,https://github.com/stratosphereips/StratosphereLinuxIPS/actions/runs/19094146623,b2897a586b135725c3b01e85c15660d8b78565a8,2025-11-05T07:09:31Z,modules/p2ptrust/p2ptrust.py; slips_files/core/database/redis_db/database.py,,,Dependabot,,Dependabot -> .github:187 — Dependabot encountered an error performing the update Error: The updater encountered one or more errors. For more information see: https://github.com/stratosphereips/StratosphereLinuxIPS/network/updates/1143990872 (write access to the repository is required to view the log),,
bfeb66152ec18ad30d1a,2,https://github.com/stratosphereips/StratosphereLinuxIPS/actions/runs/19094146709,b2897a586b135725c3b01e85c15660d8b78565a8,2025-11-05T07:09:31Z,modules/p2ptrust/p2ptrust.py; slips_files/core/database/redis_db/database.py,,,Dependabot,,Dependabot -> .github:187 — Dependabot encountered an error performing the update Error: The updater encountered one or more errors. For more information see: https://github.com/stratosphereips/StratosphereLinuxIPS/network/updates/1143990875 (write access to the repository is required to view the log),,
bfeb66152ec18ad30d1a,3,https://github.com/stratosphereips/StratosphereLinuxIPS/actions/runs/19127821260,cc2e19b286f76a8e5c0c0b5998f6049c3112a6fe,2025-11-06T07:13:56Z,modules/flowalerts/conn.py; modules/flowalerts/dns.py,,,Dependabot,,Dependabot -> .github:187 — Dependabot encountered an error performing the update Error: The updater encountered one or more errors. For more information see: https://github.com/stratosphereips/StratosphereLinuxIPS/network/updates/1144964588 (write access to the repository is required to view the log),,
bfeb66152ec18ad30d1a,4,https://github.com/stratosphereips/StratosphereLinuxIPS/actions/runs/19127821363,cc2e19b286f76a8e5c0c0b5998f6049c3112a6fe,2025-11-06T07:13:56Z,modules/flowalerts/conn.py; modules/flowalerts/dns.py,,,Dependabot,,Dependabot -> .github:187 — Dependabot encountered an error performing the update Error: The updater encountered one or more errors. For more information see: https://github.com/stratosphereips/StratosphereLinuxIPS/network/updates/1144964589 (write access to the repository is required to view the log),,
bfeb66152ec18ad30d1a,5,https://github.com/stratosphereips/StratosphereLinuxIPS/actions/runs/19161009376,cc2e19b286f76a8e5c0c0b5998f6049c3112a6fe,2025-11-07T07:10:07Z,modules/flowalerts/conn.py; modules/flowalerts/dns.py,,,Dependabot,,Dependabot -> .github:187 — Dependabot encountered an error performing the update Error: The updater encountered one or more errors. For more information see: https://github.com/stratosphereips/StratosphereLinuxIPS/network/updates/1145877097 (write access to the repository is required to view the log),,
bfeb66152ec18ad30d1a,6,https://github.com/stratosphereips/StratosphereLinuxIPS/actions/runs/19161009417,cc2e19b286f76a8e5c0c0b5998f6049c3112a6fe,2025-11-07T07:10:07Z,modules/flowalerts/conn.py; modules/flowalerts/dns.py,,,Dependabot,,Dependabot -> .github:187 — Dependabot encountered an error performing the update Error: The updater encountered one or more errors. For more information see: https://github.com/stratosphereips/StratosphereLinuxIPS/network/updates/1145877093 (write access to the repository is required to view the log),,
bfeb66152ec18ad30d1a,7,https://github.com/stratosphereips/StratosphereLinuxIPS/actions/runs/19223715060,cc2e19b286f76a8e5c0c0b5998f6049c3112a6fe,2025-11-10T07:13:31Z,modules/flowalerts/conn.py; modules/flowalerts/dns.py,,,Dependabot,,Dependabot -> .github:187 — Dependabot encountered an error performing the update Error: The updater encountered one or more errors. For more information see: https://github.com/stratosphereips/StratosphereLinuxIPS/network/updates/1147279375 (write access to the repository is required to view the log),,
bfeb66152ec18ad30d1a,8,https://github.com/stratosphereips/StratosphereLinuxIPS/actions/runs/19223834339,cc2e19b286f76a8e5c0c0b5998f6049c3112a6fe,2025-11-10T07:19:03Z,modules/flowalerts/conn.py; modules/flowalerts/dns.py,,,Dependabot,,Dependabot -> .github:187 — Dependabot encountered an error performing the update Error: The updater encountered one or more errors. For more information see: https://github.com/stratosphereips/StratosphereLinuxIPS/network/updates/1147279635 (write access to the repository is required to view the log),,
bfeb66152ec18ad30d1a,9,https://github.com/stratosphereips/StratosphereLinuxIPS/actions/runs/19258024449,b8f148f8760cdb908aa770cc752500e555e84326,2025-11-11T07:14:16Z,,,,Dependabot,,Dependabot -> .github:187 — Dependabot encountered an error performing the update Error: The updater encountered one or more errors. For more information see: https://github.com/stratosphereips/StratosphereLinuxIPS/network/updates/1148994977 (write access to the repository is required to view the log),,
bfeb66152ec18ad30d1a,10,https://github.com/stratosphereips/StratosphereLinuxIPS/actions/runs/19258024516,b8f148f8760cdb908aa770cc752500e555e84326,2025-11-11T07:14:16Z,,,,Dependabot,,Dependabot -> .github:187 — Dependabot encountered an error performing the update Error: The updater encountered one or more errors. For more information see: https://github.com/stratosphereips/StratosphereLinuxIPS/network/updates/1148994976 (write access to the repository is required to view the log),,
bfeb66152ec18ad30d1a,11,https://github.com/stratosphereips/StratosphereLinuxIPS/actions/runs/19289399914,b8f148f8760cdb908aa770cc752500e555e84326,2025-11-12T07:11:30Z,,,,Dependabot,,Dependabot -> .github:187 — Dependabot encountered an error performing the update Error: The updater encountered one or more errors. For more information see: https://github.com/stratosphereips/StratosphereLinuxIPS/network/updates/1149859248 (write access to the repository is required to view the log),,
bfeb66152ec18ad30d1a,12,https://github.com/stratosphereips/StratosphereLinuxIPS/actions/runs/19289399976,b8f148f8760cdb908aa770cc752500e555e84326,2025-11-12T07:11:30Z,,,,Dependabot,,Dependabot -> .github:187 — Dependabot encountered an error performing the update Error: The updater encountered one or more errors. For more information see: https://github.com/stratosphereips/StratosphereLinuxIPS/network/updates/1149859247 (write access to the repository is required to view the log),,
bfeb66152ec18ad30d1a,13,https://github.com/stratosphereips/StratosphereLinuxIPS/actions/runs/19323523188,abc8ee4fc6ff043e477952c03db76a55cd0e9710,2025-11-13T07:10:58Z,modules/exporting_alerts/exporting_alerts.py; modules/exporting_alerts/stix_exporter.py; slips_files/common/parsers/config_parser.py; slips_files/core/evidence_handler.py,docker/Dockerfile; docker/light/Dockerfile; install/requirements.txt,,Dependabot,,Dependabot -> .github:220 — Dependabot encountered an error performing the update Error: The updater encountered one or more errors. For more information see: https://github.com/stratosphereips/StratosphereLinuxIPS/network/updates/1150823378 (write access to the repository is required to view the log),,
bfeb66152ec18ad30d1a,14,https://github.com/stratosphereips/StratosphereLinuxIPS/actions/runs/19323523346,abc8ee4fc6ff043e477952c03db76a55cd0e9710,2025-11-13T07:10:58Z,modules/exporting_alerts/exporting_alerts.py; modules/exporting_alerts/stix_exporter.py; slips_files/common/parsers/config_parser.py; slips_files/core/evidence_handler.py,docker/Dockerfile; docker/light/Dockerfile; install/requirements.txt,,Dependabot,,Dependabot -> .github:220 — Dependabot encountered an error performing the update Error: The updater encountered one or more errors. For more information see: https://github.com/stratosphereips/StratosphereLinuxIPS/network/updates/1150823391 (write access to the repository is required to view the log),,
bfeb66152ec18ad30d1a,15,https://github.com/stratosphereips/StratosphereLinuxIPS/actions/runs/19357187400,abc8ee4fc6ff043e477952c03db76a55cd0e9710,2025-11-14T07:11:36Z,modules/exporting_alerts/exporting_alerts.py; modules/exporting_alerts/stix_exporter.py; slips_files/common/parsers/config_parser.py; slips_files/core/evidence_handler.py,docker/Dockerfile; docker/light/Dockerfile; install/requirements.txt,,Dependabot,,Dependabot -> .github:220 — Dependabot encountered an error performing the update Error: The updater encountered one or more errors. For more information see: https://github.com/stratosphereips/StratosphereLinuxIPS/network/updates/1151751682 (write access to the repository is required to view the log),,
bfeb66152ec18ad30d1a,16,https://github.com/stratosphereips/StratosphereLinuxIPS/actions/runs/19357187458,abc8ee4fc6ff043e477952c03db76a55cd0e9710,2025-11-14T07:11:36Z,modules/exporting_alerts/exporting_alerts.py; modules/exporting_alerts/stix_exporter.py; slips_files/common/parsers/config_parser.py; slips_files/core/evidence_handler.py,docker/Dockerfile; docker/light/Dockerfile; install/requirements.txt,,Dependabot,,Dependabot -> .github:220 — Dependabot encountered an error performing the update Error: The updater encountered one or more errors. For more information see: https://github.com/stratosphereips/StratosphereLinuxIPS/network/updates/1151751689 (write access to the repository is required to view the log),,
bfeb66152ec18ad30d1a,17,https://github.com/stratosphereips/StratosphereLinuxIPS/actions/runs/19421404909,abc8ee4fc6ff043e477952c03db76a55cd0e9710,2025-11-17T07:11:38Z,modules/exporting_alerts/exporting_alerts.py; modules/exporting_alerts/stix_exporter.py; slips_files/common/parsers/config_parser.py; slips_files/core/evidence_handler.py,docker/Dockerfile; docker/light/Dockerfile; install/requirements.txt,,Dependabot,,"Dependabot -> .github:16 — Error fetching updater images Error: (HTTP code 500) server error - toomanyrequests: retry-after: 683.069µs, allowed: 60000/minute For more information see: https://github.com/stratosphereips/StratosphereLinuxIPS/network/updates/1154195172 (write access to the repository is required to view the log) | .github:15 — Fatal error pulling image ghcr.io/dependabot/dependabot-updater-github-actions:e2126b1ab7d8ada068d357915e4a90b2499101d0: (HTTP code 500) server error - toomanyrequests: retry-after: 683.069µs, allowed: 60000/minute",,
bfeb66152ec18ad30d1a,18,https://github.com/stratosphereips/StratosphereLinuxIPS/actions/runs/19421407030,abc8ee4fc6ff043e477952c03db76a55cd0e9710,2025-11-17T07:11:43Z,modules/exporting_alerts/exporting_alerts.py; modules/exporting_alerts/stix_exporter.py; slips_files/common/parsers/config_parser.py; slips_files/core/evidence_handler.py,docker/Dockerfile; docker/light/Dockerfile; install/requirements.txt,,Dependabot,,"Dependabot -> .github:16 — Error fetching updater images Error: (HTTP code 500) server error - toomanyrequests: retry-after: 169.992µs, allowed: 60000/minute For more information see: https://github.com/stratosphereips/StratosphereLinuxIPS/network/updates/1154195247 (write access to the repository is required to view the log) | .github:15 — Fatal error pulling image ghcr.io/dependabot/dependabot-updater-pip:e2126b1ab7d8ada068d357915e4a90b2499101d0: (HTTP code 500) server error - toomanyrequests: retry-after: 169.992µs, allowed: 60000/minute",,
bfeb66152ec18ad30d1a,19,https://github.com/stratosphereips/StratosphereLinuxIPS/actions/runs/19457411406,abc8ee4fc6ff043e477952c03db76a55cd0e9710,2025-11-18T07:12:23Z,modules/exporting_alerts/exporting_alerts.py; modules/exporting_alerts/stix_exporter.py; slips_files/common/parsers/config_parser.py; slips_files/core/evidence_handler.py,docker/Dockerfile; docker/light/Dockerfile; install/requirements.txt,,Dependabot,,Dependabot -> .github:220 — Dependabot encountered an error performing the update Error: The updater encountered one or more errors. For more information see: https://github.com/stratosphereips/StratosphereLinuxIPS/network/updates/1156333943 (write access to the repository is required to view the log),,
bfeb66152ec18ad30d1a,20,https://github.com/stratosphereips/StratosphereLinuxIPS/actions/runs/19457411413,abc8ee4fc6ff043e477952c03db76a55cd0e9710,2025-11-18T07:12:23Z,modules/exporting_alerts/exporting_alerts.py; modules/exporting_alerts/stix_exporter.py; slips_files/common/parsers/config_parser.py; slips_files/core/evidence_handler.py,docker/Dockerfile; docker/light/Dockerfile; install/requirements.txt,,Dependabot,,Dependabot -> .github:220 — Dependabot encountered an error performing the update Error: The updater encountered one or more errors. For more information see: https://github.com/stratosphereips/StratosphereLinuxIPS/network/updates/1156334031 (write access to the repository is required to view the log),,
bfeb66152ec18ad30d1a,21,https://github.com/stratosphereips/StratosphereLinuxIPS/actions/runs/19492950149,abc8ee4fc6ff043e477952c03db76a55cd0e9710,2025-11-19T07:10:25Z,modules/exporting_alerts/exporting_alerts.py; modules/exporting_alerts/stix_exporter.py; slips_files/common/parsers/config_parser.py; slips_files/core/evidence_handler.py,docker/Dockerfile; docker/light/Dockerfile; install/requirements.txt,,Dependabot,,Dependabot -> .github:220 — Dependabot encountered an error performing the update Error: The updater encountered one or more errors. For more information see: https://github.com/stratosphereips/StratosphereLinuxIPS/network/updates/1158498440 (write access to the repository is required to view the log),,
bfeb66152ec18ad30d1a,22,https://github.com/stratosphereips/StratosphereLinuxIPS/actions/runs/19492950161,abc8ee4fc6ff043e477952c03db76a55cd0e9710,2025-11-19T07:10:26Z,modules/exporting_alerts/exporting_alerts.py; modules/exporting_alerts/stix_exporter.py; slips_files/common/parsers/config_parser.py; slips_files/core/evidence_handler.py,docker/Dockerfile; docker/light/Dockerfile; install/requirements.txt,,Dependabot,,Dependabot -> .github:220 — Dependabot encountered an error performing the update Error: The updater encountered one or more errors. For more information see: https://github.com/stratosphereips/StratosphereLinuxIPS/network/updates/1158498441 (write access to the repository is required to view the log),,
bfeb66152ec18ad30d1a,23,https://github.com/stratosphereips/StratosphereLinuxIPS/actions/runs/19528705556,abc8ee4fc6ff043e477952c03db76a55cd0e9710,2025-11-20T07:11:30Z,modules/exporting_alerts/exporting_alerts.py; modules/exporting_alerts/stix_exporter.py; slips_files/common/parsers/config_parser.py; slips_files/core/evidence_handler.py,docker/Dockerfile; docker/light/Dockerfile; install/requirements.txt,,Dependabot,,Dependabot -> .github:220 — Dependabot encountered an error performing the update Error: The updater encountered one or more errors. For more information see: https://github.com/stratosphereips/StratosphereLinuxIPS/network/updates/1159958005 (write access to the repository is required to view the log),,
bfeb66152ec18ad30d1a,24,https://github.com/stratosphereips/StratosphereLinuxIPS/actions/runs/19528705691,abc8ee4fc6ff043e477952c03db76a55cd0e9710,2025-11-20T07:11:30Z,modules/exporting_alerts/exporting_alerts.py; modules/exporting_alerts/stix_exporter.py; slips_files/common/parsers/config_parser.py; slips_files/core/evidence_handler.py,docker/Dockerfile; docker/light/Dockerfile; install/requirements.txt,,Dependabot,,Dependabot -> .github:220 — Dependabot encountered an error performing the update Error: The updater encountered one or more errors. For more information see: https://github.com/stratosphereips/StratosphereLinuxIPS/network/updates/1159958007 (write access to the repository is required to view the log),,
bfeb66152ec18ad30d1a,25,https://github.com/stratosphereips/StratosphereLinuxIPS/actions/runs/19562957901,abc8ee4fc6ff043e477952c03db76a55cd0e9710,2025-11-21T07:12:41Z,modules/exporting_alerts/exporting_alerts.py; modules/exporting_alerts/stix_exporter.py; slips_files/common/parsers/config_parser.py; slips_files/core/evidence_handler.py,docker/Dockerfile; docker/light/Dockerfile; install/requirements.txt,,Dependabot,,Dependabot -> .github:220 — Dependabot encountered an error performing the update Error: The updater encountered one or more errors. For more information see: https://github.com/stratosphereips/StratosphereLinuxIPS/network/updates/1160871883 (write access to the repository is required to view the log),,
bfeb66152ec18ad30d1a,26,https://github.com/stratosphereips/StratosphereLinuxIPS/actions/runs/19562958155,abc8ee4fc6ff043e477952c03db76a55cd0e9710,2025-11-21T07:12:42Z,modules/exporting_alerts/exporting_alerts.py; modules/exporting_alerts/stix_exporter.py; slips_files/common/parsers/config_parser.py; slips_files/core/evidence_handler.py,docker/Dockerfile; docker/light/Dockerfile; install/requirements.txt,,Dependabot,,Dependabot -> .github:220 — Dependabot encountered an error performing the update Error: The updater encountered one or more errors. For more information see: https://github.com/stratosphereips/StratosphereLinuxIPS/network/updates/1160871884 (write access to the repository is required to view the log),,
bfeb66152ec18ad30d1a,27,https://github.com/stratosphereips/StratosphereLinuxIPS/actions/runs/19626274323,abc8ee4fc6ff043e477952c03db76a55cd0e9710,2025-11-24T07:12:41Z,modules/exporting_alerts/exporting_alerts.py; modules/exporting_alerts/stix_exporter.py; slips_files/common/parsers/config_parser.py; slips_files/core/evidence_handler.py,docker/Dockerfile; docker/light/Dockerfile; install/requirements.txt,,Dependabot,,Dependabot -> .github:220 — Dependabot encountered an error performing the update Error: The updater encountered one or more errors. For more information see: https://github.com/stratosphereips/StratosphereLinuxIPS/network/updates/1162308748 (write access to the repository is required to view the log),,
bfeb66152ec18ad30d1a,28,https://github.com/stratosphereips/StratosphereLinuxIPS/actions/runs/19626690518,abc8ee4fc6ff043e477952c03db76a55cd0e9710,2025-11-24T07:32:52Z,modules/exporting_alerts/exporting_alerts.py; modules/exporting_alerts/stix_exporter.py; slips_files/common/parsers/config_parser.py; slips_files/core/evidence_handler.py,docker/Dockerfile; docker/light/Dockerfile; install/requirements.txt,,Dependabot,,Dependabot -> .github:220 — Dependabot encountered an error performing the update Error: The updater encountered one or more errors. For more information see: https://github.com/stratosphereips/StratosphereLinuxIPS/network/updates/1162309609 (write access to the repository is required to view the log),,
bfeb66152ec18ad30d1a,29,https://github.com/stratosphereips/StratosphereLinuxIPS/actions/runs/19661313147,abc8ee4fc6ff043e477952c03db76a55cd0e9710,2025-11-25T07:10:55Z,modules/exporting_alerts/exporting_alerts.py; modules/exporting_alerts/stix_exporter.py; slips_files/common/parsers/config_parser.py; slips_files/core/evidence_handler.py,docker/Dockerfile; docker/light/Dockerfile; install/requirements.txt,,Dependabot,,Dependabot -> .github:220 — Dependabot encountered an error performing the update Error: The updater encountered one or more errors. For more information see: https://github.com/stratosphereips/StratosphereLinuxIPS/network/updates/1164206765 (write access to the repository is required to view the log),,
bfeb66152ec18ad30d1a,30,https://github.com/stratosphereips/StratosphereLinuxIPS/actions/runs/19661313150,abc8ee4fc6ff043e477952c03db76a55cd0e9710,2025-11-25T07:10:55Z,modules/exporting_alerts/exporting_alerts.py; modules/exporting_alerts/stix_exporter.py; slips_files/common/parsers/config_parser.py; slips_files/core/evidence_handler.py,docker/Dockerfile; docker/light/Dockerfile; install/requirements.txt,,Dependabot,,Dependabot -> .github:220 — Dependabot encountered an error performing the update Error: The updater encountered one or more errors. For more information see: https://github.com/stratosphereips/StratosphereLinuxIPS/network/updates/1164206764 (write access to the repository is required to view the log),,
c089b4c446d8693ea934,1,https://github.com/stratosphereips/StratosphereLinuxIPS/actions/runs/19983807780,97c32c2bcd477561438815b950d0c2a10b8d5f2a,2025-12-06T05:21:12Z,,,,Dependabot,,Dependabot -> .github:306 — Dependabot encountered an error performing the update Error: The updater encountered one or more errors. For more information see: https://github.com/stratosphereips/StratosphereLinuxIPS/network/updates/1175846961 (write access to the repository is required to view the log),,
4e404b444372888a41b4,1,https://github.com/stratosphereips/StratosphereLinuxIPS/actions/runs/21316760038,97c32c2bcd477561438815b950d0c2a10b8d5f2a,2026-01-24T14:42:31Z,,,,Dependabot,,Dependabot -> .github:561 — Dependabot encountered an error performing the update Error: The updater encountered one or more errors. For more information see: https://github.com/stratosphereips/StratosphereLinuxIPS/network/updates/1219820176 (write access to the repository is required to view the log),,
4e404b444372888a41b4,2,https://github.com/stratosphereips/StratosphereLinuxIPS/actions/runs/21320201536,97c32c2bcd477561438815b950d0c2a10b8d5f2a,2026-01-24T19:13:53Z,,,,Dependabot,,Dependabot -> .github:580 — Dependabot encountered an error performing the update Error: The updater encountered one or more errors. For more information see: https://github.com/stratosphereips/StratosphereLinuxIPS/network/updates/1219859864 (write access to the repository is required to view the log),,
4e404b444372888a41b4,3,https://github.com/stratosphereips/StratosphereLinuxIPS/actions/runs/21331188423,97c32c2bcd477561438815b950d0c2a10b8d5f2a,2026-01-25T10:34:11Z,,,,Dependabot,,Dependabot -> .github:580 — Dependabot encountered an error performing the update Error: The updater encountered one or more errors. For more information see: https://github.com/stratosphereips/StratosphereLinuxIPS/network/updates/1219969056 (write access to the repository is required to view the log),,
c35ff3c287bcf452f144,1,https://github.com/stratosphereips/StratosphereLinuxIPS/actions/runs/22637911410,56da56c6b2ff318bf3202c8ab511dc05ca68b98e,2026-03-03T18:46:02Z,managers/process_manager.py; managers/redis_manager.py; modules/anomaly_detection_https/__init__.py; modules/anomaly_detection_https/analyze_ad_log.py; modules/anomaly_detection_https/anomaly_detection_https.py; modules/arp/arp.py; modules/arp_poisoner/arp_poisoner.py; modules/blocking/blocking.py; modules/cesnet/cesnet.py; modules/cyst/cyst.py; modules/exporting_alerts/exporting_alerts.py; modules/exporting_alerts/stix_exporter.py; modules/fidesModule/fidesModule.py; modules/fidesModule/persistence/fides_sqlite_db.py; modules/fidesModule/persistence/sqlite_db.py; modules/fidesModule/persistence/threat_intelligence_db.py; modules/fidesModule/persistence/trust_db.py; modules/flowalerts/conn.py; modules/flowalerts/flowalerts.py; modules/flowalerts/ssh.py; modules/flowmldetection/flowmldetection.py; modules/http_analyzer/http_analyzer.py; modules/ip_info/ip_info.py; modules/irisModule/irisModule.py; modules/leak_detector/leak_detector.py; modules/network_discovery/network_discovery.py; modules/p2ptrust/p2ptrust.py; modules/riskiq/riskiq.py; modules/rnn_cc_detection/rnn_cc_detection.py; modules/template/template.py; modules/threat_intelligence/threat_intelligence.py; modules/timeline/timeline.py; modules/update_manager/update_manager.py; modules/virustotal/virustotal.py; slips/main.py; slips_files/common/abstracts/iasync_module.py; slips_files/common/abstracts/icore.py; slips_files/common/abstracts/iinput_handler.py; slips_files/common/abstracts/imodule.py; slips_files/common/input_type.py; slips_files/common/parsers/arg_parser.py; slips_files/common/parsers/config_parser.py; slips_files/common/performance_profilers/_memory_profiler_example_no_import.py; slips_files/core/database/database_manager.py; slips_files/core/database/redis_db/alert_handler.py; slips_files/core/database/redis_db/cleanup_mixin.py; slips_files/core/database/redis_db/constants.py; slips_files/core/database/redis_db/database.py; slips_files/core/database/redis_db/flow_tracker_db.py; slips_files/core/database/redis_db/ioc_handler.py; slips_files/core/database/redis_db/p2p_handler.py; slips_files/core/database/redis_db/profile_handler.py; slips_files/core/database/redis_db/publisher.py; slips_files/core/database/redis_db/scan_detections_db.py; slips_files/core/database/sqlite_db/database.py; slips_files/core/evidence_handler.py; slips_files/core/flows/zeek.py; slips_files/core/helpers/checker.py; slips_files/core/helpers/localnet_cache.py; slips_files/core/input.py; slips_files/core/input/__init__.py; slips_files/core/input/binetflow/__init__.py; slips_files/core/input/binetflow/binetflow_input.py; slips_files/core/input/binetflow/binetflow_tabs_input.py; slips_files/core/input/cyst/__init__.py; slips_files/core/input/cyst/cyst_input.py; slips_files/core/input/input.py; slips_files/core/input/nfdump/__init__.py; slips_files/core/input/nfdump/nfdump_input.py; slips_files/core/input/observer_manager.py; slips_files/core/input/stdin/__init__.py; slips_files/core/input/stdin/stdin_input.py; slips_files/core/input/suricata/__init__.py; slips_files/core/input/suricata/suricata_input.py; slips_files/core/input/zeek/__init__.py; slips_files/core/input/zeek/interface_input.py; slips_files/core/input/zeek/pcap_input.py; slips_files/core/input/zeek/utils/__init__.py; slips_files/core/input/zeek/utils/zeek_file_remover.py; slips_files/core/input/zeek/utils/zeek_input_utils.py; slips_files/core/input/zeek/zeek_dir_input.py; slips_files/core/input/zeek/zeek_log_file_input.py; slips_files/core/input_profilers/zeek.py; slips_files/core/profiler.py; slips_files/core/profiler_worker.py; slips_files/core/zeek_cmd_builder.py; tests/common_test_utils.py; tests/destrctor.py; tests/integration/__init__.py; tests/integration/test_config_files.py; tests/integration/test_dataset.py; tests/integration/test_fides.py; tests/integration/test_iris.py; tests/integration/test_pcap_dataset.py; tests/integration/test_portscans.py; tests/integration/test_zeek_dataset.py; tests/integration_tests/__init__.py; tests/integration_tests/test_config_files.py; tests/integration_tests/test_dataset.py; tests/integration_tests/test_fides.py; tests/integration_tests/test_iris.py; tests/integration_tests/test_pcap_dataset.py; tests/integration_tests/test_portscans.py; tests/integration_tests/test_zeek_dataset.py; tests/module_factory.py; tests/test_alert_handler.py; tests/test_arp.py; tests/test_arp_filter.py; tests/test_arp_poisoner.py; tests/test_asn_info.py; tests/test_base_model.py; tests/test_blocking.py; tests/test_cesnet.py; tests/test_checker.py; tests/test_circllu.py; tests/test_conn.py; tests/test_daemon.py; tests/test_database.py; tests/test_dns.py; tests/test_downloaded_file.py; tests/test_evidence.py; tests/test_evidence_formatter.py; tests/test_evidence_handler.py; tests/test_evidence_logger.py; tests/test_fides_bridge.py; tests/test_fides_module.py; tests/test_fides_queues.py; tests/test_fides_sqlite_db.py; tests/test_flow_handler.py; tests/test_go_director.py; tests/test_horizontal_portscans.py; tests/test_host_ip_manager.py; tests/test_http_analyzer.py; tests/test_idea_format.py; tests/test_input.py; tests/test_ioc_handler.py; tests/test_ip_info.py; tests/test_leak_detector.py; tests/test_main.py; tests/test_markov_chain.py; tests/test_metadata_manager.py; tests/test_network_discovery.py; tests/test_notice.py; tests/test_notify.py; tests/test_output.py; tests/test_process_manager.py; tests/test_profile_handler.py; tests/test_profiler.py; tests/test_profiler_worker.py; tests/test_profilers_manager.py; tests/test_redis_manager.py; tests/test_riskiq.py; tests/test_rnn_cc_detection.py; tests/test_scan_detections_db.py; tests/test_set_evidence.py; tests/test_slips.py; tests/test_slips_utils.py; tests/test_smtp.py; tests/test_software.py; tests/test_spamhaus.py; tests/test_ssh.py; tests/test_ssl.py; tests/test_symbols_handler.py; tests/test_threat_intelligence.py; tests/test_timeline.py; tests/test_trustdb.py; tests/test_tunnel.py; tests/test_unblocker.py; tests/test_update_file_manager.py; tests/test_urlhaus.py; tests/test_vertical_portscans.py; tests/test_virustotal.py; tests/test_whitelist.py; tests/unit/__init__.py; tests/unit/common_test_utils.py; tests/unit/destrctor.py; tests/unit/managers/test_host_ip_manager.py; tests/unit/managers/test_metadata_manager.py; tests/unit/managers/test_process_manager.py; tests/unit/managers/test_profilers_manager.py; tests/unit/managers/test_redis_manager.py; tests/unit/managers/test_slips.py; tests/unit/modules/arp/test_arp.py; tests/unit/modules/arp/test_arp_filter.py; tests/unit/modules/arp_poisoner/test_arp_poisoner.py; tests/unit/modules/blocking/test_blocking.py; tests/unit/modules/blocking/test_unblocker.py; tests/unit/modules/cesnet/test_cesnet.py; tests/unit/modules/fidesModule/test_fides_bridge.py; tests/unit/modules/fidesModule/test_fides_module.py; tests/unit/modules/fidesModule/test_fides_queues.py; tests/unit/modules/fidesModule/test_fides_sqlite_db.py; tests/unit/modules/flowalerts/test_conn.py; tests/unit/modules/flowalerts/test_dns.py; tests/unit/modules/flowalerts/test_downloaded_file.py; tests/unit/modules/flowalerts/test_notice.py; tests/unit/modules/flowalerts/test_set_evidence.py; tests/unit/modules/flowalerts/test_smtp.py; tests/unit/modules/flowalerts/test_software.py; tests/unit/modules/flowalerts/test_ssh.py; tests/unit/modules/flowalerts/test_ssl.py; tests/unit/modules/flowalerts/test_tunnel.py; tests/unit/modules/http_analyzer/test_http_analyzer.py; tests/unit/modules/ip_info/test_asn_info.py; tests/unit/modules/ip_info/test_ip_info.py; tests/unit/modules/leak_detector/test_leak_detector.py; tests/unit/modules/network_discovery/test_horizontal_portscans.py; tests/unit/modules/network_discovery/test_network_discovery.py; tests/unit/modules/network_discovery/test_vertical_portscans.py; tests/unit/modules/p2ptrust/trust/test_base_model.py; tests/unit/modules/p2ptrust/trust/test_go_director.py; tests/unit/modules/p2ptrust/trust/test_trustdb.py; tests/unit/modules/riskiq/test_riskiq.py; tests/unit/modules/rnn_cc_detection/test_rnn_cc_detection.py; tests/unit/modules/threat_intelligence/test_circllu.py; tests/unit/modules/threat_intelligence/test_spamhaus.py; tests/unit/modules/threat_intelligence/test_threat_intelligence.py; tests/unit/modules/threat_intelligence/test_urlhaus.py; tests/unit/modules/timeline/test_timeline.py; tests/unit/modules/update_manager/test_update_file_manager.py; tests/unit/modules/virustotal/test_virustotal.py; tests/unit/slips/test_daemon.py; tests/unit/slips/test_main.py; tests/unit/slips_files/common/test_markov_chain.py; tests/unit/slips_files/common/test_slips_utils.py; tests/unit/slips_files/core/database/redis_db/test_alert_handler.py; tests/unit/slips_files/core/database/redis_db/test_ioc_handler.py; tests/unit/slips_files/core/database/redis_db/test_profile_handler.py; tests/unit/slips_files/core/database/redis_db/test_scan_detections_db.py; tests/unit/slips_files/core/database/test_database.py; tests/unit/slips_files/core/helpers/test_checker.py; tests/unit/slips_files/core/helpers/test_flow_handler.py; tests/unit/slips_files/core/helpers/test_notify.py; tests/unit/slips_files/core/helpers/test_symbols_handler.py; tests/unit/slips_files/core/helpers/whitelist/test_whitelist.py; tests/unit/slips_files/core/input/test_binetflow_input.py; tests/unit/slips_files/core/input/test_binetflow_tabs_input.py; tests/unit/slips_files/core/input/test_cyst_input.py; tests/unit/slips_files/core/input/test_input.py; tests/unit/slips_files/core/input/test_interface_input.py; tests/unit/slips_files/core/input/test_nfdump_input.py; tests/unit/slips_files/core/input/test_observer_manager.py; tests/unit/slips_files/core/input/test_pcap_input.py; tests/unit/slips_files/core/input/test_stdin_input.py; tests/unit/slips_files/core/input/test_suricata_input.py; tests/unit/slips_files/core/input/test_zeek_dir_input.py; tests/unit/slips_files/core/input/test_zeek_file_remover.py; tests/unit/slips_files/core/input/test_zeek_input_utils.py; tests/unit/slips_files/core/input/test_zeek_log_file_input.py; tests/unit/slips_files/core/structures/test_evidence.py; tests/unit/slips_files/core/structures/test_idea_format.py; tests/unit/slips_files/core/test_evidence_handler.py; tests/unit/slips_files/core/test_evidence_logger.py; tests/unit/slips_files/core/test_output.py; tests/unit/slips_files/core/test_profiler.py; tests/unit/slips_files/core/test_profiler_worker.py; tests/unit/slips_files/core/text_formatters/test_evidence_formatter.py; webinterface/analysis/analysis.py,.github/workflows/integration-tests.yml; .github/workflows/publish-slips-images.yml; .github/workflows/unit-tests.yml; .pre-commit-config.yaml; docker/Dockerfile; install/requirements.txt,,Dependabot,,Dependabot -> .github:531 — Dependabot encountered an error performing the update Error: The updater encountered one or more errors. For more information see: https://github.com/stratosphereips/StratosphereLinuxIPS/network/updates/1267094518 (write access to the repository is required to view the log),,
c35ff3c287bcf452f144,2,https://github.com/stratosphereips/StratosphereLinuxIPS/actions/runs/22641122172,c5e89536119d70abc26060217c295eec033e057d,2026-03-03T20:23:33Z,,install/requirements.txt,,Dependabot,,Dependabot -> .github:531 — Dependabot encountered an error performing the update Error: The updater encountered one or more errors. For more information see: https://github.com/stratosphereips/StratosphereLinuxIPS/network/updates/1267127985 (write access to the repository is required to view the log),,
0cb476f130812745b8b9,1,https://github.com/stratosphereips/StratosphereLinuxIPS/actions/runs/23337837621,195d32fd71cb0517df6bf0c9b81aa40fd233cdfe,2026-03-20T09:58:51Z,managers/redis_manager.py; modules/anomaly_detection_https/analyze_ad_log.py; modules/anomaly_detection_https/analyze_alerts_json.py; modules/anomaly_detection_https/anomaly_detection_https.py; slips_files/common/parsers/config_parser.py; slips_files/core/database/redis_db/database.py; slips_files/core/input_profilers/zeek.py; tests/unit/managers/test_redis_manager.py; tests/unit/modules/anomaly_detection_https/test_anomaly_detection_https.py; tests/unit/slips_files/core/database/redis_db/test_alert_handler.py; tests/unit/slips_files/core/database/test_database.py,docker/dependency_image_for_CI/Dockerfile; install/requirements.txt,,Dependabot,,Dependabot -> .github:531 — Dependabot encountered an error performing the update Error: The updater encountered one or more errors. For more information see: https://github.com/stratosphereips/StratosphereLinuxIPS/network/updates/1286539887 (write access to the repository is required to view the log),,
0cb476f130812745b8b9,2,https://github.com/stratosphereips/StratosphereLinuxIPS/actions/runs/24224728684,9a2af634ddb8507518345767f1bab4a4a9413980,2026-04-10T03:24:57Z,,.github/workflows/update-code-docs.yml,,Dependabot,,Dependabot -> .github:539 — Dependabot encountered an error performing the update Error: The updater encountered one or more errors. For more information see: https://github.com/stratosphereips/StratosphereLinuxIPS/network/updates/1316526906 (write access to the repository is required to view the log),,
0cb476f130812745b8b9,3,https://github.com/stratosphereips/StratosphereLinuxIPS/actions/runs/24228058478,9a2af634ddb8507518345767f1bab4a4a9413980,2026-04-10T05:30:13Z,,.github/workflows/update-code-docs.yml,,Dependabot,,Dependabot -> .github:531 — Dependabot encountered an error performing the update Error: The updater encountered one or more errors. For more information see: https://github.com/stratosphereips/StratosphereLinuxIPS/network/updates/1316753705 (write access to the repository is required to view the log),,
0cb476f130812745b8b9,4,https://github.com/stratosphereips/StratosphereLinuxIPS/actions/runs/24229455694,9a2af634ddb8507518345767f1bab4a4a9413980,2026-04-10T06:18:42Z,,.github/workflows/update-code-docs.yml,,Dependabot,,Dependabot -> .github:539 — Dependabot encountered an error performing the update Error: The updater encountered one or more errors. For more information see: https://github.com/stratosphereips/StratosphereLinuxIPS/network/updates/1316816458 (write access to the repository is required to view the log),,
0cb476f130812745b8b9,5,https://github.com/stratosphereips/StratosphereLinuxIPS/actions/runs/24229778596,9a2af634ddb8507518345767f1bab4a4a9413980,2026-04-10T06:29:08Z,,.github/workflows/update-code-docs.yml,,Dependabot,,Dependabot -> .github:531 — Dependabot encountered an error performing the update Error: The updater encountered one or more errors. For more information see: https://github.com/stratosphereips/StratosphereLinuxIPS/network/updates/1316838086 (write access to the repository is required to view the log),,
949336fb69e76aa6e20a,1,https://github.com/stratosphereips/StratosphereLinuxIPS/actions/runs/24945294529,9a2af634ddb8507518345767f1bab4a4a9413980,2026-04-26T01:30:06Z,,.github/workflows/update-code-docs.yml,,Dependabot,Dependabot -> Run Dependabot,Dependabot -> .github:314 — Dependabot encountered an error performing the update Error: The updater encountered one or more errors. For more information see: https://github.com/stratosphereips/StratosphereLinuxIPS/network/updates/1337354038 (write access to the repository is required to view the log),,
949336fb69e76aa6e20a,2,https://github.com/stratosphereips/StratosphereLinuxIPS/actions/runs/25174137563,5857dd313b7cc8fed28f2fe60ad86e1c2043997c,2026-04-30T15:28:05Z,conftest.py; managers/ap_manager.py; managers/metadata_manager.py; managers/process_manager.py; managers/redis_manager.py; managers/ui_manager.py; managers/update_manager.py; modules/anomaly_detection_https/anomaly_detection_https.py; modules/arp/arp.py; modules/arp/filter.py; modules/arp_poisoner/arp_poisoner.py; modules/blocking/blocking.py; modules/brute_force_detector/__init__.py; modules/brute_force_detector/brute_force_detector.py; modules/bruteforcing/__init__.py; modules/bruteforcing/bruteforcing.py; modules/cesnet/cesnet.py; modules/cesnet/warden_client.py; modules/cyst/cyst.py; modules/exporting_alerts/exporting_alerts.py; modules/exporting_alerts/stix_exporter.py; modules/feeds_update_manager/__init__.py; modules/feeds_update_manager/feeds_update_manager.py; modules/feeds_update_manager/timer_manager.py; modules/fides/__init__.py; modules/fides/evaluation/__init__.py; modules/fides/evaluation/discount_factor.py; modules/fides/evaluation/recommendation/__init__.py; modules/fides/evaluation/recommendation/new_history.py; modules/fides/evaluation/recommendation/peer_update.py; modules/fides/evaluation/recommendation/process.py; modules/fides/evaluation/recommendation/selection.py; modules/fides/evaluation/service/__init__.py; modules/fides/evaluation/service/interaction.py; modules/fides/evaluation/service/peer_update.py; modules/fides/evaluation/service/process.py; modules/fides/evaluation/ti_aggregation.py; modules/fides/evaluation/ti_evaluation.py; modules/fides/fides.py; modules/fides/messaging/__init__.py; modules/fides/messaging/dacite/__init__.py; modules/fides/messaging/dacite/cache.py; modules/fides/messaging/dacite/config.py; modules/fides/messaging/dacite/core.py; modules/fides/messaging/dacite/data.py; modules/fides/messaging/dacite/dataclasses.py; modules/fides/messaging/dacite/exceptions.py; modules/fides/messaging/dacite/frozen_dict.py; modules/fides/messaging/dacite/types.py; modules/fides/messaging/message_handler.py; modules/fides/messaging/model.py; modules/fides/messaging/network_bridge.py; modules/fides/messaging/queue.py; modules/fides/messaging/queue_in_memory.py; modules/fides/messaging/redis_simplex_queue.py; modules/fides/model/__init__.py; modules/fides/model/alert.py; modules/fides/model/aliases.py; modules/fides/model/configuration.py; modules/fides/model/peer.py; modules/fides/model/peer_trust_data.py; modules/fides/model/recommendation.py; modules/fides/model/recommendation_history.py; modules/fides/model/service_history.py; modules/fides/model/threat_intelligence.py; modules/fides/originals/__init__.py; modules/fides/originals/abstracts.py; modules/fides/originals/database.py; modules/fides/persistence/__init__.py; modules/fides/persistence/fides_sqlite_db.py; modules/fides/persistence/threat_intelligence.py; modules/fides/persistence/threat_intelligence_db.py; modules/fides/persistence/trust.py; modules/fides/persistence/trust_db.py; modules/fides/protocols/__init__.py; modules/fides/protocols/alert.py; modules/fides/protocols/initial_trusl.py; modules/fides/protocols/opinion.py; modules/fides/protocols/peer_list.py; modules/fides/protocols/protocol.py; modules/fides/protocols/recommendation.py; modules/fides/protocols/threat_intelligence.py; modules/fides/utils/__init__.py; modules/fides/utils/logger.py; modules/fides/utils/time.py; modules/fidesModule/__init__.py; modules/fidesModule/evaluation/__init__.py; modules/fidesModule/evaluation/discount_factor.py; modules/fidesModule/evaluation/recommendation/__init__.py; modules/fidesModule/evaluation/recommendation/new_history.py; modules/fidesModule/evaluation/recommendation/peer_update.py; modules/fidesModule/evaluation/recommendation/process.py; modules/fidesModule/evaluation/recommendation/selection.py; modules/fidesModule/evaluation/service/__init__.py; modules/fidesModule/evaluation/service/interaction.py; modules/fidesModule/evaluation/service/peer_update.py; modules/fidesModule/evaluation/service/process.py; modules/fidesModule/evaluation/ti_aggregation.py; modules/fidesModule/evaluation/ti_evaluation.py; modules/fidesModule/fidesModule.py; modules/fidesModule/messaging/__init__.py; modules/fidesModule/messaging/dacite/__init__.py; modules/fidesModule/messaging/dacite/cache.py; modules/fidesModule/messaging/dacite/config.py; modules/fidesModule/messaging/dacite/core.py; modules/fidesModule/messaging/dacite/data.py; modules/fidesModule/messaging/dacite/dataclasses.py; modules/fidesModule/messaging/dacite/exceptions.py; modules/fidesModule/messaging/dacite/frozen_dict.py; modules/fidesModule/messaging/dacite/types.py; modules/fidesModule/messaging/message_handler.py; modules/fidesModule/messaging/model.py; modules/fidesModule/messaging/network_bridge.py; modules/fidesModule/messaging/queue.py; modules/fidesModule/messaging/queue_in_memory.py; modules/fidesModule/messaging/redis_simplex_queue.py; modules/fidesModule/model/__init__.py; modules/fidesModule/model/alert.py; modules/fidesModule/model/aliases.py; modules/fidesModule/model/configuration.py; modules/fidesModule/model/peer.py; modules/fidesModule/model/peer_trust_data.py; modules/fidesModule/model/recommendation.py; modules/fidesModule/model/recommendation_history.py; modules/fidesModule/model/service_history.py; modules/fidesModule/model/threat_intelligence.py; modules/fidesModule/originals/__init__.py; modules/fidesModule/originals/abstracts.py; modules/fidesModule/originals/database.py; modules/fidesModule/persistence/__init__.py; modules/fidesModule/persistence/fides_sqlite_db.py; modules/fidesModule/persistence/threat_intelligence.py; modules/fidesModule/persistence/threat_intelligence_db.py; modules/fidesModule/persistence/trust.py; modules/fidesModule/persistence/trust_db.py; modules/fidesModule/protocols/__init__.py; modules/fidesModule/protocols/alert.py; modules/fidesModule/protocols/initial_trusl.py; modules/fidesModule/protocols/opinion.py; modules/fidesModule/protocols/peer_list.py; modules/fidesModule/protocols/protocol.py; modules/fidesModule/protocols/recommendation.py; modules/fidesModule/protocols/threat_intelligence.py; modules/fidesModule/utils/__init__.py; modules/fidesModule/utils/logger.py; modules/fidesModule/utils/time.py; modules/flow_alerts/__init__.py; modules/flow_alerts/conn.py; modules/flow_alerts/dns.py; modules/flow_alerts/downloaded_file.py; modules/flow_alerts/flow_alerts.py; modules/flow_alerts/notice.py; modules/flow_alerts/set_evidence.py; modules/flow_alerts/smtp.py; modules/flow_alerts/software.py; modules/flow_alerts/ssh.py; modules/flow_alerts/ssl.py; modules/flow_alerts/timer_thread.py; modules/flow_alerts/tunnel.py; modules/flow_ml_detection/__init__.py; modules/flow_ml_detection/flow_ml_detection.py; modules/flowalerts/__init__.py; modules/flowalerts/conn.py; modules/flowalerts/dns.py; modules/flowalerts/downloaded_file.py; modules/flowalerts/flowalerts.py; modules/flowalerts/notice.py; modules/flowalerts/set_evidence.py; modules/flowalerts/smtp.py; modules/flowalerts/software.py; modules/flowalerts/ssh.py; modules/flowalerts/ssl.py; modules/flowalerts/timer_thread.py; modules/flowalerts/tunnel.py; modules/flowmldetection/__init__.py; modules/flowmldetection/flowmldetection.py; modules/http_analyzer/http_analyzer.py; modules/ip_info/asn_info.py; modules/ip_info/ip_info.py; modules/iris/__init__.py; modules/iris/iris.py; modules/irisModule/__init__.py; modules/irisModule/irisModule.py; modules/leak_detector/leak_detector.py; modules/network_discovery/network_discovery.py; modules/p2p_trust/__init__.py; modules/p2p_trust/p2p_trust.py; modules/p2p_trust/testing/__init__.py; modules/p2p_trust/testing/json_data.py; modules/p2p_trust/trust/__init__.py; modules/p2p_trust/trust/base_model.py; modules/p2p_trust/trust/model.py; modules/p2p_trust/trust/trustdb.py; modules/p2p_trust/utils/__init__.py; modules/p2p_trust/utils/go_director.py; modules/p2p_trust/utils/utils.py; modules/p2ptrust/__init__.py; modules/p2ptrust/p2ptrust.py; modules/p2ptrust/testing/__init__.py; modules/p2ptrust/testing/json_data.py; modules/p2ptrust/testing/test_p2p.py; modules/p2ptrust/trust/__init__.py; modules/p2ptrust/trust/base_model.py; modules/p2ptrust/trust/model.py; modules/p2ptrust/trust/trustdb.py; modules/p2ptrust/utils/__init__.py; modules/p2ptrust/utils/go_director.py; modules/p2ptrust/utils/utils.py; modules/risk_iq/__init__.py; modules/risk_iq/risk_iq.py; modules/riskiq/__init__.py; modules/riskiq/riskiq.py; modules/rnn_cc_detection/rnn_cc_detection.py; modules/template/template.py; modules/threat_intelligence/circl_lu.py; modules/threat_intelligence/spamhaus.py; modules/threat_intelligence/threat_intelligence.py; modules/threat_intelligence/urlhaus.py; modules/timeline/timeline.py; modules/update_manager/__init__.py; modules/update_manager/timer_manager.py; modules/update_manager/update_manager.py; modules/virustotal/virustotal.py; slips/daemon.py; slips/main.py; slips_files/common/abstracts/iasync_module.py; slips_files/common/abstracts/icore.py; slips_files/common/abstracts/iexporter.py; slips_files/common/abstracts/iflowalerts_analyzer.py; slips_files/common/abstracts/imodule.py; slips_files/common/idmefv2.py; slips_files/common/output_paths.py; slips_files/common/parsers/arg_parser.py; slips_files/common/parsers/config_parser.py; slips_files/common/performance_profilers/memory_profiler.py; slips_files/common/slips_utils.py; slips_files/core/aid_manager.py; slips_files/core/database/database_manager.py; slips_files/core/database/redis_db/alert_handler.py; slips_files/core/database/redis_db/cleanup_mixin.py; slips_files/core/database/redis_db/constants.py; slips_files/core/database/redis_db/database.py; slips_files/core/database/redis_db/flow_tracker_db.py; slips_files/core/database/redis_db/ioc_handler.py; slips_files/core/database/redis_db/p2p_handler.py; slips_files/core/database/redis_db/profile_handler.py; slips_files/core/database/redis_db/scan_detections_db.py; slips_files/core/database/redis_db/timewindow_updater_thread/tw_updater.py; slips_files/core/database/sqlite_db/database.py; slips_files/core/evidence_handler.py; slips_files/core/evidence_handler_worker.py; slips_files/core/evidence_logger.py; slips_files/core/helpers/bloom_filters_manager.py; slips_files/core/helpers/checker.py; slips_files/core/helpers/filemonitor.py; slips_files/core/helpers/symbols_handler.py; slips_files/core/helpers/whitelist/whitelist.py; slips_files/core/helpers/whitelist/whitelist_parser.py; slips_files/core/input/cyst/cyst_input.py; slips_files/core/input/input.py; slips_files/core/input/zeek/interface_input.py; slips_files/core/input/zeek/pcap_input.py; slips_files/core/input/zeek/utils/dos_protector.py; slips_files/core/input/zeek/utils/zeek_file_remover.py; slips_files/core/input/zeek/utils/zeek_input_utils.py; slips_files/core/input/zeek/zeek_dir_input.py; slips_files/core/output.py; slips_files/core/profiler.py; slips_files/core/profiler_worker.py; slips_files/core/text_formatters/evidence_formatter.py; slips_files/core/zeek_cmd_builder.py; tests/common_test_utils.py; tests/integration/conftest.py; tests/integration/test_config_files.py; tests/integration/test_config_files/__init__.py; tests/integration/test_config_files/test_config_files.py; tests/integration/test_dataset.py; tests/integration/test_dataset/__init__.py; tests/integration/test_dataset/test_dataset.py; tests/integration/test_fides.py; tests/integration/test_fides/__init__.py; tests/integration/test_fides/test_fides.py; tests/integration/test_iris.py; tests/integration/test_iris/__init__.py; tests/integration/test_iris/test_iris.py; tests/integration/test_pcap_dataset.py; tests/integration/test_pcap_dataset/__init__.py; tests/integration/test_pcap_dataset/test_pcap_dataset.py; tests/integration/test_portscans.py; tests/integration/test_portscans/__init__.py; tests/integration/test_portscans/test_portscans.py; tests/integration/test_zeek_dataset.py; tests/integration/test_zeek_dataset/__init__.py; tests/integration/test_zeek_dataset/test_zeek_dataset.py; tests/module_factory.py; tests/unit/destrctor.py; tests/unit/managers/test_process_manager.py; tests/unit/managers/test_redis_manager.py; tests/unit/managers/test_slips.py; tests/unit/managers/test_update_manager.py; tests/unit/modules/anomaly_detection_https/test_anomaly_detection_https.py; tests/unit/modules/arp/test_arp_filter.py; tests/unit/modules/arp_poisoner/test_arp_poisoner.py; tests/unit/modules/blocking/test_blocking.py; tests/unit/modules/brute_force_detector/test_brute_force_detector.py; tests/unit/modules/bruteforcing/test_bruteforcing.py; tests/unit/modules/fides/test_fides_bridge.py; tests/unit/modules/fides/test_fides_module.py; tests/unit/modules/fides/test_fides_queues.py; tests/unit/modules/fides/test_fides_sqlite_db.py; tests/unit/modules/fidesModule/test_fides_bridge.py; tests/unit/modules/fidesModule/test_fides_module.py; tests/unit/modules/fidesModule/test_fides_queues.py; tests/unit/modules/fidesModule/test_fides_sqlite_db.py; tests/unit/modules/flow_alerts/test_conn.py; tests/unit/modules/flow_alerts/test_dns.py; tests/unit/modules/flow_alerts/test_downloaded_file.py; tests/unit/modules/flow_alerts/test_notice.py; tests/unit/modules/flow_alerts/test_set_evidence.py; tests/unit/modules/flow_alerts/test_smtp.py; tests/unit/modules/flow_alerts/test_software.py; tests/unit/modules/flow_alerts/test_ssh.py; tests/unit/modules/flow_alerts/test_ssl.py; tests/unit/modules/flow_alerts/test_tunnel.py; tests/unit/modules/flowalerts/test_conn.py; tests/unit/modules/flowalerts/test_dns.py; tests/unit/modules/flowalerts/test_downloaded_file.py; tests/unit/modules/flowalerts/test_notice.py; tests/unit/modules/flowalerts/test_set_evidence.py; tests/unit/modules/flowalerts/test_smtp.py; tests/unit/modules/flowalerts/test_software.py; tests/unit/modules/flowalerts/test_ssh.py; tests/unit/modules/flowalerts/test_ssl.py; tests/unit/modules/flowalerts/test_tunnel.py; tests/unit/modules/ip_info/test_asn_info.py; tests/unit/modules/p2p_trust/trust/test_base_model.py; tests/unit/modules/p2p_trust/trust/test_go_director.py; tests/unit/modules/p2p_trust/trust/test_trustdb.py; tests/unit/modules/p2ptrust/trust/test_base_model.py; tests/unit/modules/p2ptrust/trust/test_go_director.py; tests/unit/modules/p2ptrust/trust/test_trustdb.py; tests/unit/modules/risk_iq/test_risk_iq.py; tests/unit/modules/riskiq/test_riskiq.py; tests/unit/modules/rnn_cc_detection/test_rnn_cc_detection.py; tests/unit/modules/update_manager/test_update_file_manager.py; tests/unit/slips/test_daemon.py; tests/unit/slips/test_main.py; tests/unit/slips_files/common/abstracts/test_imodule.py; tests/unit/slips_files/common/test_output_paths.py; tests/unit/slips_files/common/test_slips_utils.py; tests/unit/slips_files/core/database/test_database.py; tests/unit/slips_files/core/helpers/test_bloom_filters_manager.py; tests/unit/slips_files/core/helpers/test_checker.py; tests/unit/slips_files/core/helpers/whitelist/test_whitelist.py; tests/unit/slips_files/core/input/test_dos_protector.py; tests/unit/slips_files/core/input/test_input.py; tests/unit/slips_files/core/input/test_interface_input.py; tests/unit/slips_files/core/input/test_pcap_input.py; tests/unit/slips_files/core/input/test_zeek_file_remover.py; tests/unit/slips_files/core/input/test_zeek_input_utils.py; tests/unit/slips_files/core/test_evidence_handler.py; tests/unit/slips_files/core/test_evidence_handler_worker.py; tests/unit/slips_files/core/test_profiler.py; tests/unit/slips_files/core/test_profiler_worker.py; tests/unit/slips_files/core/text_formatters/test_evidence_formatter.py; webinterface/analysis/analysis.py,.github/workflows/create-a-new-release.yml; .github/workflows/integration-tests.yml; docker/Dockerfile; docker/dependency_image_for_CI/Dockerfile; docker/light/Dockerfile; install/requirements.txt,,Dependabot,Dependabot -> Run Dependabot,Dependabot -> .github:200 — Dependabot encountered an error performing the update Error: The updater encountered one or more errors. For more information see: https://github.com/stratosphereips/StratosphereLinuxIPS/network/updates/1343127724 (write access to the repository is required to view the log),,
eca21617fd7c66de8a09,1,https://github.com/stratosphereips/StratosphereLinuxIPS/actions/runs/25555806561,0326e1e73feaf5976699c8f70c7c9a30c5d16f2b,2026-05-08T12:34:26Z,,docker/Dockerfile,,Dependabot,Dependabot -> Run Dependabot,Dependabot -> .github:200 — Dependabot encountered an error performing the update Error: The updater encountered one or more errors. For more information see: https://github.com/stratosphereips/StratosphereLinuxIPS/network/updates/1355565979 (write access to the repository is required to view the log),,
f3bd1f130f22056b75ab,1,https://github.com/stratosphereips/StratosphereLinuxIPS/actions/runs/25689968615,0326e1e73feaf5976699c8f70c7c9a30c5d16f2b,2026-05-11T18:41:17Z,,docker/Dockerfile,,Dependabot,Dependabot -> Run Dependabot,Dependabot -> .github:204 — Dependabot encountered an error performing the update Error: The updater encountered one or more errors. For more information see: https://github.com/stratosphereips/StratosphereLinuxIPS/network/updates/1360374825 (write access to the repository is required to view the log),,
f3bd1f130f22056b75ab,2,https://github.com/stratosphereips/StratosphereLinuxIPS/actions/runs/25698618651,0326e1e73feaf5976699c8f70c7c9a30c5d16f2b,2026-05-11T21:33:27Z,,docker/Dockerfile,,Dependabot,Dependabot -> Run Dependabot,Dependabot -> .github:204 — Dependabot encountered an error performing the update Error: The updater encountered one or more errors. For more information see: https://github.com/stratosphereips/StratosphereLinuxIPS/network/updates/1360764598 (write access to the repository is required to view the log),,
f3bd1f130f22056b75ab,3,https://github.com/stratosphereips/StratosphereLinuxIPS/actions/runs/25753344082,0326e1e73feaf5976699c8f70c7c9a30c5d16f2b,2026-05-12T18:13:05Z,,docker/Dockerfile,,Dependabot,Dependabot -> Run Dependabot,Dependabot -> .github:204 — Dependabot encountered an error performing the update Error: The updater encountered one or more errors. For more information see: https://github.com/stratosphereips/StratosphereLinuxIPS/network/updates/1363457113 (write access to the repository is required to view the log),,
f3bd1f130f22056b75ab,4,https://github.com/stratosphereips/StratosphereLinuxIPS/actions/runs/30042906419,330dd01e0dc862cd49554f689e24ef56339e3666,2026-07-23T20:38:04Z,modules/exporting_alerts/stix_exporter.py; modules/feeds_update_manager/feed_update_policy_mixin.py; modules/flow_alerts/conn.py; modules/flow_alerts/dns.py; modules/flow_alerts/utils.py; modules/http_analyzer/http_analyzer.py; modules/ip_info/ip_info.py; slips/main.py; slips_files/common/abstracts/iasync_module.py; slips_files/common/idmefv2.py; slips_files/common/slips_utils.py; slips_files/core/database/database_manager.py; slips_files/core/database/redis_db/constants.py; slips_files/core/database/redis_db/database.py; slips_files/core/database/redis_db/profile_handler.py; slips_files/core/evidence_handler_worker.py; slips_files/core/helpers/localnet_handler.py; slips_files/core/input/zeek/utils/zeek_input_utils.py; slips_files/core/input_profilers/zeek_to_slips_maps.py; slips_files/core/profiler_worker.py; slips_files/core/structures/evidence.py; tests/module_factory.py; tests/unit/modules/flow_alerts/test_conn.py; tests/unit/modules/flow_alerts/test_dns.py; tests/unit/modules/flow_alerts/test_utils.py; tests/unit/modules/ip_info/test_ip_info.py; tests/unit/modules/update_manager/test_update_file_manager.py; tests/unit/slips/test_daemon.py; tests/unit/slips_files/common/abstracts/test_iasync_module.py; tests/unit/slips_files/common/test_idmefv2.py; tests/unit/slips_files/core/database/test_database.py; tests/unit/slips_files/core/helpers/test_localnet_handler.py; tests/unit/slips_files/core/input/test_zeek_input_profiler.py; tests/unit/slips_files/core/input/test_zeek_input_utils.py; tests/unit/slips_files/core/test_profiler_worker.py; webinterface/app.py,.github/workflows/create-a-new-release.yml; .github/workflows/dockerfile-pr-tests.yml; .github/workflows/integration-tests.yml; .github/workflows/monthly-develop-to-master-pr.yml; .github/workflows/publish-slips-images.yml; .github/workflows/test-suite.yml; .github/workflows/unit-tests.yml; docker/Dockerfile; install/requirements.txt,,Dependabot,Dependabot -> Run Dependabot,Dependabot -> Dependabot encountered an error performing the update,,
8fba04beeee7bf6d2cf0,1,https://github.com/stratosphereips/StratosphereLinuxIPS/actions/runs/30088050983,330dd01e0dc862cd49554f689e24ef56339e3666,2026-07-24T10:59:28Z,modules/exporting_alerts/stix_exporter.py; modules/feeds_update_manager/feed_update_policy_mixin.py; modules/flow_alerts/conn.py; modules/flow_alerts/dns.py; modules/flow_alerts/utils.py; modules/http_analyzer/http_analyzer.py; modules/ip_info/ip_info.py; slips/main.py; slips_files/common/abstracts/iasync_module.py; slips_files/common/idmefv2.py; slips_files/common/slips_utils.py; slips_files/core/database/database_manager.py; slips_files/core/database/redis_db/constants.py; slips_files/core/database/redis_db/database.py; slips_files/core/database/redis_db/profile_handler.py; slips_files/core/evidence_handler_worker.py; slips_files/core/helpers/localnet_handler.py; slips_files/core/input/zeek/utils/zeek_input_utils.py; slips_files/core/input_profilers/zeek_to_slips_maps.py; slips_files/core/profiler_worker.py; slips_files/core/structures/evidence.py; tests/module_factory.py; tests/unit/modules/flow_alerts/test_conn.py; tests/unit/modules/flow_alerts/test_dns.py; tests/unit/modules/flow_alerts/test_utils.py; tests/unit/modules/ip_info/test_ip_info.py; tests/unit/modules/update_manager/test_update_file_manager.py; tests/unit/slips/test_daemon.py; tests/unit/slips_files/common/abstracts/test_iasync_module.py; tests/unit/slips_files/common/test_idmefv2.py; tests/unit/slips_files/core/database/test_database.py; tests/unit/slips_files/core/helpers/test_localnet_handler.py; tests/unit/slips_files/core/input/test_zeek_input_profiler.py; tests/unit/slips_files/core/input/test_zeek_input_utils.py; tests/unit/slips_files/core/test_profiler_worker.py; webinterface/app.py,.github/workflows/create-a-new-release.yml; .github/workflows/dockerfile-pr-tests.yml; .github/workflows/integration-tests.yml; .github/workflows/monthly-develop-to-master-pr.yml; .github/workflows/publish-slips-images.yml; .github/workflows/test-suite.yml; .github/workflows/unit-tests.yml; docker/Dockerfile; install/requirements.txt,,Dependabot,Dependabot -> Run Dependabot,Dependabot -> Dependabot encountered an error performing the update,,
45d59652839f238a51bf,1,https://github.com/stratosphereips/StratosphereLinuxIPS/actions/runs/30343281369,330dd01e0dc862cd49554f689e24ef56339e3666,2026-07-28T08:39:41Z,modules/exporting_alerts/stix_exporter.py; modules/feeds_update_manager/feed_update_policy_mixin.py; modules/flow_alerts/conn.py; modules/flow_alerts/dns.py; modules/flow_alerts/utils.py; modules/http_analyzer/http_analyzer.py; modules/ip_info/ip_info.py; slips/main.py; slips_files/common/abstracts/iasync_module.py; slips_files/common/idmefv2.py; slips_files/common/slips_utils.py; slips_files/core/database/database_manager.py; slips_files/core/database/redis_db/constants.py; slips_files/core/database/redis_db/database.py; slips_files/core/database/redis_db/profile_handler.py; slips_files/core/evidence_handler_worker.py; slips_files/core/helpers/localnet_handler.py; slips_files/core/input/zeek/utils/zeek_input_utils.py; slips_files/core/input_profilers/zeek_to_slips_maps.py; slips_files/core/profiler_worker.py; slips_files/core/structures/evidence.py; tests/module_factory.py; tests/unit/modules/flow_alerts/test_conn.py; tests/unit/modules/flow_alerts/test_dns.py; tests/unit/modules/flow_alerts/test_utils.py; tests/unit/modules/ip_info/test_ip_info.py; tests/unit/modules/update_manager/test_update_file_manager.py; tests/unit/slips/test_daemon.py; tests/unit/slips_files/common/abstracts/test_iasync_module.py; tests/unit/slips_files/common/test_idmefv2.py; tests/unit/slips_files/core/database/test_database.py; tests/unit/slips_files/core/helpers/test_localnet_handler.py; tests/unit/slips_files/core/input/test_zeek_input_profiler.py; tests/unit/slips_files/core/input/test_zeek_input_utils.py; tests/unit/slips_files/core/test_profiler_worker.py; webinterface/app.py,.github/workflows/create-a-new-release.yml; .github/workflows/dockerfile-pr-tests.yml; .github/workflows/integration-tests.yml; .github/workflows/monthly-develop-to-master-pr.yml; .github/workflows/publish-slips-images.yml; .github/workflows/test-suite.yml; .github/workflows/unit-tests.yml; docker/Dockerfile; install/requirements.txt,,Dependabot,Dependabot -> Run Dependabot,Dependabot -> Dependabot encountered an error performing the update,,
45d59652839f238a51bf,2,https://github.com/stratosphereips/StratosphereLinuxIPS/actions/runs/30344452881,330dd01e0dc862cd49554f689e24ef56339e3666,2026-07-28T08:56:32Z,modules/exporting_alerts/stix_exporter.py; modules/feeds_update_manager/feed_update_policy_mixin.py; modules/flow_alerts/conn.py; modules/flow_alerts/dns.py; modules/flow_alerts/utils.py; modules/http_analyzer/http_analyzer.py; modules/ip_info/ip_info.py; slips/main.py; slips_files/common/abstracts/iasync_module.py; slips_files/common/idmefv2.py; slips_files/common/slips_utils.py; slips_files/core/database/database_manager.py; slips_files/core/database/redis_db/constants.py; slips_files/core/database/redis_db/database.py; slips_files/core/database/redis_db/profile_handler.py; slips_files/core/evidence_handler_worker.py; slips_files/core/helpers/localnet_handler.py; slips_files/core/input/zeek/utils/zeek_input_utils.py; slips_files/core/input_profilers/zeek_to_slips_maps.py; slips_files/core/profiler_worker.py; slips_files/core/structures/evidence.py; tests/module_factory.py; tests/unit/modules/flow_alerts/test_conn.py; tests/unit/modules/flow_alerts/test_dns.py; tests/unit/modules/flow_alerts/test_utils.py; tests/unit/modules/ip_info/test_ip_info.py; tests/unit/modules/update_manager/test_update_file_manager.py; tests/unit/slips/test_daemon.py; tests/unit/slips_files/common/abstracts/test_iasync_module.py; tests/unit/slips_files/common/test_idmefv2.py; tests/unit/slips_files/core/database/test_database.py; tests/unit/slips_files/core/helpers/test_localnet_handler.py; tests/unit/slips_files/core/input/test_zeek_input_profiler.py; tests/unit/slips_files/core/input/test_zeek_input_utils.py; tests/unit/slips_files/core/test_profiler_worker.py; webinterface/app.py,.github/workflows/create-a-new-release.yml; .github/workflows/dockerfile-pr-tests.yml; .github/workflows/integration-tests.yml; .github/workflows/monthly-develop-to-master-pr.yml; .github/workflows/publish-slips-images.yml; .github/workflows/test-suite.yml; .github/workflows/unit-tests.yml; docker/Dockerfile; install/requirements.txt,,Dependabot,Dependabot -> Run Dependabot,Dependabot -> Dependabot encountered an error performing the update,,
45d59652839f238a51bf,3,https://github.com/stratosphereips/StratosphereLinuxIPS/actions/runs/30344573334,330dd01e0dc862cd49554f689e24ef56339e3666,2026-07-28T08:58:14Z,modules/exporting_alerts/stix_exporter.py; modules/feeds_update_manager/feed_update_policy_mixin.py; modules/flow_alerts/conn.py; modules/flow_alerts/dns.py; modules/flow_alerts/utils.py; modules/http_analyzer/http_analyzer.py; modules/ip_info/ip_info.py; slips/main.py; slips_files/common/abstracts/iasync_module.py; slips_files/common/idmefv2.py; slips_files/common/slips_utils.py; slips_files/core/database/database_manager.py; slips_files/core/database/redis_db/constants.py; slips_files/core/database/redis_db/database.py; slips_files/core/database/redis_db/profile_handler.py; slips_files/core/evidence_handler_worker.py; slips_files/core/helpers/localnet_handler.py; slips_files/core/input/zeek/utils/zeek_input_utils.py; slips_files/core/input_profilers/zeek_to_slips_maps.py; slips_files/core/profiler_worker.py; slips_files/core/structures/evidence.py; tests/module_factory.py; tests/unit/modules/flow_alerts/test_conn.py; tests/unit/modules/flow_alerts/test_dns.py; tests/unit/modules/flow_alerts/test_utils.py; tests/unit/modules/ip_info/test_ip_info.py; tests/unit/modules/update_manager/test_update_file_manager.py; tests/unit/slips/test_daemon.py; tests/unit/slips_files/common/abstracts/test_iasync_module.py; tests/unit/slips_files/common/test_idmefv2.py; tests/unit/slips_files/core/database/test_database.py; tests/unit/slips_files/core/helpers/test_localnet_handler.py; tests/unit/slips_files/core/input/test_zeek_input_profiler.py; tests/unit/slips_files/core/input/test_zeek_input_utils.py; tests/unit/slips_files/core/test_profiler_worker.py; webinterface/app.py,.github/workflows/create-a-new-release.yml; .github/workflows/dockerfile-pr-tests.yml; .github/workflows/integration-tests.yml; .github/workflows/monthly-develop-to-master-pr.yml; .github/workflows/publish-slips-images.yml; .github/workflows/test-suite.yml; .github/workflows/unit-tests.yml; docker/Dockerfile; install/requirements.txt,,Dependabot,Dependabot -> Run Dependabot,Dependabot -> Dependabot encountered an error performing the update,,
45d59652839f238a51bf,4,https://github.com/stratosphereips/StratosphereLinuxIPS/actions/runs/30370145700,330dd01e0dc862cd49554f689e24ef56339e3666,2026-07-28T14:47:54Z,modules/exporting_alerts/stix_exporter.py; modules/feeds_update_manager/feed_update_policy_mixin.py; modules/flow_alerts/conn.py; modules/flow_alerts/dns.py; modules/flow_alerts/utils.py; modules/http_analyzer/http_analyzer.py; modules/ip_info/ip_info.py; slips/main.py; slips_files/common/abstracts/iasync_module.py; slips_files/common/idmefv2.py; slips_files/common/slips_utils.py; slips_files/core/database/database_manager.py; slips_files/core/database/redis_db/constants.py; slips_files/core/database/redis_db/database.py; slips_files/core/database/redis_db/profile_handler.py; slips_files/core/evidence_handler_worker.py; slips_files/core/helpers/localnet_handler.py; slips_files/core/input/zeek/utils/zeek_input_utils.py; slips_files/core/input_profilers/zeek_to_slips_maps.py; slips_files/core/profiler_worker.py; slips_files/core/structures/evidence.py; tests/module_factory.py; tests/unit/modules/flow_alerts/test_conn.py; tests/unit/modules/flow_alerts/test_dns.py; tests/unit/modules/flow_alerts/test_utils.py; tests/unit/modules/ip_info/test_ip_info.py; tests/unit/modules/update_manager/test_update_file_manager.py; tests/unit/slips/test_daemon.py; tests/unit/slips_files/common/abstracts/test_iasync_module.py; tests/unit/slips_files/common/test_idmefv2.py; tests/unit/slips_files/core/database/test_database.py; tests/unit/slips_files/core/helpers/test_localnet_handler.py; tests/unit/slips_files/core/input/test_zeek_input_profiler.py; tests/unit/slips_files/core/input/test_zeek_input_utils.py; tests/unit/slips_files/core/test_profiler_worker.py; webinterface/app.py,.github/workflows/create-a-new-release.yml; .github/workflows/dockerfile-pr-tests.yml; .github/workflows/integration-tests.yml; .github/workflows/monthly-develop-to-master-pr.yml; .github/workflows/publish-slips-images.yml; .github/workflows/test-suite.yml; .github/workflows/unit-tests.yml; docker/Dockerfile; install/requirements.txt,,Dependabot,Dependabot -> Run Dependabot,Dependabot -> Dependabot encountered an error performing the update,,
d12fd1046589981e829f,1,https://github.com/stratosphereips/StratosphereLinuxIPS/actions/runs/30917603094,330dd01e0dc862cd49554f689e24ef56339e3666,2026-08-04T14:10:57Z,modules/exporting_alerts/stix_exporter.py; modules/feeds_update_manager/feed_update_policy_mixin.py; modules/flow_alerts/conn.py; modules/flow_alerts/dns.py; modules/flow_alerts/utils.py; modules/http_analyzer/http_analyzer.py; modules/ip_info/ip_info.py; slips/main.py; slips_files/common/abstracts/iasync_module.py; slips_files/common/idmefv2.py; slips_files/common/slips_utils.py; slips_files/core/database/database_manager.py; slips_files/core/database/redis_db/constants.py; slips_files/core/database/redis_db/database.py; slips_files/core/database/redis_db/profile_handler.py; slips_files/core/evidence_handler_worker.py; slips_files/core/helpers/localnet_handler.py; slips_files/core/input/zeek/utils/zeek_input_utils.py; slips_files/core/input_profilers/zeek_to_slips_maps.py; slips_files/core/profiler_worker.py; slips_files/core/structures/evidence.py; tests/module_factory.py; tests/unit/modules/flow_alerts/test_conn.py; tests/unit/modules/flow_alerts/test_dns.py; tests/unit/modules/flow_alerts/test_utils.py; tests/unit/modules/ip_info/test_ip_info.py; tests/unit/modules/update_manager/test_update_file_manager.py; tests/unit/slips/test_daemon.py; tests/unit/slips_files/common/abstracts/test_iasync_module.py; tests/unit/slips_files/common/test_idmefv2.py; tests/unit/slips_files/core/database/test_database.py; tests/unit/slips_files/core/helpers/test_localnet_handler.py; tests/unit/slips_files/core/input/test_zeek_input_profiler.py; tests/unit/slips_files/core/input/test_zeek_input_utils.py; tests/unit/slips_files/core/test_profiler_worker.py; webinterface/app.py,.github/workflows/create-a-new-release.yml; .github/workflows/dockerfile-pr-tests.yml; .github/workflows/integration-tests.yml; .github/workflows/monthly-develop-to-master-pr.yml; .github/workflows/publish-slips-images.yml; .github/workflows/test-suite.yml; .github/workflows/unit-tests.yml; docker/Dockerfile; install/requirements.txt,,Dependabot,Dependabot -> Run Dependabot,Dependabot -> Dependabot encountered an error performing the update,,
13d4b629ff9e75e6853a,1,https://github.com/stratosphereips/StratosphereLinuxIPS/actions/runs/30922085135,330dd01e0dc862cd49554f689e24ef56339e3666,2026-08-04T15:02:36Z,modules/exporting_alerts/stix_exporter.py; modules/feeds_update_manager/feed_update_policy_mixin.py; modules/flow_alerts/conn.py; modules/flow_alerts/dns.py; modules/flow_alerts/utils.py; modules/http_analyzer/http_analyzer.py; modules/ip_info/ip_info.py; slips/main.py; slips_files/common/abstracts/iasync_module.py; slips_files/common/idmefv2.py; slips_files/common/slips_utils.py; slips_files/core/database/database_manager.py; slips_files/core/database/redis_db/constants.py; slips_files/core/database/redis_db/database.py; slips_files/core/database/redis_db/profile_handler.py; slips_files/core/evidence_handler_worker.py; slips_files/core/helpers/localnet_handler.py; slips_files/core/input/zeek/utils/zeek_input_utils.py; slips_files/core/input_profilers/zeek_to_slips_maps.py; slips_files/core/profiler_worker.py; slips_files/core/structures/evidence.py; tests/module_factory.py; tests/unit/modules/flow_alerts/test_conn.py; tests/unit/modules/flow_alerts/test_dns.py; tests/unit/modules/flow_alerts/test_utils.py; tests/unit/modules/ip_info/test_ip_info.py; tests/unit/modules/update_manager/test_update_file_manager.py; tests/unit/slips/test_daemon.py; tests/unit/slips_files/common/abstracts/test_iasync_module.py; tests/unit/slips_files/common/test_idmefv2.py; tests/unit/slips_files/core/database/test_database.py; tests/unit/slips_files/core/helpers/test_localnet_handler.py; tests/unit/slips_files/core/input/test_zeek_input_profiler.py; tests/unit/slips_files/core/input/test_zeek_input_utils.py; tests/unit/slips_files/core/test_profiler_worker.py; webinterface/app.py,.github/workflows/create-a-new-release.yml; .github/workflows/dockerfile-pr-tests.yml; .github/workflows/integration-tests.yml; .github/workflows/monthly-develop-to-master-pr.yml; .github/workflows/publish-slips-images.yml; .github/workflows/test-suite.yml; .github/workflows/unit-tests.yml; docker/Dockerfile; install/requirements.txt,,Dependabot,Dependabot -> Run Dependabot,Dependabot -> Dependabot encountered an error performing the update,,
13d4b629ff9e75e6853a,2,https://github.com/stratosphereips/StratosphereLinuxIPS/actions/runs/31058360094,330dd01e0dc862cd49554f689e24ef56339e3666,2026-08-06T00:02:09Z,modules/exporting_alerts/stix_exporter.py; modules/feeds_update_manager/feed_update_policy_mixin.py; modules/flow_alerts/conn.py; modules/flow_alerts/dns.py; modules/flow_alerts/utils.py; modules/http_analyzer/http_analyzer.py; modules/ip_info/ip_info.py; slips/main.py; slips_files/common/abstracts/iasync_module.py; slips_files/common/idmefv2.py; slips_files/common/slips_utils.py; slips_files/core/database/database_manager.py; slips_files/core/database/redis_db/constants.py; slips_files/core/database/redis_db/database.py; slips_files/core/database/redis_db/profile_handler.py; slips_files/core/evidence_handler_worker.py; slips_files/core/helpers/localnet_handler.py; slips_files/core/input/zeek/utils/zeek_input_utils.py; slips_files/core/input_profilers/zeek_to_slips_maps.py; slips_files/core/profiler_worker.py; slips_files/core/structures/evidence.py; tests/module_factory.py; tests/unit/modules/flow_alerts/test_conn.py; tests/unit/modules/flow_alerts/test_dns.py; tests/unit/modules/flow_alerts/test_utils.py; tests/unit/modules/ip_info/test_ip_info.py; tests/unit/modules/update_manager/test_update_file_manager.py; tests/unit/slips/test_daemon.py; tests/unit/slips_files/common/abstracts/test_iasync_module.py; tests/unit/slips_files/common/test_idmefv2.py; tests/unit/slips_files/core/database/test_database.py; tests/unit/slips_files/core/helpers/test_localnet_handler.py; tests/unit/slips_files/core/input/test_zeek_input_profiler.py; tests/unit/slips_files/core/input/test_zeek_input_utils.py; tests/unit/slips_files/core/test_profiler_worker.py; webinterface/app.py,.github/workflows/create-a-new-release.yml; .github/workflows/dockerfile-pr-tests.yml; .github/workflows/integration-tests.yml; .github/workflows/monthly-develop-to-master-pr.yml; .github/workflows/publish-slips-images.yml; .github/workflows/test-suite.yml; .github/workflows/unit-tests.yml; docker/Dockerfile; install/requirements.txt,,Dependabot,Dependabot -> Run Dependabot,Dependabot -> Dependabot encountered an error performing the update,,
0189e984b914c366fdd2,1,https://github.com/stratosphereips/StratosphereLinuxIPS/actions/runs/31294804719,330dd01e0dc862cd49554f689e24ef56339e3666,2026-08-09T04:33:08Z,modules/exporting_alerts/stix_exporter.py; modules/feeds_update_manager/feed_update_policy_mixin.py; modules/flow_alerts/conn.py; modules/flow_alerts/dns.py; modules/flow_alerts/utils.py; modules/http_analyzer/http_analyzer.py; modules/ip_info/ip_info.py; slips/main.py; slips_files/common/abstracts/iasync_module.py; slips_files/common/idmefv2.py; slips_files/common/slips_utils.py; slips_files/core/database/database_manager.py; slips_files/core/database/redis_db/constants.py; slips_files/core/database/redis_db/database.py; slips_files/core/database/redis_db/profile_handler.py; slips_files/core/evidence_handler_worker.py; slips_files/core/helpers/localnet_handler.py; slips_files/core/input/zeek/utils/zeek_input_utils.py; slips_files/core/input_profilers/zeek_to_slips_maps.py; slips_files/core/profiler_worker.py; slips_files/core/structures/evidence.py; tests/module_factory.py; tests/unit/modules/flow_alerts/test_conn.py; tests/unit/modules/flow_alerts/test_dns.py; tests/unit/modules/flow_alerts/test_utils.py; tests/unit/modules/ip_info/test_ip_info.py; tests/unit/modules/update_manager/test_update_file_manager.py; tests/unit/slips/test_daemon.py; tests/unit/slips_files/common/abstracts/test_iasync_module.py; tests/unit/slips_files/common/test_idmefv2.py; tests/unit/slips_files/core/database/test_database.py; tests/unit/slips_files/core/helpers/test_localnet_handler.py; tests/unit/slips_files/core/input/test_zeek_input_profiler.py; tests/unit/slips_files/core/input/test_zeek_input_utils.py; tests/unit/slips_files/core/test_profiler_worker.py; webinterface/app.py,.github/workflows/create-a-new-release.yml; .github/workflows/dockerfile-pr-tests.yml; .github/workflows/integration-tests.yml; .github/workflows/monthly-develop-to-master-pr.yml; .github/workflows/publish-slips-images.yml; .github/workflows/test-suite.yml; .github/workflows/unit-tests.yml; docker/Dockerfile; install/requirements.txt,,Dependabot,Dependabot -> Run Dependabot,Dependabot -> Dependabot encountered an error performing the update,,
0189e984b914c366fdd2,2,https://github.com/stratosphereips/StratosphereLinuxIPS/actions/runs/31294844748,330dd01e0dc862cd49554f689e24ef56339e3666,2026-08-09T04:34:13Z,modules/exporting_alerts/stix_exporter.py; modules/feeds_update_manager/feed_update_policy_mixin.py; modules/flow_alerts/conn.py; modules/flow_alerts/dns.py; modules/flow_alerts/utils.py; modules/http_analyzer/http_analyzer.py; modules/ip_info/ip_info.py; slips/main.py; slips_files/common/abstracts/iasync_module.py; slips_files/common/idmefv2.py; slips_files/common/slips_utils.py; slips_files/core/database/database_manager.py; slips_files/core/database/redis_db/constants.py; slips_files/core/database/redis_db/database.py; slips_files/core/database/redis_db/profile_handler.py; slips_files/core/evidence_handler_worker.py; slips_files/core/helpers/localnet_handler.py; slips_files/core/input/zeek/utils/zeek_input_utils.py; slips_files/core/input_profilers/zeek_to_slips_maps.py; slips_files/core/profiler_worker.py; slips_files/core/structures/evidence.py; tests/module_factory.py; tests/unit/modules/flow_alerts/test_conn.py; tests/unit/modules/flow_alerts/test_dns.py; tests/unit/modules/flow_alerts/test_utils.py; tests/unit/modules/ip_info/test_ip_info.py; tests/unit/modules/update_manager/test_update_file_manager.py; tests/unit/slips/test_daemon.py; tests/unit/slips_files/common/abstracts/test_iasync_module.py; tests/unit/slips_files/common/test_idmefv2.py; tests/unit/slips_files/core/database/test_database.py; tests/unit/slips_files/core/helpers/test_localnet_handler.py; tests/unit/slips_files/core/input/test_zeek_input_profiler.py; tests/unit/slips_files/core/input/test_zeek_input_utils.py; tests/unit/slips_files/core/test_profiler_worker.py; webinterface/app.py,.github/workflows/create-a-new-release.yml; .github/workflows/dockerfile-pr-tests.yml; .github/workflows/integration-tests.yml; .github/workflows/monthly-develop-to-master-pr.yml; .github/workflows/publish-slips-images.yml; .github/workflows/test-suite.yml; .github/workflows/unit-tests.yml; docker/Dockerfile; install/requirements.txt,,Dependabot,Dependabot -> Run Dependabot,Dependabot -> Dependabot encountered an error performing the update,,
0189e984b914c366fdd2,3,https://github.com/stratosphereips/StratosphereLinuxIPS/actions/runs/31294878071,330dd01e0dc862cd49554f689e24ef56339e3666,2026-08-09T04:35:10Z,modules/exporting_alerts/stix_exporter.py; modules/feeds_update_manager/feed_update_policy_mixin.py; modules/flow_alerts/conn.py; modules/flow_alerts/dns.py; modules/flow_alerts/utils.py; modules/http_analyzer/http_analyzer.py; modules/ip_info/ip_info.py; slips/main.py; slips_files/common/abstracts/iasync_module.py; slips_files/common/idmefv2.py; slips_files/common/slips_utils.py; slips_files/core/database/database_manager.py; slips_files/core/database/redis_db/constants.py; slips_files/core/database/redis_db/database.py; slips_files/core/database/redis_db/profile_handler.py; slips_files/core/evidence_handler_worker.py; slips_files/core/helpers/localnet_handler.py; slips_files/core/input/zeek/utils/zeek_input_utils.py; slips_files/core/input_profilers/zeek_to_slips_maps.py; slips_files/core/profiler_worker.py; slips_files/core/structures/evidence.py; tests/module_factory.py; tests/unit/modules/flow_alerts/test_conn.py; tests/unit/modules/flow_alerts/test_dns.py; tests/unit/modules/flow_alerts/test_utils.py; tests/unit/modules/ip_info/test_ip_info.py; tests/unit/modules/update_manager/test_update_file_manager.py; tests/unit/slips/test_daemon.py; tests/unit/slips_files/common/abstracts/test_iasync_module.py; tests/unit/slips_files/common/test_idmefv2.py; tests/unit/slips_files/core/database/test_database.py; tests/unit/slips_files/core/helpers/test_localnet_handler.py; tests/unit/slips_files/core/input/test_zeek_input_profiler.py; tests/unit/slips_files/core/input/test_zeek_input_utils.py; tests/unit/slips_files/core/test_profiler_worker.py; webinterface/app.py,.github/workflows/create-a-new-release.yml; .github/workflows/dockerfile-pr-tests.yml; .github/workflows/integration-tests.yml; .github/workflows/monthly-develop-to-master-pr.yml; .github/workflows/publish-slips-images.yml; .github/workflows/test-suite.yml; .github/workflows/unit-tests.yml; docker/Dockerfile; install/requirements.txt,,Dependabot,Dependabot -> Run Dependabot,Dependabot -> Dependabot encountered an error performing the update,,
0189e984b914c366fdd2,4,https://github.com/stratosphereips/StratosphereLinuxIPS/actions/runs/31295100783,330dd01e0dc862cd49554f689e24ef56339e3666,2026-08-09T04:41:31Z,modules/exporting_alerts/stix_exporter.py; modules/feeds_update_manager/feed_update_policy_mixin.py; modules/flow_alerts/conn.py; modules/flow_alerts/dns.py; modules/flow_alerts/utils.py; modules/http_analyzer/http_analyzer.py; modules/ip_info/ip_info.py; slips/main.py; slips_files/common/abstracts/iasync_module.py; slips_files/common/idmefv2.py; slips_files/common/slips_utils.py; slips_files/core/database/database_manager.py; slips_files/core/database/redis_db/constants.py; slips_files/core/database/redis_db/database.py; slips_files/core/database/redis_db/profile_handler.py; slips_files/core/evidence_handler_worker.py; slips_files/core/helpers/localnet_handler.py; slips_files/core/input/zeek/utils/zeek_input_utils.py; slips_files/core/input_profilers/zeek_to_slips_maps.py; slips_files/core/profiler_worker.py; slips_files/core/structures/evidence.py; tests/module_factory.py; tests/unit/modules/flow_alerts/test_conn.py; tests/unit/modules/flow_alerts/test_dns.py; tests/unit/modules/flow_alerts/test_utils.py; tests/unit/modules/ip_info/test_ip_info.py; tests/unit/modules/update_manager/test_update_file_manager.py; tests/unit/slips/test_daemon.py; tests/unit/slips_files/common/abstracts/test_iasync_module.py; tests/unit/slips_files/common/test_idmefv2.py; tests/unit/slips_files/core/database/test_database.py; tests/unit/slips_files/core/helpers/test_localnet_handler.py; tests/unit/slips_files/core/input/test_zeek_input_profiler.py; tests/unit/slips_files/core/input/test_zeek_input_utils.py; tests/unit/slips_files/core/test_profiler_worker.py; webinterface/app.py,.github/workflows/create-a-new-release.yml; .github/workflows/dockerfile-pr-tests.yml; .github/workflows/integration-tests.yml; .github/workflows/monthly-develop-to-master-pr.yml; .github/workflows/publish-slips-images.yml; .github/workflows/test-suite.yml; .github/workflows/unit-tests.yml; docker/Dockerfile; install/requirements.txt,,Dependabot,Dependabot -> Run Dependabot,Dependabot -> Dependabot encountered an error performing the update,,
c3729ee76953fc15c56e,1,https://github.com/stratosphereips/StratosphereLinuxIPS/actions/runs/31302466839,330dd01e0dc862cd49554f689e24ef56339e3666,2026-08-09T08:00:17Z,modules/exporting_alerts/stix_exporter.py; modules/feeds_update_manager/feed_update_policy_mixin.py; modules/flow_alerts/conn.py; modules/flow_alerts/dns.py; modules/flow_alerts/utils.py; modules/http_analyzer/http_analyzer.py; modules/ip_info/ip_info.py; slips/main.py; slips_files/common/abstracts/iasync_module.py; slips_files/common/idmefv2.py; slips_files/common/slips_utils.py; slips_files/core/database/database_manager.py; slips_files/core/database/redis_db/constants.py; slips_files/core/database/redis_db/database.py; slips_files/core/database/redis_db/profile_handler.py; slips_files/core/evidence_handler_worker.py; slips_files/core/helpers/localnet_handler.py; slips_files/core/input/zeek/utils/zeek_input_utils.py; slips_files/core/input_profilers/zeek_to_slips_maps.py; slips_files/core/profiler_worker.py; slips_files/core/structures/evidence.py; tests/module_factory.py; tests/unit/modules/flow_alerts/test_conn.py; tests/unit/modules/flow_alerts/test_dns.py; tests/unit/modules/flow_alerts/test_utils.py; tests/unit/modules/ip_info/test_ip_info.py; tests/unit/modules/update_manager/test_update_file_manager.py; tests/unit/slips/test_daemon.py; tests/unit/slips_files/common/abstracts/test_iasync_module.py; tests/unit/slips_files/common/test_idmefv2.py; tests/unit/slips_files/core/database/test_database.py; tests/unit/slips_files/core/helpers/test_localnet_handler.py; tests/unit/slips_files/core/input/test_zeek_input_profiler.py; tests/unit/slips_files/core/input/test_zeek_input_utils.py; tests/unit/slips_files/core/test_profiler_worker.py; webinterface/app.py,.github/workflows/create-a-new-release.yml; .github/workflows/dockerfile-pr-tests.yml; .github/workflows/integration-tests.yml; .github/workflows/monthly-develop-to-master-pr.yml; .github/workflows/publish-slips-images.yml; .github/workflows/test-suite.yml; .github/workflows/unit-tests.yml; docker/Dockerfile; install/requirements.txt,,Dependabot,Dependabot -> Run Dependabot,Dependabot -> Dependabot encountered an error performing the update,,
c3729ee76953fc15c56e,2,https://github.com/stratosphereips/StratosphereLinuxIPS/actions/runs/31302637612,330dd01e0dc862cd49554f689e24ef56339e3666,2026-08-09T08:04:21Z,modules/exporting_alerts/stix_exporter.py; modules/feeds_update_manager/feed_update_policy_mixin.py; modules/flow_alerts/conn.py; modules/flow_alerts/dns.py; modules/flow_alerts/utils.py; modules/http_analyzer/http_analyzer.py; modules/ip_info/ip_info.py; slips/main.py; slips_files/common/abstracts/iasync_module.py; slips_files/common/idmefv2.py; slips_files/common/slips_utils.py; slips_files/core/database/database_manager.py; slips_files/core/database/redis_db/constants.py; slips_files/core/database/redis_db/database.py; slips_files/core/database/redis_db/profile_handler.py; slips_files/core/evidence_handler_worker.py; slips_files/core/helpers/localnet_handler.py; slips_files/core/input/zeek/utils/zeek_input_utils.py; slips_files/core/input_profilers/zeek_to_slips_maps.py; slips_files/core/profiler_worker.py; slips_files/core/structures/evidence.py; tests/module_factory.py; tests/unit/modules/flow_alerts/test_conn.py; tests/unit/modules/flow_alerts/test_dns.py; tests/unit/modules/flow_alerts/test_utils.py; tests/unit/modules/ip_info/test_ip_info.py; tests/unit/modules/update_manager/test_update_file_manager.py; tests/unit/slips/test_daemon.py; tests/unit/slips_files/common/abstracts/test_iasync_module.py; tests/unit/slips_files/common/test_idmefv2.py; tests/unit/slips_files/core/database/test_database.py; tests/unit/slips_files/core/helpers/test_localnet_handler.py; tests/unit/slips_files/core/input/test_zeek_input_profiler.py; tests/unit/slips_files/core/input/test_zeek_input_utils.py; tests/unit/slips_files/core/test_profiler_worker.py; webinterface/app.py,.github/workflows/create-a-new-release.yml; .github/workflows/dockerfile-pr-tests.yml; .github/workflows/integration-tests.yml; .github/workflows/monthly-develop-to-master-pr.yml; .github/workflows/publish-slips-images.yml; .github/workflows/test-suite.yml; .github/workflows/unit-tests.yml; docker/Dockerfile; install/requirements.txt,,Dependabot,Dependabot -> Run Dependabot,Dependabot -> Dependabot encountered an error performing the update,,
c3729ee76953fc15c56e,3,https://github.com/stratosphereips/StratosphereLinuxIPS/actions/runs/31302797773,330dd01e0dc862cd49554f689e24ef56339e3666,2026-08-09T08:08:21Z,modules/exporting_alerts/stix_exporter.py; modules/feeds_update_manager/feed_update_policy_mixin.py; modules/flow_alerts/conn.py; modules/flow_alerts/dns.py; modules/flow_alerts/utils.py; modules/http_analyzer/http_analyzer.py; modules/ip_info/ip_info.py; slips/main.py; slips_files/common/abstracts/iasync_module.py; slips_files/common/idmefv2.py; slips_files/common/slips_utils.py; slips_files/core/database/database_manager.py; slips_files/core/database/redis_db/constants.py; slips_files/core/database/redis_db/database.py; slips_files/core/database/redis_db/profile_handler.py; slips_files/core/evidence_handler_worker.py; slips_files/core/helpers/localnet_handler.py; slips_files/core/input/zeek/utils/zeek_input_utils.py; slips_files/core/input_profilers/zeek_to_slips_maps.py; slips_files/core/profiler_worker.py; slips_files/core/structures/evidence.py; tests/module_factory.py; tests/unit/modules/flow_alerts/test_conn.py; tests/unit/modules/flow_alerts/test_dns.py; tests/unit/modules/flow_alerts/test_utils.py; tests/unit/modules/ip_info/test_ip_info.py; tests/unit/modules/update_manager/test_update_file_manager.py; tests/unit/slips/test_daemon.py; tests/unit/slips_files/common/abstracts/test_iasync_module.py; tests/unit/slips_files/common/test_idmefv2.py; tests/unit/slips_files/core/database/test_database.py; tests/unit/slips_files/core/helpers/test_localnet_handler.py; tests/unit/slips_files/core/input/test_zeek_input_profiler.py; tests/unit/slips_files/core/input/test_zeek_input_utils.py; tests/unit/slips_files/core/test_profiler_worker.py; webinterface/app.py,.github/workflows/create-a-new-release.yml; .github/workflows/dockerfile-pr-tests.yml; .github/workflows/integration-tests.yml; .github/workflows/monthly-develop-to-master-pr.yml; .github/workflows/publish-slips-images.yml; .github/workflows/test-suite.yml; .github/workflows/unit-tests.yml; docker/Dockerfile; install/requirements.txt,,Dependabot,Dependabot -> Run Dependabot,Dependabot -> Dependabot encountered an error performing the update,,
c3729ee76953fc15c56e,4,https://github.com/stratosphereips/StratosphereLinuxIPS/actions/runs/31303003141,330dd01e0dc862cd49554f689e24ef56339e3666,2026-08-09T08:13:28Z,modules/exporting_alerts/stix_exporter.py; modules/feeds_update_manager/feed_update_policy_mixin.py; modules/flow_alerts/conn.py; modules/flow_alerts/dns.py; modules/flow_alerts/utils.py; modules/http_analyzer/http_analyzer.py; modules/ip_info/ip_info.py; slips/main.py; slips_files/common/abstracts/iasync_module.py; slips_files/common/idmefv2.py; slips_files/common/slips_utils.py; slips_files/core/database/database_manager.py; slips_files/core/database/redis_db/constants.py; slips_files/core/database/redis_db/database.py; slips_files/core/database/redis_db/profile_handler.py; slips_files/core/evidence_handler_worker.py; slips_files/core/helpers/localnet_handler.py; slips_files/core/input/zeek/utils/zeek_input_utils.py; slips_files/core/input_profilers/zeek_to_slips_maps.py; slips_files/core/profiler_worker.py; slips_files/core/structures/evidence.py; tests/module_factory.py; tests/unit/modules/flow_alerts/test_conn.py; tests/unit/modules/flow_alerts/test_dns.py; tests/unit/modules/flow_alerts/test_utils.py; tests/unit/modules/ip_info/test_ip_info.py; tests/unit/modules/update_manager/test_update_file_manager.py; tests/unit/slips/test_daemon.py; tests/unit/slips_files/common/abstracts/test_iasync_module.py; tests/unit/slips_files/common/test_idmefv2.py; tests/unit/slips_files/core/database/test_database.py; tests/unit/slips_files/core/helpers/test_localnet_handler.py; tests/unit/slips_files/core/input/test_zeek_input_profiler.py; tests/unit/slips_files/core/input/test_zeek_input_utils.py; tests/unit/slips_files/core/test_profiler_worker.py; webinterface/app.py,.github/workflows/create-a-new-release.yml; .github/workflows/dockerfile-pr-tests.yml; .github/workflows/integration-tests.yml; .github/workflows/monthly-develop-to-master-pr.yml; .github/workflows/publish-slips-images.yml; .github/workflows/test-suite.yml; .github/workflows/unit-tests.yml; docker/Dockerfile; install/requirements.txt,,Dependabot,Dependabot -> Run Dependabot,Dependabot -> Dependabot encountered an error performing the update,,
c3729ee76953fc15c56e,5,https://github.com/stratosphereips/StratosphereLinuxIPS/actions/runs/31303239373,330dd01e0dc862cd49554f689e24ef56339e3666,2026-08-09T08:19:22Z,modules/exporting_alerts/stix_exporter.py; modules/feeds_update_manager/feed_update_policy_mixin.py; modules/flow_alerts/conn.py; modules/flow_alerts/dns.py; modules/flow_alerts/utils.py; modules/http_analyzer/http_analyzer.py; modules/ip_info/ip_info.py; slips/main.py; slips_files/common/abstracts/iasync_module.py; slips_files/common/idmefv2.py; slips_files/common/slips_utils.py; slips_files/core/database/database_manager.py; slips_files/core/database/redis_db/constants.py; slips_files/core/database/redis_db/database.py; slips_files/core/database/redis_db/profile_handler.py; slips_files/core/evidence_handler_worker.py; slips_files/core/helpers/localnet_handler.py; slips_files/core/input/zeek/utils/zeek_input_utils.py; slips_files/core/input_profilers/zeek_to_slips_maps.py; slips_files/core/profiler_worker.py; slips_files/core/structures/evidence.py; tests/module_factory.py; tests/unit/modules/flow_alerts/test_conn.py; tests/unit/modules/flow_alerts/test_dns.py; tests/unit/modules/flow_alerts/test_utils.py; tests/unit/modules/ip_info/test_ip_info.py; tests/unit/modules/update_manager/test_update_file_manager.py; tests/unit/slips/test_daemon.py; tests/unit/slips_files/common/abstracts/test_iasync_module.py; tests/unit/slips_files/common/test_idmefv2.py; tests/unit/slips_files/core/database/test_database.py; tests/unit/slips_files/core/helpers/test_localnet_handler.py; tests/unit/slips_files/core/input/test_zeek_input_profiler.py; tests/unit/slips_files/core/input/test_zeek_input_utils.py; tests/unit/slips_files/core/test_profiler_worker.py; webinterface/app.py,.github/workflows/create-a-new-release.yml; .github/workflows/dockerfile-pr-tests.yml; .github/workflows/integration-tests.yml; .github/workflows/monthly-develop-to-master-pr.yml; .github/workflows/publish-slips-images.yml; .github/workflows/test-suite.yml; .github/workflows/unit-tests.yml; docker/Dockerfile; install/requirements.txt,,Dependabot,Dependabot -> Run Dependabot,Dependabot -> Dependabot encountered an error performing the update,,
c3729ee76953fc15c56e,6,https://github.com/stratosphereips/StratosphereLinuxIPS/actions/runs/31305377768,330dd01e0dc862cd49554f689e24ef56339e3666,2026-08-09T09:13:10Z,modules/exporting_alerts/stix_exporter.py; modules/feeds_update_manager/feed_update_policy_mixin.py; modules/flow_alerts/conn.py; modules/flow_alerts/dns.py; modules/flow_alerts/utils.py; modules/http_analyzer/http_analyzer.py; modules/ip_info/ip_info.py; slips/main.py; slips_files/common/abstracts/iasync_module.py; slips_files/common/idmefv2.py; slips_files/common/slips_utils.py; slips_files/core/database/database_manager.py; slips_files/core/database/redis_db/constants.py; slips_files/core/database/redis_db/database.py; slips_files/core/database/redis_db/profile_handler.py; slips_files/core/evidence_handler_worker.py; slips_files/core/helpers/localnet_handler.py; slips_files/core/input/zeek/utils/zeek_input_utils.py; slips_files/core/input_profilers/zeek_to_slips_maps.py; slips_files/core/profiler_worker.py; slips_files/core/structures/evidence.py; tests/module_factory.py; tests/unit/modules/flow_alerts/test_conn.py; tests/unit/modules/flow_alerts/test_dns.py; tests/unit/modules/flow_alerts/test_utils.py; tests/unit/modules/ip_info/test_ip_info.py; tests/unit/modules/update_manager/test_update_file_manager.py; tests/unit/slips/test_daemon.py; tests/unit/slips_files/common/abstracts/test_iasync_module.py; tests/unit/slips_files/common/test_idmefv2.py; tests/unit/slips_files/core/database/test_database.py; tests/unit/slips_files/core/helpers/test_localnet_handler.py; tests/unit/slips_files/core/input/test_zeek_input_profiler.py; tests/unit/slips_files/core/input/test_zeek_input_utils.py; tests/unit/slips_files/core/test_profiler_worker.py; webinterface/app.py,.github/workflows/create-a-new-release.yml; .github/workflows/dockerfile-pr-tests.yml; .github/workflows/integration-tests.yml; .github/workflows/monthly-develop-to-master-pr.yml; .github/workflows/publish-slips-images.yml; .github/workflows/test-suite.yml; .github/workflows/unit-tests.yml; docker/Dockerfile; install/requirements.txt,,Dependabot,Dependabot -> Run Dependabot,Dependabot -> Dependabot encountered an error performing the update,,
c3729ee76953fc15c56e,7,https://github.com/stratosphereips/StratosphereLinuxIPS/actions/runs/31305618630,330dd01e0dc862cd49554f689e24ef56339e3666,2026-08-09T09:19:13Z,modules/exporting_alerts/stix_exporter.py; modules/feeds_update_manager/feed_update_policy_mixin.py; modules/flow_alerts/conn.py; modules/flow_alerts/dns.py; modules/flow_alerts/utils.py; modules/http_analyzer/http_analyzer.py; modules/ip_info/ip_info.py; slips/main.py; slips_files/common/abstracts/iasync_module.py; slips_files/common/idmefv2.py; slips_files/common/slips_utils.py; slips_files/core/database/database_manager.py; slips_files/core/database/redis_db/constants.py; slips_files/core/database/redis_db/database.py; slips_files/core/database/redis_db/profile_handler.py; slips_files/core/evidence_handler_worker.py; slips_files/core/helpers/localnet_handler.py; slips_files/core/input/zeek/utils/zeek_input_utils.py; slips_files/core/input_profilers/zeek_to_slips_maps.py; slips_files/core/profiler_worker.py; slips_files/core/structures/evidence.py; tests/module_factory.py; tests/unit/modules/flow_alerts/test_conn.py; tests/unit/modules/flow_alerts/test_dns.py; tests/unit/modules/flow_alerts/test_utils.py; tests/unit/modules/ip_info/test_ip_info.py; tests/unit/modules/update_manager/test_update_file_manager.py; tests/unit/slips/test_daemon.py; tests/unit/slips_files/common/abstracts/test_iasync_module.py; tests/unit/slips_files/common/test_idmefv2.py; tests/unit/slips_files/core/database/test_database.py; tests/unit/slips_files/core/helpers/test_localnet_handler.py; tests/unit/slips_files/core/input/test_zeek_input_profiler.py; tests/unit/slips_files/core/input/test_zeek_input_utils.py; tests/unit/slips_files/core/test_profiler_worker.py; webinterface/app.py,.github/workflows/create-a-new-release.yml; .github/workflows/dockerfile-pr-tests.yml; .github/workflows/integration-tests.yml; .github/workflows/monthly-develop-to-master-pr.yml; .github/workflows/publish-slips-images.yml; .github/workflows/test-suite.yml; .github/workflows/unit-tests.yml; docker/Dockerfile; install/requirements.txt,,Dependabot,Dependabot -> Run Dependabot,Dependabot -> Dependabot encountered an error performing the update,,
f674e43be046ed7e40e1,1,https://github.com/stratosphereips/StratosphereLinuxIPS/actions/runs/22145724174,36ace8d8cc78719b4ef66992f06e64c1fb8bcfac,2026-02-18T15:21:05Z,modules/network_discovery/network_discovery.py; slips_files/core/database/redis_db/cleanup_mixin.py; slips_files/core/database/redis_db/profile_handler.py; tests/test_profile_handler.py,,,unit-tests (test_network_discovery.py),,unit-tests (test_network_discovery.py) -> .github:502 — Process completed with exit code 1.,,
f674e43be046ed7e40e1,2,https://github.com/stratosphereips/StratosphereLinuxIPS/actions/runs/22146287900,0ac2f424f6aa8986386aac29d8a819791c466e63,2026-02-18T15:36:25Z,tests/module_factory.py; tests/test_fides_module.py; tests/test_network_discovery.py,,,unit-tests (test_ssh.py),,unit-tests (test_ssh.py) -> .github:69 — Process completed with exit code 1.,,
12f7f840908d4f9da3ea,1,https://github.com/stratosphereips/StratosphereLinuxIPS/actions/runs/22161253969,f30e650232b24d695176355d8c6e402ccea5e83f,2026-02-18T23:05:22Z,slips_files/core/database/redis_db/p2p_handler.py; tests/integration_tests/test_fides.py,,,unit-tests (test_update_file_manager.py),,unit-tests (test_update_file_manager.py) -> .github:206 — Process completed with exit code 1.,,
80b0026593988d594a99,1,https://github.com/stratosphereips/StratosphereLinuxIPS/actions/runs/26420648644,1c09ca2d803b219550032fb1b7fd9c4e402a7a9e,2026-05-25T21:33:49Z,managers/redis_manager.py; tests/unit/managers/test_redis_manager.py; tests/unit/slips_files/core/database/test_database.py,,,unit-tests (slips_files/core/database/test_database.py),unit-tests (slips_files/core/database/test_database.py) -> Run Unit Tests for slips_files/core/database/test_database.py,unit-tests (slips_files/core/database/test_database.py) -> .github:342 — Process completed with exit code 1.,,
8ad92949495a8532e4ce,1,https://github.com/stratosphereips/StratosphereLinuxIPS/actions/runs/26426621405,e230317b88e9f7b2e00af8584652a56239a4d842,2026-05-26T01:11:29Z,slips/main.py; slips_files/core/database/database_manager.py; slips_files/core/worker_manager_mixin.py; tests/unit/slips_files/core/test_worker_manager_mixin.py,,,unit-tests (slips_files/core/test_worker_manager_mixin.py),unit-tests (slips_files/core/test_worker_manager_mixin.py) -> Run Unit Tests for slips_files/core/test_worker_manager_mixin.py,unit-tests (slips_files/core/test_worker_manager_mixin.py) -> .github:69 — Process completed with exit code 1.,,
57482f2eb3498c2ca24d,1,https://github.com/stratosphereips/StratosphereLinuxIPS/actions/runs/22581026300,a806cdff728f72da1a16f3dc83d730903c9a3f06,2026-03-02T14:44:19Z,slips_files/core/profiler_worker.py,,,unit-tests (slips_files/core/database/redis_db/test_alert_handler.py); unit-tests (slips_files/core/test_profiler.py); unit-tests (slips_files/core/test_profiler_worker.py),,unit-tests (slips_files/core/database/redis_db/test_alert_handler.py) -> .github:141 — Process completed with exit code 1.; unit-tests (slips_files/core/test_profiler.py) -> .github:146 — Process completed with exit code 1.; unit-tests (slips_files/core/test_profiler_worker.py) -> .github:2740 — Process completed with exit code 1.,,
57482f2eb3498c2ca24d,2,https://github.com/stratosphereips/StratosphereLinuxIPS/actions/runs/22601897355,ca50af2ba6eb8798552a4fd7bd8c997b6077e5c4,2026-03-03T00:13:37Z,managers/process_manager.py; slips/main.py; slips_files/core/input/input.py; slips_files/core/profiler.py; slips_files/core/profiler_worker.py,,,unit-tests (managers/test_process_manager.py); unit-tests (modules/fidesModule/test_fides_module.py); unit-tests (slips_files/core/input/test_suricata_input.py); unit-tests (slips_files/core/input/test_zeek_log_file_input.py); unit-tests (slips_files/core/test_profiler.py); unit-tests (slips_files/core/test_profiler_worker.py),,unit-tests (managers/test_process_manager.py) -> .github:980 — Process completed with exit code 1.; unit-tests (modules/fidesModule/test_fides_module.py) -> .github:62 — Process completed with exit code 1.; unit-tests (slips_files/core/input/test_suricata_input.py) -> .github:70 — Process completed with exit code 1.; unit-tests (slips_files/core/input/test_zeek_log_file_input.py) -> .github:77 — Process completed with exit code 1.; unit-tests (slips_files/core/test_profiler.py) -> .github:146 — Process completed with exit code 1.; unit-tests (slips_files/core/test_profiler_worker.py) -> .github:2740 — Process completed with exit code 1.,,
57482f2eb3498c2ca24d,3,https://github.com/stratosphereips/StratosphereLinuxIPS/actions/runs/22619844750,f60961f8415ff573f6821d8a790c28f4182c183b,2026-03-03T10:56:43Z,slips_files/core/profiler.py,,,unit-tests (managers/test_process_manager.py); unit-tests (modules/fidesModule/test_fides_module.py); unit-tests (slips_files/core/database/redis_db/test_alert_handler.py); unit-tests (slips_files/core/input/test_suricata_input.py); unit-tests (slips_files/core/input/test_zeek_log_file_input.py); unit-tests (slips_files/core/test_profiler.py); unit-tests (slips_files/core/test_profiler_worker.py),,unit-tests (managers/test_process_manager.py) -> .github:980 — Process completed with exit code 1.; unit-tests (modules/fidesModule/test_fides_module.py) -> .github:62 — Process completed with exit code 1.; unit-tests (slips_files/core/database/redis_db/test_alert_handler.py) -> .github:141 — Process completed with exit code 1.; unit-tests (slips_files/core/input/test_suricata_input.py) -> .github:70 — Process completed with exit code 1.; unit-tests (slips_files/core/input/test_zeek_log_file_input.py) -> .github:77 — Process completed with exit code 1.; unit-tests (slips_files/core/test_profiler.py) -> .github:146 — Process completed with exit code 1.; unit-tests (slips_files/core/test_profiler_worker.py) -> .github:2740 — Process completed with exit code 1.,,
3e08f9f477f2d4092c80,1,https://github.com/stratosphereips/StratosphereLinuxIPS/actions/runs/28245817791,9653045a88fb5e9c833b067d225ed92e5ed63867,2026-06-26T14:52:05Z,modules/alert_summary/alert_summary.py,,,unit-tests (modules/alert_summary/test_alert_summary.py),unit-tests (modules/alert_summary/test_alert_summary.py) -> Run Unit Tests for modules/alert_summary/test_alert_summary.py,unit-tests (modules/alert_summary/test_alert_summary.py) -> .github:158 — Process completed with exit code 1.,,
3e08f9f477f2d4092c80,2,https://github.com/stratosphereips/StratosphereLinuxIPS/actions/runs/31098966533,163fc36d2b80ca65676091f88bbc885c5ec1d153,2026-08-06T11:51:30Z,managers/metadata_manager.py; managers/process_manager.py; managers/timewindow_manager.py; managers/update_manager.py; modules/arp/arp.py; modules/exporting_alerts/exporting_alerts.py; modules/exporting_alerts/idmef_exporter.py; modules/feeds_update_manager/feed_update_policy_mixin.py; modules/network_discovery/horizontal_portscan.py; modules/network_discovery/vertical_portscan.py; slips/main.py; slips_files/common/idmefv2.py; slips_files/common/parsers/config_parser.py; slips_files/core/database/database_manager.py; slips_files/core/database/redis_db/alert_handler.py; slips_files/core/database/redis_db/cleanup_mixin.py; slips_files/core/database/redis_db/constants.py; slips_files/core/database/redis_db/database.py; slips_files/core/database/redis_db/profile_handler.py; slips_files/core/database/redis_db/scan_detections_db.py; slips_files/core/evidence_handler.py; slips_files/core/evidence_handler_worker.py; slips_files/core/helpers/risk_weights_config_parser.py; slips_files/core/profiler_worker.py; slips_files/core/structures/alerts.py; slips_files/core/structures/evidence.py; slips_files/core/structures/risk_weights.py; slips_files/core/text_formatters/evidence_formatter.py; tests/integration/test_fides/test_fides.py; tests/module_factory.py; tests/unit/managers/test_process_manager.py; tests/unit/managers/test_timewindow_manager.py; tests/unit/managers/test_update_manager.py; tests/unit/modules/update_manager/test_update_file_manager.py; tests/unit/slips/test_daemon.py; tests/unit/slips/test_main.py; tests/unit/slips_files/common/test_idmefv2.py; tests/unit/slips_files/core/database/redis_db/test_alert_handler.py; tests/unit/slips_files/core/database/test_database.py; tests/unit/slips_files/core/helpers/test_risk_weights_config_parser.py; tests/unit/slips_files/core/structures/test_evidence.py; tests/unit/slips_files/core/structures/test_risk_weights.py; tests/unit/slips_files/core/test_evidence_handler.py; tests/unit/slips_files/core/test_evidence_handler_worker.py; tests/unit/slips_files/core/text_formatters/test_evidence_formatter.py; webinterface/app.py,.github/workflows/dockerfile-pr-tests.yml; .github/workflows/integration-tests.yml; .github/workflows/monthly-develop-to-master-pr.yml; .github/workflows/test-suite.yml; .github/workflows/unit-tests.yml; docker/Dockerfile; docker/light/Dockerfile; install/requirements.txt,,unit-tests / unit-tests,unit-tests / unit-tests -> Run unit-tests for modules/alert_summary/test_alert_summary.py; unit-tests / unit-tests -> Run unit-tests for managers/test_process_manager.py,unit-tests / unit-tests -> Process completed with exit code 1.,,
3e08f9f477f2d4092c80,3,https://github.com/stratosphereips/StratosphereLinuxIPS/actions/runs/31220401665,c3813af86ea5b8f599a2a92031000d7de3052cfb,2026-08-07T21:31:55Z,slips_files/common/abstracts/imodule.py,,,unit-tests / unit-tests,unit-tests / unit-tests -> Run unit-tests for slips/test_main.py; unit-tests / unit-tests -> Run unit-tests for modules/llm/test_openai_backend_mixin.py; unit-tests / unit-tests -> Run unit-tests for modules/llm/test_llm_errors.py; unit-tests / unit-tests -> Run unit-tests for modules/llm/test_ollama_backend_mixin.py; unit-tests / unit-tests -> Run unit-tests for modules/llm/test_anthropic_backend_mixin.py; unit-tests / unit-tests -> Run unit-tests for modules/leak_detector/test_leak_detector.py; unit-tests / unit-tests -> Run unit-tests for modules/llm/test_llm_backend_config.py; unit-tests / unit-tests -> Run unit-tests for modules/update_manager/test_update_file_manager.py; unit-tests / unit-tests -> Run unit-tests for modules/llm/test_llm.py; unit-tests / unit-tests -> Run unit-tests for modules/llm/test_llm_backend.py; unit-tests / unit-tests -> Run unit-tests for modules/alert_summary/test_alert_summary.py; unit-tests / unit-tests -> Run unit-tests for modules/ip_info/test_asn_info.py; unit-tests / unit-tests -> Run unit-tests for modules/arp/test_arp.py; unit-tests / unit-tests -> Run unit-tests for modules/brute_force_detector/test_brute_force_detector.py; unit-tests / unit-tests -> Run unit-tests for modules/arp/test_arp_filter.py; unit-tests / unit-tests -> Run unit-tests for modules/ip_info/test_ip_info.py; unit-tests / unit-tests -> Run unit-tests for modules/threat_intelligence/test_circllu.py; unit-tests / unit-tests -> Run unit-tests for modules/timeline/test_timeline.py; unit-tests / unit-tests -> Run unit-tests for modules/network_discovery/test_horizontal_portscans.py; unit-tests / unit-tests -> Run unit-tests for modules/threat_intelligence/test_urlhaus.py; unit-tests / unit-tests -> Run unit-tests for modules/threat_intelligence/test_spamhaus.py; unit-tests / unit-tests -> Run unit-tests for modules/t_cell/test_t_cell_db.py; unit-tests / unit-tests -> Run unit-tests for modules/t_cell/test_t_cell.py; unit-tests / unit-tests -> Run unit-tests for modules/fides/test_fides_queues.py; unit-tests / unit-tests -> Run unit-tests for modules/regex_generator/test_log_rotator.py; unit-tests / unit-tests -> Run unit-tests for modules/fides/test_fides_bridge.py; unit-tests / unit-tests -> Run unit-tests for modules/flow_alerts/test_login.py; unit-tests / unit-tests -> Run unit-tests for modules/t_cell/test_analyze_t_cell.py; unit-tests / unit-tests -> Run unit-tests for modules/arp_poisoner/test_arp_poisoner.py; unit-tests / unit-tests -> Run unit-tests for modules/fides/test_fides_module.py; unit-tests / unit-tests -> Run unit-tests for modules/blocking/test_unblocker.py; unit-tests / unit-tests -> Run unit-tests for modules/threat_intelligence/test_threat_intelligence.py; unit-tests / unit-tests -> Run unit-tests for modules/fides/test_fides_sqlite_db.py; unit-tests / unit-tests -> Run unit-tests for modules/regex_generator/test_match_strength.py; unit-tests / unit-tests -> Run unit-tests for modules/flow_alerts/test_ssh.py; unit-tests / unit-tests -> Run unit-tests for modules/flow_alerts/test_notice.py; unit-tests / unit-tests -> Run unit-tests for modules/flow_alerts/test_tunnel.py; unit-tests / unit-tests -> Run unit-tests for modules/risk_iq/test_risk_iq.py; unit-tests / unit-tests -> Run unit-tests for modules/network_discovery/test_network_discovery.py; unit-tests / unit-tests -> Run unit-tests for modules/cesnet/test_cesnet.py; unit-tests / unit-tests -> Run unit-tests for modules/network_discovery/test_vertical_portscans.py; unit-tests / unit-tests -> Run unit-tests for modules/p2p_trust/trust/test_trustdb.py; unit-tests / unit-tests -> Run unit-tests for modules/flow_alerts/test_downloaded_file.py; unit-tests / unit-tests -> Run unit-tests for modules/flow_alerts/test_smtp.py; unit-tests / unit-tests -> Run unit-tests for modules/flow_alerts/test_set_evidence.py; unit-tests / unit-tests -> Run unit-tests for modules/flow_alerts/test_dns.py; unit-tests / unit-tests -> Run unit-tests for modules/p2p_trust/trust/test_go_director.py; unit-tests / unit-tests -> Run unit-tests for modules/p2p_trust/test_p2p_trust.py; unit-tests / unit-tests -> Run unit-tests for modules/flow_alerts/test_utils.py; unit-tests / unit-tests -> Run unit-tests for modules/flow_alerts/test_conn.py; unit-tests / unit-tests -> Run unit-tests for modules/flow_alerts/test_ssl.py; unit-tests / unit-tests -> Run unit-tests for modules/flow_alerts/test_software.py; unit-tests / unit-tests -> Run unit-tests for modules/virustotal/test_virustotal.py; unit-tests / unit-tests -> Run unit-tests for modules/regex_generator/test_regex_generator.py; unit-tests / unit-tests -> Run unit-tests for scripts/test_analyze_alert_creation_delay.py; unit-tests / unit-tests -> Run unit-tests for scripts/test_regex_coverage_report.py; unit-tests / unit-tests -> Run unit-tests for modules/anomaly_detection_https/test_anomaly_detection_https.py; unit-tests / unit-tests -> Run unit-tests for modules/p2p_trust/trust/test_base_model.py; unit-tests / unit-tests -> Run unit-tests for modules/rnn_cc_detection/test_rnn_cc_detection.py; unit-tests / unit-tests -> Run unit-tests for scripts/test_regex_prune_benign_threshold.py; unit-tests / unit-tests -> Run unit-tests for slips_files/logs_analysis/test_analyze_incidents.py; unit-tests / unit-tests -> Run unit-tests for modules/http_analyzer/test_http_analyzer.py; unit-tests / unit-tests -> Run unit-tests for slips/test_daemon.py; unit-tests / unit-tests -> Run unit-tests for modules/blocking/test_blocking.py; unit-tests / unit-tests -> Run unit-tests for slips_files/common/test_config_parser.py; unit-tests / unit-tests -> Run unit-tests for slips_files/common/test_idmefv2.py; unit-tests / unit-tests -> Run unit-tests for slips_files/common/test_output_paths.py; unit-tests / unit-tests -> Run unit-tests for slips_files/common/test_sqlite_flock.py; unit-tests / unit-tests -> Run unit-tests for slips_files/core/helpers/test_symbols_handler.py; unit-tests / unit-tests -> Run unit-tests for slips_files/core/helpers/test_risk_weights_config_parser.py; unit-tests / unit-tests -> Run unit-tests for slips_files/core/test_evidence_handler.py; unit-tests / unit-tests -> Run unit-tests for slips_files/core/helpers/test_notify.py; unit-tests / unit-tests -> Run unit-tests for slips_files/core/test_evidence_handler_worker.py; unit-tests / unit-tests -> Run unit-tests for slips_files/core/helpers/test_flow_handler.py; unit-tests / unit-tests -> Run unit-tests for slips_files/core/helpers/whitelist/test_whitelist.py; unit-tests / unit-tests -> Run unit-tests for slips_files/core/text_formatters/test_evidence_formatter.py; unit-tests / unit-tests -> Run unit-tests for slips_files/core/database/test_database.py; unit-tests / unit-tests -> Run unit-tests for slips_files/core/database/redis_db/test_scan_detections_db.py; unit-tests / unit-tests -> Run unit-tests for slips_files/core/test_zeek_cmd_builder.py; unit-tests / unit-tests -> Run unit-tests for slips_files/core/test_profiler_worker.py; unit-tests / unit-tests -> Run unit-tests for slips_files/common/abstracts/test_imodule.py; unit-tests / unit-tests -> Run unit-tests for slips_files/core/helpers/test_checker.py; unit-tests / unit-tests -> Run unit-tests for slips_files/core/structures/test_idea_format.py; unit-tests / unit-tests -> Run unit-tests for slips_files/core/database/sqlite_db/test_sqlite_database.py; unit-tests / unit-tests -> Run unit-tests for slips_files/common/test_slips_utils.py; unit-tests / unit-tests -> Run unit-tests for slips_files/core/helpers/test_bloom_filters_manager.py; unit-tests / unit-tests -> Run unit-tests for slips_files/common/test_markov_chain.py; unit-tests / unit-tests -> Run unit-tests for slips_files/core/input/test_binetflow_input.py; unit-tests / unit-tests -> Run unit-tests for slips_files/common/abstracts/test_iasync_module.py; unit-tests / unit-tests -> Run unit-tests for slips_files/core/structures/test_evidence.py; unit-tests / unit-tests -> Run unit-tests for slips_files/core/helpers/test_localnet_handler.py; unit-tests / unit-tests -> Run unit-tests for slips_files/core/database/redis_db/test_alert_handler.py; unit-tests / unit-tests -> Run unit-tests for slips_files/core/input/test_binetflow_tabs_input.py; unit-tests / unit-tests -> Run unit-tests for slips_files/core/input/test_zeek_input_profiler.py; unit-tests / unit-tests -> Run unit-tests for slips_files/core/test_output.py; unit-tests / unit-tests -> Run unit-tests for slips_files/core/input/test_interface_input.py; unit-tests / unit-tests -> Run unit-tests for slips_files/core/test_evidence_logger.py; unit-tests / unit-tests -> Run unit-tests for managers/test_process_manager.py; unit-tests / unit-tests -> Run unit-tests for slips_files/core/test_profiler.py; unit-tests / unit-tests -> Run unit-tests for slips_files/core/input/test_pcap_input.py; unit-tests / unit-tests -> Run unit-tests for slips_files/core/input/test_nfdump_input.py; unit-tests / unit-tests -> Run unit-tests for managers/test_host_ip_manager.py; unit-tests / unit-tests -> Run unit-tests for slips_files/core/input/test_cyst_input.py; unit-tests / unit-tests -> Run unit-tests for slips_files/core/structures/test_risk_weights.py; unit-tests / unit-tests -> Run unit-tests for slips_files/core/input/test_zeek_file_remover.py; unit-tests / unit-tests -> Run unit-tests for slips_files/core/input/test_suricata_input.py; unit-tests / unit-tests -> Run unit-tests for managers/test_profilers_manager.py; unit-tests / unit-tests -> Run unit-tests for slips_files/core/input/test_stdin_input.py; unit-tests / unit-tests -> Run unit-tests for managers/test_update_manager.py; unit-tests / unit-tests -> Run unit-tests for slips_files/core/database/redis_db/test_profile_handler.py; unit-tests / unit-tests -> Run unit-tests for slips_files/core/database/redis_db/test_ioc_handler.py; unit-tests / unit-tests -> Run unit-tests for slips_files/core/input/test_input.py; unit-tests / unit-tests -> Run unit-tests for managers/test_slips.py; unit-tests / unit-tests -> Run unit-tests for slips_files/core/input/test_observer_manager.py; unit-tests / unit-tests -> Run unit-tests for slips_files/core/input/test_zeek_log_file_input.py; unit-tests / unit-tests -> Run unit-tests for slips_files/core/input/test_zeek_dir_input.py; unit-tests / unit-tests -> Run unit-tests for managers/test_redis_manager.py; unit-tests / unit-tests -> Run unit-tests for slips_files/core/input/test_argus_input_profiler.py; unit-tests / unit-tests -> Run unit-tests for slips_files/core/test_worker_manager_mixin.py; unit-tests / unit-tests -> Run unit-tests for managers/test_timewindow_manager.py; unit-tests / unit-tests -> Run unit-tests for slips_files/core/input/test_dos_protector.py; unit-tests / unit-tests -> Run unit-tests for managers/test_metadata_manager.py; unit-tests / unit-tests -> Run unit-tests for slips_files/core/input/test_zeek_input_utils.py,unit-tests / unit-tests -> Process completed with exit code 4.,,
3e08f9f477f2d4092c80,4,https://github.com/stratosphereips/StratosphereLinuxIPS/actions/runs/31503535580,ed86965601670ab19bec9e7d42f71e04ce107711,2026-08-11T14:48:07Z,managers/process_manager/config_mixin.py,,,unit-tests / unit-tests,unit-tests / unit-tests -> Run unit-tests for slips/test_daemon.py; unit-tests / unit-tests -> Run unit-tests for modules/llm/test_llm_backend.py; unit-tests / unit-tests -> Run unit-tests for modules/llm/test_llm_backend_config.py; unit-tests / unit-tests -> Run unit-tests for modules/leak_detector/test_leak_detector.py; unit-tests / unit-tests -> Run unit-tests for modules/llm/test_openai_backend_mixin.py; unit-tests / unit-tests -> Run unit-tests for modules/threat_intelligence/test_circllu.py; unit-tests / unit-tests -> Run unit-tests for modules/alert_summary/test_alert_summary.py; unit-tests / unit-tests -> Run unit-tests for modules/update_manager/test_update_file_manager.py; unit-tests / unit-tests -> Run unit-tests for modules/llm/test_ollama_backend_mixin.py; unit-tests / unit-tests -> Run unit-tests for modules/timeline/test_timeline.py; unit-tests / unit-tests -> Run unit-tests for modules/arp/test_arp.py; unit-tests / unit-tests -> Run unit-tests for modules/llm/test_llm.py; unit-tests / unit-tests -> Run unit-tests for modules/arp/test_arp_filter.py; unit-tests / unit-tests -> Run unit-tests for modules/llm/test_llm_errors.py; unit-tests / unit-tests -> Run unit-tests for modules/ip_info/test_asn_info.py; unit-tests / unit-tests -> Run unit-tests for slips/test_main.py; unit-tests / unit-tests -> Run unit-tests for modules/network_discovery/test_horizontal_portscans.py; unit-tests / unit-tests -> Run unit-tests for modules/llm/test_anthropic_backend_mixin.py; unit-tests / unit-tests -> Run unit-tests for modules/flow_alerts/test_utils.py; unit-tests / unit-tests -> Run unit-tests for modules/ip_info/test_ip_info.py; unit-tests / unit-tests -> Run unit-tests for modules/cesnet/test_cesnet.py; unit-tests / unit-tests -> Run unit-tests for modules/brute_force_detector/test_brute_force_detector.py; unit-tests / unit-tests -> Run unit-tests for modules/flow_alerts/test_set_evidence.py; unit-tests / unit-tests -> Run unit-tests for modules/flow_alerts/test_login.py; unit-tests / unit-tests -> Run unit-tests for modules/arp_poisoner/test_arp_poisoner.py; unit-tests / unit-tests -> Run unit-tests for modules/flow_alerts/test_conn.py; unit-tests / unit-tests -> Run unit-tests for modules/regex_generator/test_match_strength.py; unit-tests / unit-tests -> Run unit-tests for modules/flow_alerts/test_tunnel.py; unit-tests / unit-tests -> Run unit-tests for modules/virustotal/test_virustotal.py; unit-tests / unit-tests -> Run unit-tests for modules/t_cell/test_t_cell_db.py; unit-tests / unit-tests -> Run unit-tests for modules/flow_alerts/test_dns.py; unit-tests / unit-tests -> Run unit-tests for modules/p2p_trust/trust/test_base_model.py; unit-tests / unit-tests -> Run unit-tests for modules/flow_alerts/test_smtp.py; unit-tests / unit-tests -> Run unit-tests for modules/t_cell/test_t_cell.py; unit-tests / unit-tests -> Run unit-tests for modules/p2p_trust/trust/test_go_director.py; unit-tests / unit-tests -> Run unit-tests for modules/fides/test_fides_sqlite_db.py; unit-tests / unit-tests -> Run unit-tests for slips_files/logs_analysis/test_analyze_incidents.py; unit-tests / unit-tests -> Run unit-tests for modules/anomaly_detection_https/test_anomaly_detection_https.py; unit-tests / unit-tests -> Run unit-tests for modules/http_analyzer/test_http_analyzer.py; unit-tests / unit-tests -> Run unit-tests for modules/network_discovery/test_vertical_portscans.py; unit-tests / unit-tests -> Run unit-tests for modules/threat_intelligence/test_urlhaus.py; unit-tests / unit-tests -> Run unit-tests for modules/network_discovery/test_network_discovery.py; unit-tests / unit-tests -> Run unit-tests for modules/flow_alerts/test_downloaded_file.py; unit-tests / unit-tests -> Run unit-tests for modules/risk_iq/test_risk_iq.py; unit-tests / unit-tests -> Run unit-tests for scripts/test_regex_prune_benign_threshold.py; unit-tests / unit-tests -> Run unit-tests for modules/regex_generator/test_regex_generator.py; unit-tests / unit-tests -> Run unit-tests for scripts/test_regex_coverage_report.py; unit-tests / unit-tests -> Run unit-tests for modules/flow_alerts/test_notice.py; unit-tests / unit-tests -> Run unit-tests for modules/blocking/test_unblocker.py; unit-tests / unit-tests -> Run unit-tests for modules/fides/test_fides_module.py; unit-tests / unit-tests -> Run unit-tests for modules/flow_alerts/test_software.py; unit-tests / unit-tests -> Run unit-tests for modules/p2p_trust/trust/test_trustdb.py; unit-tests / unit-tests -> Run unit-tests for modules/fides/test_fides_queues.py; unit-tests / unit-tests -> Run unit-tests for modules/rnn_cc_detection/test_rnn_cc_detection.py; unit-tests / unit-tests -> Run unit-tests for modules/threat_intelligence/test_spamhaus.py; unit-tests / unit-tests -> Run unit-tests for modules/t_cell/test_analyze_t_cell.py; unit-tests / unit-tests -> Run unit-tests for modules/p2p_trust/test_p2p_trust.py; unit-tests / unit-tests -> Run unit-tests for modules/blocking/test_blocking.py; unit-tests / unit-tests -> Run unit-tests for modules/flow_alerts/test_ssh.py; unit-tests / unit-tests -> Run unit-tests for scripts/test_analyze_alert_creation_delay.py; unit-tests / unit-tests -> Run unit-tests for modules/regex_generator/test_log_rotator.py; unit-tests / unit-tests -> Run unit-tests for modules/threat_intelligence/test_threat_intelligence.py; unit-tests / unit-tests -> Run unit-tests for modules/fides/test_fides_bridge.py; unit-tests / unit-tests -> Run unit-tests for modules/flow_alerts/test_ssl.py; unit-tests / unit-tests -> Run unit-tests for slips_files/common/test_sqlite_flock.py; unit-tests / unit-tests -> Run unit-tests for slips_files/common/test_idmefv2.py; unit-tests / unit-tests -> Run unit-tests for slips_files/core/test_profiler.py; unit-tests / unit-tests -> Run unit-tests for slips_files/core/test_profiler_worker.py; unit-tests / unit-tests -> Run unit-tests for slips_files/core/text_formatters/test_evidence_formatter.py; unit-tests / unit-tests -> Run unit-tests for slips_files/core/helpers/test_bloom_filters_manager.py; unit-tests / unit-tests -> Run unit-tests for slips_files/common/abstracts/test_imodule.py; unit-tests / unit-tests -> Run unit-tests for slips_files/core/helpers/test_localnet_handler.py; unit-tests / unit-tests -> Run unit-tests for slips_files/core/helpers/test_symbols_handler.py; unit-tests / unit-tests -> Run unit-tests for slips_files/common/test_markov_chain.py; unit-tests / unit-tests -> Run unit-tests for slips_files/common/test_config_parser.py; unit-tests / unit-tests -> Run unit-tests for slips_files/core/database/redis_db/test_ioc_handler.py; unit-tests / unit-tests -> Run unit-tests for slips_files/common/abstracts/test_iasync_module.py; unit-tests / unit-tests -> Run unit-tests for slips_files/core/database/test_database.py; unit-tests / unit-tests -> Run unit-tests for slips_files/common/test_slips_utils.py; unit-tests / unit-tests -> Run unit-tests for slips_files/core/test_evidence_handler.py; unit-tests / unit-tests -> Run unit-tests for slips_files/core/database/redis_db/test_scan_detections_db.py; unit-tests / unit-tests -> Run unit-tests for slips_files/core/helpers/whitelist/test_whitelist.py; unit-tests / unit-tests -> Run unit-tests for slips_files/core/helpers/test_risk_weights_config_parser.py; unit-tests / unit-tests -> Run unit-tests for slips_files/common/test_output_paths.py; unit-tests / unit-tests -> Run unit-tests for slips_files/core/helpers/test_notify.py; unit-tests / unit-tests -> Run unit-tests for slips_files/core/structures/test_idea_format.py; unit-tests / unit-tests -> Run unit-tests for slips_files/core/helpers/test_flow_handler.py; unit-tests / unit-tests -> Run unit-tests for slips_files/core/database/redis_db/test_alert_handler.py; unit-tests / unit-tests -> Run unit-tests for slips_files/core/input/test_stdin_input.py; unit-tests / unit-tests -> Run unit-tests for slips_files/core/test_output.py; unit-tests / unit-tests -> Run unit-tests for slips_files/core/helpers/test_checker.py; unit-tests / unit-tests -> Run unit-tests for slips_files/core/test_zeek_cmd_builder.py; unit-tests / unit-tests -> Run unit-tests for slips_files/core/input/test_suricata_input.py; unit-tests / unit-tests -> Run unit-tests for slips_files/core/database/sqlite_db/test_sqlite_database.py; unit-tests / unit-tests -> Run unit-tests for slips_files/core/test_evidence_handler_worker.py; unit-tests / unit-tests -> Run unit-tests for slips_files/core/input/test_observer_manager.py; unit-tests / unit-tests -> Run unit-tests for slips_files/core/input/test_zeek_input_profiler.py; unit-tests / unit-tests -> Run unit-tests for slips_files/core/input/test_input.py; unit-tests / unit-tests -> Run unit-tests for slips_files/core/input/test_zeek_file_remover.py; unit-tests / unit-tests -> Run unit-tests for slips_files/core/structures/test_evidence.py; unit-tests / unit-tests -> Run unit-tests for slips_files/core/input/test_nfdump_input.py; unit-tests / unit-tests -> Run unit-tests for slips_files/core/input/test_dos_protector.py; unit-tests / unit-tests -> Run unit-tests for slips_files/core/input/test_zeek_log_file_input.py; unit-tests / unit-tests -> Run unit-tests for slips_files/core/input/test_binetflow_input.py; unit-tests / unit-tests -> Run unit-tests for slips_files/core/input/test_interface_input.py; unit-tests / unit-tests -> Run unit-tests for slips_files/core/input/test_cyst_input.py; unit-tests / unit-tests -> Run unit-tests for managers/test_slips.py; unit-tests / unit-tests -> Run unit-tests for managers/test_profilers_manager.py; unit-tests / unit-tests -> Run unit-tests for slips_files/core/structures/test_risk_weights.py; unit-tests / unit-tests -> Run unit-tests for slips_files/core/test_worker_manager_mixin.py; unit-tests / unit-tests -> Run unit-tests for slips_files/core/input/test_argus_input_profiler.py; unit-tests / unit-tests -> Run unit-tests for managers/test_host_ip_manager.py; unit-tests / unit-tests -> Run unit-tests for slips_files/core/input/test_zeek_dir_input.py; unit-tests / unit-tests -> Run unit-tests for managers/test_redis_manager.py; unit-tests / unit-tests -> Run unit-tests for slips_files/core/input/test_pcap_input.py; unit-tests / unit-tests -> Run unit-tests for slips_files/core/test_evidence_logger.py; unit-tests / unit-tests -> Run unit-tests for managers/test_timewindow_manager.py; unit-tests / unit-tests -> Run unit-tests for slips_files/core/input/test_zeek_input_utils.py; unit-tests / unit-tests -> Run unit-tests for managers/test_metadata_manager.py; unit-tests / unit-tests -> Run unit-tests for managers/test_process_manager.py; unit-tests / unit-tests -> Run unit-tests for slips_files/core/database/redis_db/test_profile_handler.py; unit-tests / unit-tests -> Run unit-tests for slips_files/core/input/test_binetflow_tabs_input.py; unit-tests / unit-tests -> Run unit-tests for managers/test_update_manager.py,unit-tests / unit-tests -> Process completed with exit code 4.,,
3e08f9f477f2d4092c80,5,https://github.com/stratosphereips/StratosphereLinuxIPS/actions/runs/31601894103,c95209e057f807fbd3cc1fb4a7c001b1dee09023,2026-08-12T13:31:59Z,managers/process_manager/shutdown_mixin.py; slips/main.py,,,unit-tests / unit-tests,unit-tests / unit-tests -> Run unit-tests for modules/update_manager/test_update_file_manager.py; unit-tests / unit-tests -> Run unit-tests for slips/test_main.py; unit-tests / unit-tests -> Run unit-tests for modules/alert_summary/test_alert_summary.py; unit-tests / unit-tests -> Run unit-tests for modules/llm/test_llm_backend_config.py; unit-tests / unit-tests -> Run unit-tests for modules/llm/test_ollama_backend_mixin.py; unit-tests / unit-tests -> Run unit-tests for modules/llm/test_llm.py; unit-tests / unit-tests -> Run unit-tests for modules/llm/test_llm_backend.py; unit-tests / unit-tests -> Run unit-tests for modules/leak_detector/test_leak_detector.py; unit-tests / unit-tests -> Run unit-tests for modules/ip_info/test_ip_info.py; unit-tests / unit-tests -> Run unit-tests for modules/llm/test_openai_backend_mixin.py; unit-tests / unit-tests -> Run unit-tests for modules/llm/test_llm_errors.py; unit-tests / unit-tests -> Run unit-tests for modules/network_discovery/test_vertical_portscans.py; unit-tests / unit-tests -> Run unit-tests for modules/arp/test_arp_filter.py; unit-tests / unit-tests -> Run unit-tests for modules/regex_generator/test_regex_generator.py; unit-tests / unit-tests -> Run unit-tests for modules/regex_generator/test_log_rotator.py; unit-tests / unit-tests -> Run unit-tests for modules/blocking/test_unblocker.py; unit-tests / unit-tests -> Run unit-tests for modules/threat_intelligence/test_circllu.py; unit-tests / unit-tests -> Run unit-tests for modules/flow_alerts/test_set_evidence.py; unit-tests / unit-tests -> Run unit-tests for modules/regex_generator/test_match_strength.py; unit-tests / unit-tests -> Run unit-tests for modules/threat_intelligence/test_urlhaus.py; unit-tests / unit-tests -> Run unit-tests for modules/llm/test_anthropic_backend_mixin.py; unit-tests / unit-tests -> Run unit-tests for modules/brute_force_detector/test_brute_force_detector.py; unit-tests / unit-tests -> Run unit-tests for modules/flow_alerts/test_notice.py; unit-tests / unit-tests -> Run unit-tests for modules/fides/test_fides_module.py; unit-tests / unit-tests -> Run unit-tests for modules/flow_alerts/test_dns.py; unit-tests / unit-tests -> Run unit-tests for modules/flow_alerts/test_smtp.py; unit-tests / unit-tests -> Run unit-tests for modules/blocking/test_blocking.py; unit-tests / unit-tests -> Run unit-tests for modules/cesnet/test_cesnet.py; unit-tests / unit-tests -> Run unit-tests for modules/t_cell/test_t_cell_db.py; unit-tests / unit-tests -> Run unit-tests for modules/arp_poisoner/test_arp_poisoner.py; unit-tests / unit-tests -> Run unit-tests for modules/fides/test_fides_bridge.py; unit-tests / unit-tests -> Run unit-tests for modules/flow_alerts/test_tunnel.py; unit-tests / unit-tests -> Run unit-tests for modules/ip_info/test_asn_info.py; unit-tests / unit-tests -> Run unit-tests for modules/p2p_trust/trust/test_trustdb.py; unit-tests / unit-tests -> Run unit-tests for modules/network_discovery/test_network_discovery.py; unit-tests / unit-tests -> Run unit-tests for modules/flow_alerts/test_ssl.py; unit-tests / unit-tests -> Run unit-tests for modules/t_cell/test_analyze_t_cell.py; unit-tests / unit-tests -> Run unit-tests for modules/timeline/test_timeline.py; unit-tests / unit-tests -> Run unit-tests for modules/arp/test_arp.py; unit-tests / unit-tests -> Run unit-tests for modules/fides/test_fides_queues.py; unit-tests / unit-tests -> Run unit-tests for modules/flow_alerts/test_downloaded_file.py; unit-tests / unit-tests -> Run unit-tests for modules/network_discovery/test_horizontal_portscans.py; unit-tests / unit-tests -> Run unit-tests for modules/threat_intelligence/test_spamhaus.py; unit-tests / unit-tests -> Run unit-tests for modules/fides/test_fides_sqlite_db.py; unit-tests / unit-tests -> Run unit-tests for modules/anomaly_detection_https/test_anomaly_detection_https.py; unit-tests / unit-tests -> Run unit-tests for modules/flow_alerts/test_software.py; unit-tests / unit-tests -> Run unit-tests for modules/flow_alerts/test_login.py; unit-tests / unit-tests -> Run unit-tests for modules/risk_iq/test_risk_iq.py; unit-tests / unit-tests -> Run unit-tests for modules/virustotal/test_virustotal.py; unit-tests / unit-tests -> Run unit-tests for modules/flow_alerts/test_conn.py; unit-tests / unit-tests -> Run unit-tests for modules/rnn_cc_detection/test_rnn_cc_detection.py; unit-tests / unit-tests -> Run unit-tests for modules/p2p_trust/test_p2p_trust.py; unit-tests / unit-tests -> Run unit-tests for slips/test_daemon.py; unit-tests / unit-tests -> Run unit-tests for modules/p2p_trust/trust/test_base_model.py; unit-tests / unit-tests -> Run unit-tests for modules/flow_alerts/test_utils.py; unit-tests / unit-tests -> Run unit-tests for modules/http_analyzer/test_http_analyzer.py; unit-tests / unit-tests -> Run unit-tests for scripts/test_analyze_alert_creation_delay.py; unit-tests / unit-tests -> Run unit-tests for scripts/test_regex_coverage_report.py; unit-tests / unit-tests -> Run unit-tests for modules/t_cell/test_t_cell.py; unit-tests / unit-tests -> Run unit-tests for modules/threat_intelligence/test_threat_intelligence.py; unit-tests / unit-tests -> Run unit-tests for scripts/test_regex_prune_benign_threshold.py; unit-tests / unit-tests -> Run unit-tests for modules/p2p_trust/trust/test_go_director.py; unit-tests / unit-tests -> Run unit-tests for slips_files/logs_analysis/test_analyze_incidents.py; unit-tests / unit-tests -> Run unit-tests for modules/flow_alerts/test_ssh.py; unit-tests / unit-tests -> Run unit-tests for slips_files/common/test_sqlite_flock.py; unit-tests / unit-tests -> Run unit-tests for slips_files/core/helpers/test_bloom_filters_manager.py; unit-tests / unit-tests -> Run unit-tests for slips_files/common/test_output_paths.py; unit-tests / unit-tests -> Run unit-tests for slips_files/core/test_profiler.py; unit-tests / unit-tests -> Run unit-tests for slips_files/common/test_markov_chain.py; unit-tests / unit-tests -> Run unit-tests for slips_files/core/test_evidence_handler.py; unit-tests / unit-tests -> Run unit-tests for slips_files/core/test_profiler_worker.py; unit-tests / unit-tests -> Run unit-tests for slips_files/core/helpers/test_flow_handler.py; unit-tests / unit-tests -> Run unit-tests for slips_files/common/test_config_parser.py; unit-tests / unit-tests -> Run unit-tests for slips_files/core/helpers/test_localnet_handler.py; unit-tests / unit-tests -> Run unit-tests for slips_files/core/text_formatters/test_evidence_formatter.py; unit-tests / unit-tests -> Run unit-tests for slips_files/core/database/redis_db/test_ioc_handler.py; unit-tests / unit-tests -> Run unit-tests for slips_files/common/abstracts/test_imodule.py; unit-tests / unit-tests -> Run unit-tests for slips_files/core/test_evidence_handler_worker.py; unit-tests / unit-tests -> Run unit-tests for slips_files/core/helpers/test_notify.py; unit-tests / unit-tests -> Run unit-tests for slips_files/common/abstracts/test_iasync_module.py; unit-tests / unit-tests -> Run unit-tests for slips_files/core/structures/test_risk_weights.py; unit-tests / unit-tests -> Run unit-tests for slips_files/core/helpers/whitelist/test_whitelist.py; unit-tests / unit-tests -> Run unit-tests for slips_files/core/input/test_zeek_file_remover.py; unit-tests / unit-tests -> Run unit-tests for slips_files/common/test_slips_utils.py; unit-tests / unit-tests -> Run unit-tests for slips_files/core/test_output.py; unit-tests / unit-tests -> Run unit-tests for slips_files/core/input/test_observer_manager.py; unit-tests / unit-tests -> Run unit-tests for slips_files/core/structures/test_evidence.py; unit-tests / unit-tests -> Run unit-tests for slips_files/core/input/test_zeek_dir_input.py; unit-tests / unit-tests -> Run unit-tests for slips_files/core/input/test_zeek_input_utils.py; unit-tests / unit-tests -> Run unit-tests for slips_files/core/database/redis_db/test_alert_handler.py; unit-tests / unit-tests -> Run unit-tests for slips_files/core/input/test_suricata_input.py; unit-tests / unit-tests -> Run unit-tests for slips_files/core/input/test_binetflow_tabs_input.py; unit-tests / unit-tests -> Run unit-tests for slips_files/core/input/test_cyst_input.py; unit-tests / unit-tests -> Run unit-tests for slips_files/core/input/test_argus_input_profiler.py; unit-tests / unit-tests -> Run unit-tests for slips_files/common/test_idmefv2.py; unit-tests / unit-tests -> Run unit-tests for slips_files/core/helpers/test_risk_weights_config_parser.py; unit-tests / unit-tests -> Run unit-tests for slips_files/core/input/test_zeek_input_profiler.py; unit-tests / unit-tests -> Run unit-tests for slips_files/core/helpers/test_symbols_handler.py; unit-tests / unit-tests -> Run unit-tests for slips_files/core/helpers/test_checker.py; unit-tests / unit-tests -> Run unit-tests for slips_files/core/database/redis_db/test_profile_handler.py; unit-tests / unit-tests -> Run unit-tests for slips_files/core/database/redis_db/test_scan_detections_db.py; unit-tests / unit-tests -> Run unit-tests for slips_files/core/test_zeek_cmd_builder.py; unit-tests / unit-tests -> Run unit-tests for managers/test_host_ip_manager.py; unit-tests / unit-tests -> Run unit-tests for slips_files/core/database/sqlite_db/test_sqlite_database.py; unit-tests / unit-tests -> Run unit-tests for slips_files/core/test_evidence_logger.py; unit-tests / unit-tests -> Run unit-tests for slips_files/core/input/test_nfdump_input.py; unit-tests / unit-tests -> Run unit-tests for managers/test_metadata_manager.py; unit-tests / unit-tests -> Run unit-tests for managers/test_update_manager.py; unit-tests / unit-tests -> Run unit-tests for slips_files/core/input/test_binetflow_input.py; unit-tests / unit-tests -> Run unit-tests for slips_files/core/test_worker_manager_mixin.py; unit-tests / unit-tests -> Run unit-tests for slips_files/core/database/test_database.py; unit-tests / unit-tests -> Run unit-tests for slips_files/core/input/test_zeek_log_file_input.py; unit-tests / unit-tests -> Run unit-tests for slips_files/core/input/test_stdin_input.py; unit-tests / unit-tests -> Run unit-tests for managers/test_profilers_manager.py; unit-tests / unit-tests -> Run unit-tests for slips_files/core/input/test_interface_input.py; unit-tests / unit-tests -> Run unit-tests for managers/test_redis_manager.py; unit-tests / unit-tests -> Run unit-tests for slips_files/core/input/test_input.py; unit-tests / unit-tests -> Run unit-tests for slips_files/core/input/test_pcap_input.py; unit-tests / unit-tests -> Run unit-tests for slips_files/core/input/test_dos_protector.py; unit-tests / unit-tests -> Run unit-tests for managers/test_timewindow_manager.py; unit-tests / unit-tests -> Run unit-tests for managers/test_slips.py; unit-tests / unit-tests -> Run unit-tests for slips_files/core/structures/test_idea_format.py; unit-tests / unit-tests -> Run unit-tests for managers/test_process_manager.py,unit-tests / unit-tests -> Process completed with exit code 4.,,
3e08f9f477f2d4092c80,6,https://github.com/stratosphereips/StratosphereLinuxIPS/actions/runs/31637611787,24473166734b97e905349381fb0137a0da793603,2026-08-12T20:25:55Z,managers/process_manager/reporting_mixin.py; modules/supported_module_names.py,,,unit-tests / unit-tests,unit-tests / unit-tests -> Run unit-tests for modules/alert_summary/test_alert_summary.py; unit-tests / unit-tests -> Run unit-tests for managers/test_process_manager.py; unit-tests / unit-tests -> Run unit-tests for managers/test_metadata_manager.py; unit-tests / unit-tests -> Run unit-tests for managers/test_slips.py,unit-tests / unit-tests -> Process completed with exit code 1.,,
3e08f9f477f2d4092c80,7,https://github.com/stratosphereips/StratosphereLinuxIPS/actions/runs/31637801484,344cb5e31d206a4cc810ce9a3ffc5756324d7ce5,2026-08-12T20:28:17Z,managers/process_manager/__init__.py,,,unit-tests / unit-tests,unit-tests / unit-tests -> Run unit-tests for modules/alert_summary/test_alert_summary.py; unit-tests / unit-tests -> Run unit-tests for managers/test_slips.py; unit-tests / unit-tests -> Run unit-tests for managers/test_metadata_manager.py; unit-tests / unit-tests -> Run unit-tests for managers/test_process_manager.py,unit-tests / unit-tests -> Process completed with exit code 1.,,
3e08f9f477f2d4092c80,8,https://github.com/stratosphereips/StratosphereLinuxIPS/actions/runs/31715397811,204f61edb719d05062934e8fef69e7919dfa53c9,2026-08-13T15:26:23Z,tests/module_factory.py; tests/unit/managers/test_metadata_manager.py; tests/unit/managers/test_process_manager.py; tests/unit/managers/test_slips.py; tests/unit/modules/alert_summary/test_alert_summary.py; tests/unit/modules/arp/test_arp_filter.py; tests/unit/modules/llm/test_llm.py; tests/unit/modules/t_cell/test_t_cell.py; tests/unit/modules/test_supported_module_names.py; tests/unit/slips_files/common/abstracts/test_imodule.py; tests/unit/slips_files/common/test_config_parser.py; tests/unit/slips_files/core/database/test_database.py,,,unit-tests / unit-tests,unit-tests / unit-tests -> Run unit-tests for managers/test_process_manager.py,unit-tests / unit-tests -> Process completed with exit code 1.,,
3e08f9f477f2d4092c80,9,https://github.com/stratosphereips/StratosphereLinuxIPS/actions/runs/31719666523,24dc495ca6b12eedb6fbb6f6906ae8c092108e72,2026-08-13T16:14:30Z,managers/metadata_manager.py; managers/process_manager/config_mixin.py; managers/process_manager/reporting_mixin.py; tests/integration/test_iris/test_iris.py; tests/unit/managers/test_process_manager.py,,,unit-tests / unit-tests,unit-tests / unit-tests -> Run unit-tests for managers/test_process_manager.py,unit-tests / unit-tests -> Process completed with exit code 1.,,
3e08f9f477f2d4092c80,10,https://github.com/stratosphereips/StratosphereLinuxIPS/actions/runs/31740112094,9b6517830dcf8d63a854db6393f86f3937aa6dfe,2026-08-13T20:17:27Z,modules/rnn_cc_detection/rnn_cc_detection.py,,,unit-tests / unit-tests,unit-tests / unit-tests -> Run unit-tests for slips_files/core/input/test_input.py,unit-tests / unit-tests -> Process completed with exit code 1.,,
ceafe4ce72167b62b208,1,https://github.com/stratosphereips/StratosphereLinuxIPS/actions/runs/31806001445,28bf6ea2fa488ce9cb92409e971a8cfd7720510d,2026-08-14T13:42:53Z,slips/main.py; slips_files/core/profiler_worker.py; slips_files/core/worker_manager_mixin.py; tests/unit/slips/test_main.py; tests/unit/slips_files/core/test_profiler.py; tests/unit/slips_files/core/test_profiler_worker.py,,,unit-tests / unit-tests,unit-tests / unit-tests -> Run unit-tests for slips_files/core/test_profiler.py,unit-tests / unit-tests -> Process completed with exit code 1.,,
956bcda46a5b62e6c336,1,https://github.com/stratosphereips/StratosphereLinuxIPS/actions/runs/23716395550,c356c90ea8cbcc704c55bd8b90cc0b7249a41abd,2026-03-29T18:48:31Z,slips_files/core/helpers/localnet_handler.py,,,unit-tests (slips_files/core/helpers/test_localnet_handler.py); unit-tests (slips_files/core/test_profiler.py); unit-tests (slips_files/core/test_profiler_worker.py),,unit-tests (slips_files/core/helpers/test_localnet_handler.py) -> .github:716 — Process completed with exit code 1.; unit-tests (slips_files/core/test_profiler.py) -> .github:110 — Process completed with exit code 1.; unit-tests (slips_files/core/test_profiler_worker.py) -> .github:4360 — Process completed with exit code 1.,,
fd7313576c0a1a457fd0,1,https://github.com/stratosphereips/StratosphereLinuxIPS/actions/runs/25135525769,df3c5ce8c27be3e99cdc2ccd42669b849fb4fbfd,2026-04-29T21:45:10Z,tests/integration/test_fides/test_fides.py,,,unit-tests (slips/test_daemon.py),unit-tests (slips/test_daemon.py) -> Run Unit Tests for slips/test_daemon.py,unit-tests (slips/test_daemon.py) -> .github:97 — Process completed with exit code 1.,,
1218f405b8de40eeda98,1,https://github.com/stratosphereips/StratosphereLinuxIPS/actions/runs/25167752165,a765be69bf0815dc65f5726a367a8ab2f8d52def,2026-04-30T13:21:00Z,modules/fides/fides.py; modules/fides/messaging/network_bridge.py; modules/fides/model/peer_trust_data.py; modules/fides/persistence/threat_intelligence_db.py; modules/fides/persistence/trust_db.py; modules/fides/protocols/threat_intelligence.py; modules/fides/utils/logger.py; tests/common_test_utils.py; tests/unit/modules/fides/test_fides_bridge.py,,,unit-tests (modules/fides/test_fides_module.py),unit-tests (modules/fides/test_fides_module.py) -> Run Unit Tests for modules/fides/test_fides_module.py,unit-tests (modules/fides/test_fides_module.py) -> .github:56 — Process completed with exit code 1.,,
1218f405b8de40eeda98,2,https://github.com/stratosphereips/StratosphereLinuxIPS/actions/runs/25167881254,4126f3bd9488e30259b87e8c09a83d7694ce87e2,2026-04-30T13:23:41Z,tests/integration/test_fides/test_fides.py,,,unit-tests (modules/fides/test_fides_module.py),unit-tests (modules/fides/test_fides_module.py) -> Run Unit Tests for modules/fides/test_fides_module.py,unit-tests (modules/fides/test_fides_module.py) -> .github:56 — Process completed with exit code 1.,,
128a336c6c51a4b55879,1,https://github.com/stratosphereips/StratosphereLinuxIPS/actions/runs/17379928332,33393d8b914170bfe466f4b431c7074dd701a9fd,2025-09-01T14:03:51Z,,install/requirements.txt,,unit-tests (test_evidence_formatter.py),,unit-tests (test_evidence_formatter.py) -> .github:514 — Process completed with exit code 1.,,
128a336c6c51a4b55879,2,https://github.com/stratosphereips/StratosphereLinuxIPS/actions/runs/17380429664,435b185358e8ff3007d96fae17164d3122a69099,2025-09-01T14:24:35Z,,install/requirements.txt,,unit-tests (test_evidence_formatter.py),,unit-tests (test_evidence_formatter.py) -> .github:286 — Process completed with exit code 1.,,
128a336c6c51a4b55879,3,https://github.com/stratosphereips/StratosphereLinuxIPS/actions/runs/17380893762,c0db94482b2e7f0c988bc24c3eac0c592652f51d,2025-09-01T14:44:48Z,tests/test_evidence_formatter.py,,,unit-tests (test_asn_info.py); unit-tests (test_conn.py); unit-tests (test_host_ip_manager.py); unit-tests (test_ioc_handler.py),,unit-tests (test_asn_info.py) -> .github:57 — Process completed with exit code 1.; unit-tests (test_conn.py) -> .github:57 — Process completed with exit code 1.; unit-tests (test_host_ip_manager.py) -> .github:57 — Process completed with exit code 1.; unit-tests (test_ioc_handler.py) -> .github:57 — Process completed with exit code 1.,,
efad758884e3f957bc41,1,https://github.com/stratosphereips/StratosphereLinuxIPS/actions/runs/23807402007,17e71182801c3f1f690557533e0ffae1bf230b4e,2026-03-31T16:09:57Z,managers/redis_manager.py,,,unit-tests (slips_files/core/test_profiler.py),,unit-tests (slips_files/core/test_profiler.py) -> .github:86 — Process completed with exit code 1.,,
bd1fc7e622dfeef98318,1,https://github.com/stratosphereips/StratosphereLinuxIPS/actions/runs/23807977696,e1d6357b8c365e47a3f3ec1d3cc0cac78b8e5cbc,2026-03-31T16:23:19Z,slips_files/core/input_profilers/argus.py; tests/unit/slips_files/core/input/test_argus_input_profiler.py,,,unit-tests (slips_files/core/input/test_argus_input_profiler.py),,unit-tests (slips_files/core/input/test_argus_input_profiler.py) -> .github:62 — Process completed with exit code 1.,,
9f34ee494fd556521481,1,https://github.com/stratosphereips/StratosphereLinuxIPS/actions/runs/26761076331,e7e5babaa80e844fcfe41740a3d441fca3dc573b,2026-06-01T14:25:35Z,,docker/light/Dockerfile,,unit-tests (managers/test_process_manager.py),unit-tests (managers/test_process_manager.py) -> Run Unit Tests for managers/test_process_manager.py,unit-tests (managers/test_process_manager.py) -> .github:255 — Process completed with exit code 1.,,
a1d65e9bd604e85c710e,1,https://github.com/stratosphereips/StratosphereLinuxIPS/actions/runs/33264271538,8793c5c01e7a9461c6542b24cd30496a46dc6f40,2026-08-29T16:55:35Z,,,,unit-tests / unit-tests / conn_analyzer/test_conn_analyzer.py,unit-tests / unit-tests / conn_analyzer/test_conn_analyzer.py -> Run unit-tests for modules/conn_analyzer/test_conn_analyzer.py,unit-tests / unit-tests / conn_analyzer/test_conn_analyzer.py -> Process completed with exit code 1.,,
a1d65e9bd604e85c710e,2,https://github.com/stratosphereips/StratosphereLinuxIPS/actions/runs/33264329282,2e8dfbc8e7876c75ce996c88828dff63069546f1,2026-08-29T16:56:58Z,,,,unit-tests / unit-tests / conn_analyzer/test_conn_analyzer.py,unit-tests / unit-tests / conn_analyzer/test_conn_analyzer.py -> Run unit-tests for modules/conn_analyzer/test_conn_analyzer.py,unit-tests / unit-tests / conn_analyzer/test_conn_analyzer.py -> Process completed with exit code 1.,,
0974d27f1c14cd0e35d3,1,https://github.com/stratosphereips/StratosphereLinuxIPS/actions/runs/33278670684,1ff8b208e6754b3f9def89687ada1e55e07e66d0,2026-08-29T22:28:25Z,tests/unit/slips_files/core/database/redis_db/test_scan_detections_db.py,,,unit-tests / unit-tests / database/test_database.py,unit-tests / unit-tests / database/test_database.py -> Run unit-tests for slips_files/core/database/test_database.py,unit-tests / unit-tests / database/test_database.py -> Process completed with exit code 1.,,
4f6e67b614fff07b55e6,1,https://github.com/stratosphereips/StratosphereLinuxIPS/actions/runs/33324658853,671824ea757a0aab33160d7f990afb9499557427,2026-08-30T17:13:42Z,tests/unit/modules/p2p_trust/test_p2p_trust.py,,,unit-tests / unit-tests / database/test_database.py,unit-tests / unit-tests / database/test_database.py -> Run unit-tests for slips_files/core/database/test_database.py,unit-tests / unit-tests / database/test_database.py -> Process completed with exit code 1.,,
e17a91cf3f25740b5a73,1,https://github.com/stratosphereips/StratosphereLinuxIPS/actions/runs/23334946217,91c2472eac936aba3775efb804eea38a894f4c68,2026-03-20T08:28:53Z,modules/anomaly_detection_https/anomaly_detection_https.py,,,unit-tests (slips_files/core/database/redis_db/test_alert_handler.py),,unit-tests (slips_files/core/database/redis_db/test_alert_handler.py) -> .github:141 — Process completed with exit code 1.,,
85962a3e87d69edc1b90,1,https://github.com/stratosphereips/StratosphereLinuxIPS/actions/runs/26970015072,72934516e5e3f315dedc2dea16068088d77c6acd,2026-06-04T18:00:55Z,modules/ip_info/ip_info.py; slips_files/common/slips_utils.py; tests/module_factory.py; tests/unit/modules/flow_alerts/test_conn.py; tests/unit/modules/flow_alerts/test_dns.py; tests/unit/modules/flow_alerts/test_utils.py; tests/unit/modules/ip_info/test_ip_info.py,,,unit-tests (modules/ip_info/test_ip_info.py),unit-tests (modules/ip_info/test_ip_info.py) -> Run Unit Tests for modules/ip_info/test_ip_info.py,unit-tests (modules/ip_info/test_ip_info.py) -> .github:168 — Process completed with exit code 1.,,
3dcb467b98b6d886a0d7,1,https://github.com/stratosphereips/StratosphereLinuxIPS/actions/runs/19295513259,ac14de2f8072d4be66501bd524c5e8fc3568181d,2025-11-12T11:13:51Z,,,,install-dependencies-using-reusable-workflow / install-dependencies,,install-dependencies-using-reusable-workflow / install-dependencies -> .github:79 — Process completed with exit code 100.,,
3dcb467b98b6d886a0d7,2,https://github.com/stratosphereips/StratosphereLinuxIPS/actions/runs/19295804429,f0c680358ee9448fa6957cb10f337cdb51238009,2025-11-12T11:24:38Z,,.github/workflows/install-slips-dependencies.yml; .github/workflows/integration-tests.yml; docker/Dockerfile; docker/light/Dockerfile,,install-dependencies-using-reusable-workflow / install-dependencies,,install-dependencies-using-reusable-workflow / install-dependencies -> .github:79 — Process completed with exit code 100.,,
3dcb467b98b6d886a0d7,3,https://github.com/stratosphereips/StratosphereLinuxIPS/actions/runs/19296622168,170ea4dd10ba6ab49367e91de0b21339dff3867b,2025-11-12T11:58:21Z,,.github/workflows/install-slips-dependencies.yml; docker/light/Dockerfile,,install-dependencies-using-reusable-workflow / install-dependencies,,install-dependencies-using-reusable-workflow / install-dependencies -> .github:184 — Process completed with exit code 100.,,
3dcb467b98b6d886a0d7,4,https://github.com/stratosphereips/StratosphereLinuxIPS/actions/runs/19296995715,ccdcbedd1e4f3abdae6f16e53b923c0d160ef68c,2025-11-12T12:12:02Z,,.github/workflows/install-slips-dependencies.yml; .github/workflows/integration-tests.yml,,install-dependencies-using-reusable-workflow / install-dependencies,,install-dependencies-using-reusable-workflow / install-dependencies -> .github:18 — Process completed with exit code 2.,,
33f7c47c111ae1734fcc,1,https://github.com/stratosphereips/StratosphereLinuxIPS/actions/runs/19963128148,59a432ebb955dc756d089fb7c3eb992218ccc2f1,2025-12-05T12:35:11Z,,,,integration-tests (test_pcap_dataset.py),,integration-tests (test_pcap_dataset.py) -> .github:129 — Process completed with exit code 1.,,
e445b460a71ef04e210e,1,https://github.com/stratosphereips/StratosphereLinuxIPS/actions/runs/19972440061,1c3c3a01fda4f1d6b135dc24b02593a42482bb4e,2025-12-05T18:34:06Z,slips_files/core/profiler.py,,,integration-tests (test_dataset.py),,integration-tests (test_dataset.py) -> .github:450 — Process completed with exit code 1.,,
e445b460a71ef04e210e,2,https://github.com/stratosphereips/StratosphereLinuxIPS/actions/runs/20011657461,c81f5f1d71839d8fc5bdcd04da23b9d924fac63d,2025-12-07T22:59:24Z,managers/process_manager.py; slips_files/core/profiler.py,,,integration-tests (test_dataset.py),,integration-tests (test_dataset.py) -> .github:450 — Process completed with exit code 1.,,
e445b460a71ef04e210e,3,https://github.com/stratosphereips/StratosphereLinuxIPS/actions/runs/20026390104,ae0e91b9922218e7f95562d4e46fb933f78002cf,2025-12-08T11:21:33Z,slips_files/core/input_profilers/zeek.py; slips_files/core/profiler_worker.py,,,integration-tests (test_dataset.py),,integration-tests (test_dataset.py) -> .github:450 — Process completed with exit code 1.,,
e445b460a71ef04e210e,4,https://github.com/stratosphereips/StratosphereLinuxIPS/actions/runs/20064161195,65b2d01e6bcb5139ce05ce68f4cece1713778bad,2025-12-09T12:53:43Z,slips_files/common/slips_utils.py; slips_files/core/profiler_worker.py; tests/test_profiler_worker.py,,,integration-tests (test_config_files.py),,integration-tests (test_config_files.py) -> .github:1639 — Process completed with exit code 1.,,
e445b460a71ef04e210e,5,https://github.com/stratosphereips/StratosphereLinuxIPS/actions/runs/20075438648,55241bf530a3ebf61cc69b6b7d9144a404126ba9,2025-12-09T19:10:30Z,slips_files/core/aid_manager.py; slips_files/core/profiler.py,,,integration-tests (test_fides.py),,integration-tests (test_fides.py) -> .github:880 — Process completed with exit code 1.,,
e445b460a71ef04e210e,6,https://github.com/stratosphereips/StratosphereLinuxIPS/actions/runs/20075870977,90761caed64df08e80d023297d91de3db2d5f698,2025-12-09T19:25:39Z,slips_files/core/aid_manager.py,,,integration-tests (test_config_files.py),,integration-tests (test_config_files.py) -> .github:601 — Process completed with exit code 1.,,
e445b460a71ef04e210e,7,https://github.com/stratosphereips/StratosphereLinuxIPS/actions/runs/20076386641,c0123c97b30aa1375e37f146a9aba9a39be46818,2025-12-09T19:45:11Z,modules/threat_intelligence/threat_intelligence.py,,,integration-tests (test_zeek_dataset.py),,integration-tests (test_zeek_dataset.py) -> .github:788 — Process completed with exit code 1.,,
e445b460a71ef04e210e,8,https://github.com/stratosphereips/StratosphereLinuxIPS/actions/runs/20076636214,bec613334d3c1b2a6537086003c48a1abb47e8b2,2025-12-09T19:55:03Z,slips_files/common/slips_utils.py,,,integration-tests (test_config_files.py),,integration-tests (test_config_files.py) -> .github:609 — Process completed with exit code 1.,,
e445b460a71ef04e210e,9,https://github.com/stratosphereips/StratosphereLinuxIPS/actions/runs/20076758922,4f3a4ccf8e845d619e6ef5d6ff01d43603f95547,2025-12-09T20:00:14Z,slips_files/common/slips_utils.py,,,integration-tests (test_dataset.py),,integration-tests (test_dataset.py) -> .github:450 — Process completed with exit code 1.,,
e445b460a71ef04e210e,10,https://github.com/stratosphereips/StratosphereLinuxIPS/actions/runs/20116847566,0759ade158753687a01556a760f461fab31b2c08,2025-12-10T23:40:24Z,slips_files/common/slips_utils.py,,,integration-tests (test_config_files.py),,integration-tests (test_config_files.py) -> .github:112 — Process completed with exit code 1.,,
e445b460a71ef04e210e,11,https://github.com/stratosphereips/StratosphereLinuxIPS/actions/runs/20117155947,358da92655b5eb63219bba6f095dd1a6b01d5fc9,2025-12-10T23:57:47Z,slips_files/common/slips_utils.py; slips_files/core/profiler_worker.py,,,integration-tests (test_fides.py),,integration-tests (test_fides.py) -> .github:113 — Process completed with exit code 1.,,
e445b460a71ef04e210e,12,https://github.com/stratosphereips/StratosphereLinuxIPS/actions/runs/20117539704,12a877817eb2a63961d74153ff01ff90fd6fcde0,2025-12-11T00:17:21Z,slips_files/core/profiler_worker.py,,,integration-tests (test_config_files.py),,integration-tests (test_config_files.py) -> .github:112 — Process completed with exit code 1.,,
e445b460a71ef04e210e,13,https://github.com/stratosphereips/StratosphereLinuxIPS/actions/runs/20118322438,ab6193022950c3baef19921715411c638bfcc562,2025-12-11T00:57:44Z,slips_files/common/slips_utils.py; slips_files/core/flows/zeek.py; slips_files/core/input_profilers/zeek.py; slips_files/core/profiler_worker.py,,,integration-tests (test_config_files.py),,integration-tests (test_config_files.py) -> .github:9335 — Process completed with exit code 1.,,
e445b460a71ef04e210e,14,https://github.com/stratosphereips/StratosphereLinuxIPS/actions/runs/20118572983,5902fe3c4049dff30dae9c89c05dcc27793962af,2025-12-11T01:11:00Z,modules/flowmldetection/flowmldetection.py; slips_files/core/flows/zeek.py,,,integration-tests (test_config_files.py),,integration-tests (test_config_files.py) -> .github:311 — Process completed with exit code 1.,,
e445b460a71ef04e210e,15,https://github.com/stratosphereips/StratosphereLinuxIPS/actions/runs/20146526660,8c9ac5333fa4e6b4f6f0bbc11e1c4579dde4b535,2025-12-11T20:30:32Z,slips_files/core/database/redis_db/profile_handler.py; slips_files/core/profiler_worker.py,,,integration-tests (test_config_files.py),,integration-tests (test_config_files.py) -> .github:311 — Process completed with exit code 1.,,
e445b460a71ef04e210e,16,https://github.com/stratosphereips/StratosphereLinuxIPS/actions/runs/20151198158,73fd63053d571c5215648c368287090468dc050f,2025-12-11T23:49:04Z,slips_files/core/profiler.py; slips_files/core/profiler_worker.py; tests/module_factory.py; tests/test_profiler.py,,,integration-tests (test_fides.py),,integration-tests (test_fides.py) -> .github:154 — Process completed with exit code 1.,,
e445b460a71ef04e210e,17,https://github.com/stratosphereips/StratosphereLinuxIPS/actions/runs/20248838742,4fe092d4a7c67b477236747e2dcbc99af2ab7050,2025-12-15T21:59:47Z,slips_files/core/database/redis_db/flow_attributes_db.py,,,integration-tests (test_fides.py),,integration-tests (test_fides.py) -> .github:962 — Process completed with exit code 1.,,
e445b460a71ef04e210e,18,https://github.com/stratosphereips/StratosphereLinuxIPS/actions/runs/20281746335,ff922c0d6cf1c9901c7b0bc13114128027fd1140,2025-12-16T20:28:40Z,slips_files/core/database/redis_db/flow_attributes_db.py; slips_files/core/database/redis_db/flow_tracker_db.py,,,integration-tests (test_iris.py),,integration-tests (test_iris.py) -> .github:929 — Process completed with exit code 1.,,
e445b460a71ef04e210e,19,https://github.com/stratosphereips/StratosphereLinuxIPS/actions/runs/20350641617,42bc43dcd88fa1bf683f98ce3ec7614c0e8559ba,2025-12-18T20:39:07Z,slips_files/core/database/redis_db/flow_attributes_db.py; slips_files/core/database/redis_db/profile_handler.py,,,integration-tests (test_fides.py),,integration-tests (test_fides.py) -> .github:1398 — Process completed with exit code 1.,,
e445b460a71ef04e210e,20,https://github.com/stratosphereips/StratosphereLinuxIPS/actions/runs/20384943480,35e33e04c4b196721bbdd0cff451312d402a9846,2025-12-19T23:10:39Z,modules/network_discovery/horizontal_portscan.py,,,integration-tests (test_fides.py),,integration-tests (test_fides.py) -> .github:1382 — Process completed with exit code 1.,,
e445b460a71ef04e210e,21,https://github.com/stratosphereips/StratosphereLinuxIPS/actions/runs/20444135694,52344c5e20f232c5e6b1627ca93c6a57cd734da9,2025-12-22T21:13:37Z,slips_files/core/database/redis_db/database.py,,,integration-tests (test_fides.py),,integration-tests (test_fides.py) -> .github:618 — Process completed with exit code 1.,,
e445b460a71ef04e210e,22,https://github.com/stratosphereips/StratosphereLinuxIPS/actions/runs/20494910945,ab8825356731a018e7feedc498b4cadfed86eb09,2025-12-24T22:33:39Z,slips_files/common/slips_utils.py; slips_files/core/database/redis_db/scan_detections_db.py,,,integration-tests (test_dataset.py),,integration-tests (test_dataset.py) -> .github:28 — Process completed with exit code 4.,,
e445b460a71ef04e210e,23,https://github.com/stratosphereips/StratosphereLinuxIPS/actions/runs/20718858532,5877cd6ce6cef394f360cf91712f59dad0eabfea,2026-01-05T14:41:19Z,tests/test_database.py; tests/test_network_discovery.py; tests/test_profile_handler.py; tests/test_profiler.py; tests/test_profiler_worker.py,,,integration-tests (test_config_files.py),,integration-tests (test_config_files.py) -> .github:28 — Process completed with exit code 4.,,
e445b460a71ef04e210e,24,https://github.com/stratosphereips/StratosphereLinuxIPS/actions/runs/20756972960,ca2ce1f6dd9f867dd11be91eaf0948f3b9555d0e,2026-01-06T17:49:28Z,slips_files/common/slips_utils.py; slips_files/core/database/redis_db/scan_detections_db.py,,,integration-tests (test_fides.py),,integration-tests (test_fides.py) -> .github:618 — Process completed with exit code 1.,,
e445b460a71ef04e210e,25,https://github.com/stratosphereips/StratosphereLinuxIPS/actions/runs/20797431268,c3fe9669ed010f6d91cc3c918d9868b51241af72,2026-01-07T21:41:24Z,modules/flowalerts/conn.py; modules/flowalerts/set_evidence.py,,,integration-tests (test_config_files.py),,integration-tests (test_config_files.py) -> .github:112 — Process completed with exit code 1.,,
e445b460a71ef04e210e,26,https://github.com/stratosphereips/StratosphereLinuxIPS/actions/runs/20831276159,40bae5cd9599a6b9e6dc1a16f58a9ffc4ce77234,2026-01-08T20:48:30Z,modules/network_discovery/network_discovery.py; modules/network_discovery/vertical_portscan.py; slips_files/core/database/redis_db/scan_detections_db.py,,,integration-tests (test_config_files.py),,integration-tests (test_config_files.py) -> .github:29503 — Process completed with exit code 1.,,
e445b460a71ef04e210e,27,https://github.com/stratosphereips/StratosphereLinuxIPS/actions/runs/20869972590,e7480d8903d1dd48122fda11aa1334e07acd9b29,2026-01-10T00:50:40Z,modules/network_discovery/network_discovery.py; tests/test_horizontal_portscans.py,,,integration-tests (test_config_files.py),,integration-tests (test_config_files.py) -> .github:29503 — Process completed with exit code 1.,,
e445b460a71ef04e210e,28,https://github.com/stratosphereips/StratosphereLinuxIPS/actions/runs/20896240955,08c97727294e9e344845f1b5bc06a27001f84013,2026-01-11T13:52:49Z,slips_files/core/database/redis_db/constants.py; slips_files/core/database/redis_db/database.py; slips_files/core/database/redis_db/ioc_handler.py,,,integration-tests (test_config_files.py),,integration-tests (test_config_files.py) -> .github:29503 — Process completed with exit code 1.,,
e445b460a71ef04e210e,29,https://github.com/stratosphereips/StratosphereLinuxIPS/actions/runs/20937102530,fd421009cef6bce6f17ef0afcc54da942807ed4b,2026-01-12T22:23:23Z,slips_files/core/database/redis_db/profile_handler.py; slips_files/core/helpers/flow_handler.py; slips_files/core/profiler_worker.py; webinterface/analysis/analysis.py,,,integration-tests (test_config_files.py),,integration-tests (test_config_files.py) -> .github:29503 — Process completed with exit code 1.,,
e445b460a71ef04e210e,30,https://github.com/stratosphereips/StratosphereLinuxIPS/actions/runs/20972824572,90224ab6ccb923617b26c4a8f1bc0bda8c7fc83c,2026-01-13T21:14:00Z,slips_files/core/database/redis_db/profile_handler.py; slips_files/core/database/redis_db/scan_detections_db.py,,,integration-tests (test_fides.py),,integration-tests (test_fides.py) -> .github:1484 — Process completed with exit code 1.,,
e445b460a71ef04e210e,31,https://github.com/stratosphereips/StratosphereLinuxIPS/actions/runs/21028446864,fcbda005843bb1d6fc8587a9ffcf4ba35bde7f0c,2026-01-15T10:43:39Z,slips_files/core/helpers/flow_handler.py; slips_files/core/profiler_worker.py,,,integration-tests (test_config_files.py),,integration-tests (test_config_files.py) -> .github:12887 — Process completed with exit code 1.,,
e445b460a71ef04e210e,32,https://github.com/stratosphereips/StratosphereLinuxIPS/actions/runs/21035394909,930ba8197f3464ae1c14697757cb5bb7c1d60a99,2026-01-15T14:49:27Z,modules/p2ptrust/p2ptrust.py; modules/p2ptrust/utils/utils.py,,,integration-tests (test_config_files.py),,integration-tests (test_config_files.py) -> .github:12887 — Process completed with exit code 1.,,
e445b460a71ef04e210e,33,https://github.com/stratosphereips/StratosphereLinuxIPS/actions/runs/21120208902,cefd5257455d4237a4783c9f402c3747e38b7c19,2026-01-18T23:08:20Z,tests/test_profiler_worker.py,,,integration-tests (test_config_files.py),,integration-tests (test_config_files.py) -> .github:12895 — Process completed with exit code 1.,,
e445b460a71ef04e210e,34,https://github.com/stratosphereips/StratosphereLinuxIPS/actions/runs/21149966082,979f4230f32b30eb8a3b9fbe3513331066c55d72,2026-01-19T19:59:04Z,tests/test_main.py,,,integration-tests (test_fides.py),,integration-tests (test_fides.py) -> .github:1324 — Process completed with exit code 1.,,
e445b460a71ef04e210e,35,https://github.com/stratosphereips/StratosphereLinuxIPS/actions/runs/21185684471,f554d563398208eee1b7f27f43298652809a8381,2026-01-20T20:13:24Z,modules/network_discovery/horizontal_portscan.py; modules/network_discovery/vertical_portscan.py; tests/test_vertical_portscans.py,,,integration-tests (test_fides.py),,integration-tests (test_fides.py) -> .github:1324 — Process completed with exit code 1.,,
e445b460a71ef04e210e,36,https://github.com/stratosphereips/StratosphereLinuxIPS/actions/runs/21186979950,c761fc1f9a1adb568caa91617ec97d7e71409e85,2026-01-20T20:57:50Z,tests/test_whitelist.py,.github/workflows/install-slips-dependencies.yml,,install-dependencies-using-reusable-workflow / install-dependencies,,install-dependencies-using-reusable-workflow / install-dependencies -> .github:17 — Process completed with exit code 1.,,
e445b460a71ef04e210e,37,https://github.com/stratosphereips/StratosphereLinuxIPS/actions/runs/21187091391,c24d29820081868352f37ab83ee24a010a64760b,2026-01-20T21:01:26Z,,.github/workflows/install-slips-dependencies.yml,,install-dependencies-using-reusable-workflow / install-dependencies,,install-dependencies-using-reusable-workflow / install-dependencies -> .github:3664 — Process completed with exit code 2.,,
e445b460a71ef04e210e,38,https://github.com/stratosphereips/StratosphereLinuxIPS/actions/runs/21187341197,935eb988938a4556e9700504a1fd1e999481087e,2026-01-20T21:09:45Z,,.github/workflows/install-slips-dependencies.yml,,integration-tests (test_config_files.py),,integration-tests (test_config_files.py) -> .github:9 — Process completed with exit code 127.,,
e445b460a71ef04e210e,39,https://github.com/stratosphereips/StratosphereLinuxIPS/actions/runs/21191752870,a1eedc234489a1df346b81e268a54694230fcc3e,2026-01-20T23:54:52Z,slips_files/core/text_formatters/evidence_formatter.py,,,integration-tests (test_pcap_dataset.py),,integration-tests (test_pcap_dataset.py) -> .github:9 — Process completed with exit code 127.,,
e445b460a71ef04e210e,40,https://github.com/stratosphereips/StratosphereLinuxIPS/actions/runs/21210939447,513d4593801d8cbc148ba750600a45deed744eb5,2026-01-21T13:14:27Z,,.github/workflows/install-slips-dependencies.yml,,integration-tests (test_dataset.py),,integration-tests (test_dataset.py) -> .github:9 — Process completed with exit code 127.,,
e445b460a71ef04e210e,41,https://github.com/stratosphereips/StratosphereLinuxIPS/actions/runs/21212349949,7b8835f25ae507dc9073e86b37ecd2b40afcb5a1,2026-01-21T13:59:52Z,,.github/workflows/integration-tests.yml,,integration-tests (test_dataset.py),,integration-tests (test_dataset.py) -> .github:11 — Process completed with exit code 5.,,
e445b460a71ef04e210e,42,https://github.com/stratosphereips/StratosphereLinuxIPS/actions/runs/21212821557,a001e3e9ef48943a39d1254628c1310b02067a66,2026-01-21T14:14:05Z,,.github/workflows/install-slips-dependencies.yml; .github/workflows/integration-tests.yml,,integration-tests (test_zeek_dataset.py),,integration-tests (test_zeek_dataset.py) -> .github:11 — Process completed with exit code 5.,,
e445b460a71ef04e210e,43,https://github.com/stratosphereips/StratosphereLinuxIPS/actions/runs/21213307596,6df8483a5da761d030946d07d66330f6d12cf8ee,2026-01-21T14:28:53Z,,.github/workflows/integration-tests.yml,,integration-tests (test_fides.py),,integration-tests (test_fides.py) -> .github:11 — Process completed with exit code 1.,,
e445b460a71ef04e210e,44,https://github.com/stratosphereips/StratosphereLinuxIPS/actions/runs/21213602058,169257e53b82f153bac4f435c81472fd30405ed9,2026-01-21T14:37:38Z,,.github/workflows/integration-tests.yml,,integration-tests (test_iris.py),,integration-tests (test_iris.py) -> .github:12 — Process completed with exit code 1.,,
e445b460a71ef04e210e,45,https://github.com/stratosphereips/StratosphereLinuxIPS/actions/runs/21220068442,bd9cd54dde0cb6f3388d181731c2ff0961403e05,2026-01-21T17:54:15Z,,.github/workflows/install-slips-dependencies.yml; .github/workflows/integration-tests.yml; .github/workflows/unit-tests.yml,,integration-tests (test_config_files.py),,integration-tests (test_config_files.py) -> .github:11779 — Process completed with exit code 1.,,
e445b460a71ef04e210e,46,https://github.com/stratosphereips/StratosphereLinuxIPS/actions/runs/21225894128,97c532ee9125f831af61d87c4d1dc499fb6a5d7b,2026-01-21T21:12:57Z,slips_files/core/database/redis_db/scan_detections_db.py; slips_files/core/profiler_worker.py,,,integration-tests (test_portscans.py),,integration-tests (test_portscans.py) -> .github:91 — Process completed with exit code 1.,,
e445b460a71ef04e210e,47,https://github.com/stratosphereips/StratosphereLinuxIPS/actions/runs/21248019984,e9454ba545c17c9c7d54e02b09aeaf4f28d9f0ec,2026-01-22T12:13:41Z,slips_files/core/database/redis_db/profile_handler.py; tests/test_alert_handler.py; tests/test_database.py,,,integration-tests (test_portscans.py),,integration-tests (test_portscans.py) -> .github:91 — Process completed with exit code 1.,,
e445b460a71ef04e210e,48,https://github.com/stratosphereips/StratosphereLinuxIPS/actions/runs/21248265938,f06418046d07f1bcaf98addb08d11783b3aec92b,2026-01-22T12:21:59Z,modules/network_discovery/horizontal_portscan.py; tests/test_horizontal_portscans.py,,,integration-tests (test_portscans.py),,integration-tests (test_portscans.py) -> .github:91 — Process completed with exit code 1.,,
e445b460a71ef04e210e,49,https://github.com/stratosphereips/StratosphereLinuxIPS/actions/runs/21248832251,56586cf34e41d668cc7eb4884efec687915af5a3,2026-01-22T12:41:22Z,tests/test_profile_handler.py,.github/workflows/unit-tests.yml,,integration-tests (test_portscans.py),,integration-tests (test_portscans.py) -> .github:91 — Process completed with exit code 1.,,
e445b460a71ef04e210e,50,https://github.com/stratosphereips/StratosphereLinuxIPS/actions/runs/21258467847,08973331fa0af8fadf48668a2ed68fc1c64a8c4f,2026-01-22T17:35:30Z,slips_files/common/slips_utils.py,,,integration-tests (test_dataset.py),,integration-tests (test_dataset.py) -> .github:212 — Process completed with exit code 1.,,
3562d43fe4e127519389,1,https://github.com/stratosphereips/StratosphereLinuxIPS/actions/runs/21444345418,7580ce514311caaef01273fa415656db8fed155a,2026-01-28T15:29:37Z,,.github/workflows/integration-tests.yml; .github/workflows/unit-tests.yml,,integration-tests (test_fides.py),,"integration-tests (test_fides.py) -> .github:1 — Can't find 'action.yml', 'action.yaml' or 'Dockerfile' under '/home/runner/work/StratosphereLinuxIPS/StratosphereLinuxIPS/.github/actions/start-redis'. Did you forget to run actions/checkout before running your local action?",,
47c3773c13561765365f,1,https://github.com/stratosphereips/StratosphereLinuxIPS/actions/runs/17380893728,c0db94482b2e7f0c988bc24c3eac0c592652f51d,2025-09-01T14:44:48Z,tests/test_evidence_formatter.py,,,integration-tests (test_zeek_dataset.py),,integration-tests (test_zeek_dataset.py) -> .github:59 — Process completed with exit code 1.,,
b0822839f8a23fbf8365,1,https://github.com/stratosphereips/StratosphereLinuxIPS/actions/runs/26761075821,e7e5babaa80e844fcfe41740a3d441fca3dc573b,2026-06-01T14:25:35Z,,docker/light/Dockerfile,,integration-tests (integration/test_dataset/test_dataset.py),,"integration-tests (integration/test_dataset/test_dataset.py) -> .github:1 — The hosted runner lost communication with the server. Anything in your workflow that terminates the runner process, starves it for CPU/Memory, or blocks its network access can cause this error.",,
973f039565e1a9953ccb,1,https://github.com/stratosphereips/StratosphereLinuxIPS/actions/runs/33192263948,b261e5b50446338aeb9514694cdf610b289d69f6,2026-08-28T16:55:35Z,modules/web_interface/server.py; tests/unit/modules/web_interface/test_server.py,,,integration-tests / integration-tests / test_dataset/test_dataset.py,integration-tests / integration-tests / test_dataset/test_dataset.py -> Run integration-tests for integration/test_dataset/test_dataset.py,integration-tests / integration-tests / test_dataset/test_dataset.py -> Process completed with exit code 1.,,
973f039565e1a9953ccb,2,https://github.com/stratosphereips/StratosphereLinuxIPS/actions/runs/33264271544,8793c5c01e7a9461c6542b24cd30496a46dc6f40,2026-08-29T16:55:35Z,,,,integration-tests / integration-tests / test_config_files/test_config_files.py; integration-tests / integration-tests / test_dataset/test_dataset.py; integration-tests / integration-tests / test_pcap_dataset/test_pcap_dataset.py; integration-tests / integration-tests / test_portscans/test_portscans.py; integration-tests / integration-tests / test_zeek_dataset/test_zeek_dataset.py,integration-tests / integration-tests / test_config_files/test_config_files.py -> Run integration-tests for integration/test_config_files/test_config_files.py; integration-tests / integration-tests / test_dataset/test_dataset.py -> Run integration-tests for integration/test_dataset/test_dataset.py; integration-tests / integration-tests / test_pcap_dataset/test_pcap_dataset.py -> Run integration-tests for integration/test_pcap_dataset/test_pcap_dataset.py; integration-tests / integration-tests / test_portscans/test_portscans.py -> Run integration-tests for integration/test_portscans/test_portscans.py; integration-tests / integration-tests / test_zeek_dataset/test_zeek_dataset.py -> Run integration-tests for integration/test_zeek_dataset/test_zeek_dataset.py,integration-tests / integration-tests / test_config_files/test_config_files.py -> Process completed with exit code 1.; integration-tests / integration-tests / test_dataset/test_dataset.py -> Process completed with exit code 1.; integration-tests / integration-tests / test_pcap_dataset/test_pcap_dataset.py -> Process completed with exit code 1.; integration-tests / integration-tests / test_portscans/test_portscans.py -> Process completed with exit code 1.; integration-tests / integration-tests / test_zeek_dataset/test_zeek_dataset.py -> Process completed with exit code 1.,,
973f039565e1a9953ccb,3,https://github.com/stratosphereips/StratosphereLinuxIPS/actions/runs/33264329303,2e8dfbc8e7876c75ce996c88828dff63069546f1,2026-08-29T16:56:58Z,,,,integration-tests / integration-tests / test_config_files/test_config_files.py; integration-tests / integration-tests / test_pcap_dataset/test_pcap_dataset.py; integration-tests / integration-tests / test_portscans/test_portscans.py; integration-tests / integration-tests / test_zeek_dataset/test_zeek_dataset.py,integration-tests / integration-tests / test_config_files/test_config_files.py -> Run integration-tests for integration/test_config_files/test_config_files.py; integration-tests / integration-tests / test_pcap_dataset/test_pcap_dataset.py -> Run integration-tests for integration/test_pcap_dataset/test_pcap_dataset.py; integration-tests / integration-tests / test_portscans/test_portscans.py -> Run integration-tests for integration/test_portscans/test_portscans.py; integration-tests / integration-tests / test_zeek_dataset/test_zeek_dataset.py -> Run integration-tests for integration/test_zeek_dataset/test_zeek_dataset.py,integration-tests / integration-tests / test_config_files/test_config_files.py -> Process completed with exit code 1.; integration-tests / integration-tests / test_pcap_dataset/test_pcap_dataset.py -> Process completed with exit code 1.; integration-tests / integration-tests / test_portscans/test_portscans.py -> Process completed with exit code 1.; integration-tests / integration-tests / test_zeek_dataset/test_zeek_dataset.py -> Process completed with exit code 1.,,
a388acdc0a4ead215ba5,1,https://github.com/stratosphereips/StratosphereLinuxIPS/actions/runs/26032922573,a3448e2b6247961be485d1480d726a155fad5b03,2026-05-18T12:16:54Z,modules/ml_linear_model/ml_linear_model.py; modules/ml_online_model/ml_online_model.py,,,integration-tests (integration/test_dataset.py),integration-tests (integration/test_dataset.py) -> Run Integration Tests for integration/test_dataset.py,integration-tests (integration/test_dataset.py) -> .github:36 — Process completed with exit code 1.,,
a388acdc0a4ead215ba5,2,https://github.com/stratosphereips/StratosphereLinuxIPS/actions/runs/26199397817,92f614cd6526cebce1943d0298ac8058227dc30c,2026-05-21T01:10:52Z,slips_files/core/input/input.py; tests/unit/slips_files/core/input/test_input.py,.pre-commit-config.yaml,,integration-tests (integration/test_config_files/test_config_files.py); integration-tests (integration/test_dataset/test_dataset.py); integration-tests (integration/test_fides/test_fides.py); integration-tests (integration/test_iris/test_iris.py); integration-tests (integration/test_pcap_dataset/test_pcap_dataset.py); integration-tests (integration/test_portscans/test_portscans.py); integration-tests (integration/test_zeek_dataset/test_zeek_dataset.py),integration-tests (integration/test_config_files/test_config_files.py) -> Run actions/checkout@v6; integration-tests (integration/test_dataset/test_dataset.py) -> Run actions/checkout@v6; integration-tests (integration/test_fides/test_fides.py) -> Run actions/checkout@v6; integration-tests (integration/test_iris/test_iris.py) -> Run actions/checkout@v6; integration-tests (integration/test_pcap_dataset/test_pcap_dataset.py) -> Run actions/checkout@v6; integration-tests (integration/test_portscans/test_portscans.py) -> Run actions/checkout@v6; integration-tests (integration/test_zeek_dataset/test_zeek_dataset.py) -> Run actions/checkout@v6,integration-tests (integration/test_config_files/test_config_files.py) -> .github:27 — Unable to locate executable file: git-lfs. Please verify either the file path exists or the file can be found within a directory specified by the PATH environment variable. Also check the file mode to verify the file is executable.; integration-tests (integration/test_dataset/test_dataset.py) -> .github:27 — Unable to locate executable file: git-lfs. Please verify either the file path exists or the file can be found within a directory specified by the PATH environment variable. Also check the file mode to verify the file is executable.; integration-tests (integration/test_fides/test_fides.py) -> .github:27 — Unable to locate executable file: git-lfs. Please verify either the file path exists or the file can be found within a directory specified by the PATH environment variable. Also check the file mode to verify the file is executable.; integration-tests (integration/test_iris/test_iris.py) -> .github:27 — Unable to locate executable file: git-lfs. Please verify either the file path exists or the file can be found within a directory specified by the PATH environment variable. Also check the file mode to verify the file is executable.; integration-tests (integration/test_pcap_dataset/test_pcap_dataset.py) -> .github:27 — Unable to locate executable file: git-lfs. Please verify either the file path exists or the file can be found within a directory specified by the PATH environment variable. Also check the file mode to verify the file is executable.; integration-tests (integration/test_portscans/test_portscans.py) -> .github:27 — Unable to locate executable file: git-lfs. Please verify either the file path exists or the file can be found within a directory specified by the PATH environment variable. Also check the file mode to verify the file is executable.; integration-tests (integration/test_zeek_dataset/test_zeek_dataset.py) -> .github:27 — Unable to locate executable file: git-lfs. Please verify either the file path exists or the file can be found within a directory specified by the PATH environment variable. Also check the file mode to verify the file is executable.,,
d7b9dead13342a1e885f,1,https://github.com/stratosphereips/StratosphereLinuxIPS/actions/runs/18972795440,7e71c0a225e9abed2ae326864ea1a1b79a6f775f,2025-10-31T12:39:31Z,conftest.py; managers/ap_manager.py; managers/host_ip_manager.py; managers/process_manager.py; modules/arp/arp.py; modules/arp/filter.py; modules/arp_poisoner/arp_poisoner.py; modules/blocking/blocking.py; modules/blocking/exec_iptables_cmd.py; modules/flowalerts/conn.py; modules/flowalerts/dns.py; modules/flowalerts/set_evidence.py; modules/flowalerts/ssl.py; modules/flowmldetection/flowmldetection.py; modules/ip_info/ip_info.py; modules/irisModule/irisModule.py; modules/threat_intelligence/threat_intelligence.py; modules/timeline/timeline.py; slips/main.py; slips_files/common/abstracts/iasync_module.py; slips_files/common/flow_classifier.py; slips_files/common/idmefv2.py; slips_files/common/parsers/arg_parser.py; slips_files/common/slips_utils.py; slips_files/core/database/database_manager.py; slips_files/core/database/redis_db/alert_handler.py; slips_files/core/database/redis_db/constants.py; slips_files/core/database/redis_db/database.py; slips_files/core/database/redis_db/profile_handler.py; slips_files/core/database/sqlite_db/database.py; slips_files/core/evidence_handler.py; slips_files/core/flows/argus.py; slips_files/core/flows/base_flow.py; slips_files/core/flows/nfdump.py; slips_files/core/flows/suricata.py; slips_files/core/flows/zeek.py; slips_files/core/helpers/checker.py; slips_files/core/helpers/filemonitor.py; slips_files/core/helpers/flow_handler.py; slips_files/core/input.py; slips_files/core/input_profilers/argus.py; slips_files/core/input_profilers/nfdump.py; slips_files/core/input_profilers/suricata.py; slips_files/core/input_profilers/zeek.py; slips_files/core/profiler.py; slips_files/core/structures/alerts.py; slips_files/core/structures/evidence.py; slips_files/core/text_formatters/evidence_formatter.py; slips_files/core/zeek_cmd_builder.py; tests/module_factory.py; tests/test_arp_poisoner.py; tests/test_blocking.py; tests/test_checker.py; tests/test_conn.py; tests/test_database.py; tests/test_evidence_formatter.py; tests/test_evidence_handler.py; tests/test_flow_handler.py; tests/test_host_ip_manager.py; tests/test_input.py; tests/test_ip_info.py; tests/test_process_manager.py; tests/test_profile_handler.py; tests/test_profiler.py; tests/test_timeline.py; webinterface/analysis/analysis.py,.github/workflows/integration-tests.yml; .github/workflows/unit-tests.yml; .pre-commit-config.yaml; install/requirements.txt,,"publish_images (slips, ./docker/Dockerfile)",,"publish_images (slips, ./docker/Dockerfile) -> .github — System.IO.IOException: No space left on device : '/home/runner/actions-runner/cached/_diag/Worker_20251031-124001-utc.log' at System.IO.RandomAccess.WriteAtOffset(SafeFileHandle handle, ReadOnlySpan 1 buffer, Int64 fileOffset) at System.IO.StreamWriter.Flush(Boolean flushStream, Boolean flushEncoder) at System.Diagnostics.TextWriterTraceListener.Flush() at GitHub.Runner.Common.HostTraceListener.WriteHeader(String source, TraceEventType eventType, Int32 id) at System.Diagnostics.TraceSource.TraceEvent(TraceEventType eventType, Int32 id, String message) at GitHub.Runner.Worker.Worker.RunAsync(St; publish_images (slips, ./docker/Dockerfile) -> .github — System.IO.IOException: No space left on device : '/home/runner/actions-runner/cached/_diag/Worker_20251031-133449-utc.log' at System.IO.RandomAccess.WriteAtOffset(SafeFileHandle handle, ReadOnlySpan 1 buffer, Int64 fileOffset) at System.IO.Strategies.OSFileStreamStrategy.Write(ReadOnlySpan 1 buffer) at System.IO.StreamWriter.Flush(Boolean flushStream, Boolean flushEncoder) at System.Diagnostics.TextWriterTraceListener.Flush() at GitHub.Runner.Common.HostTraceListener.WriteHeader(String source, TraceEventType eventType, Int32 id) at GitHub.Runner.Common.HostTraceListener.TraceEvent(TraceEventCa",,
d7b9dead13342a1e885f,2,https://github.com/stratosphereips/StratosphereLinuxIPS/actions/runs/19823088862,37157f123cd48e564df708d143b637004661a467,2025-12-01T12:44:22Z,managers/ap_manager.py; managers/host_ip_manager.py; managers/process_manager.py; modules/exporting_alerts/exporting_alerts.py; modules/exporting_alerts/stix_exporter.py; modules/flowalerts/conn.py; modules/flowalerts/dns.py; modules/flowalerts/flowalerts.py; modules/ip_info/ip_info.py; modules/p2ptrust/p2ptrust.py; modules/threat_intelligence/threat_intelligence.py; modules/update_manager/update_manager.py; slips.py; slips/daemon.py; slips/main.py; slips_files/common/abstracts/imodule.py; slips_files/common/parsers/arg_parser.py; slips_files/common/parsers/config_parser.py; slips_files/common/slips_utils.py; slips_files/core/database/database_manager.py; slips_files/core/database/redis_db/alert_handler.py; slips_files/core/database/redis_db/constants.py; slips_files/core/database/redis_db/database.py; slips_files/core/database/redis_db/ioc_handler.py; slips_files/core/evidence_handler.py; slips_files/core/evidence_logger.py; slips_files/core/helpers/bloom_filters_manager.py; slips_files/core/helpers/checker.py; slips_files/core/helpers/filemonitor.py; slips_files/core/helpers/whitelist/domain_whitelist.py; slips_files/core/helpers/whitelist/ip_whitelist.py; slips_files/core/helpers/whitelist/mac_whitelist.py; slips_files/core/helpers/whitelist/organization_whitelist.py; slips_files/core/helpers/whitelist/whitelist.py; slips_files/core/helpers/whitelist/whitelist_parser.py; slips_files/core/input.py; slips_files/core/profiler.py; tests/integration_tests/test_fides.py; tests/integration_tests/test_iris.py; tests/module_factory.py; tests/test_checker.py; tests/test_daemon.py; tests/test_evidence_handler.py; tests/test_host_ip_manager.py; tests/test_process_manager.py; tests/test_whitelist.py,docker/Dockerfile; docker/light/Dockerfile; install/requirements.txt,,"publish_images (slips, ./docker/Dockerfile)",,"publish_images (slips, ./docker/Dockerfile) -> .github:192 — The process '/usr/bin/git' failed with exit code 128 | .github:191 — Fetched in submodule path 'fides', but it did not contain 70657740ce4daa3225b9f25bed7b1db00efb6b9f. Direct fetching of that commit failed. | .github:190 — remote error: upload-pack: not our ref 70657740ce4daa3225b9f25bed7b1db00efb6b9f; publish_images (slips, ./docker/Dockerfile) -> .github — System.IO.IOException: No space left on device : '/home/runner/actions-runner/cached/_diag/Worker_20251201-125400-utc.log' at System.IO.RandomAccess.WriteAtOffset(SafeFileHandle handle, ReadOnlySpan 1 buffer, Int64 fileOffset) at System.IO.StreamWriter.Flush(Boolean flushStream, Boolean flushEncoder) at System.Diagnostics.TextWriterTraceListener.Flush() at GitHub.Runner.Common.HostTraceListener.WriteHeader(String source, TraceEventType eventType, Int32 id) at System.Diagnostics.TraceSource.TraceEvent(TraceEventType eventType, Int32 id, String message) at GitHub.Runner.Worker.Worker.RunAsync(St",,
d7b9dead13342a1e885f,3,https://github.com/stratosphereips/StratosphereLinuxIPS/actions/runs/19823344158,97c32c2bcd477561438815b950d0c2a10b8d5f2a,2025-12-01T12:53:40Z,,,,"publish_images (slips, ./docker/Dockerfile)",,"publish_images (slips, ./docker/Dockerfile) -> .github — System.IO.IOException: No space left on device : '/home/runner/actions-runner/cached/_diag/Worker_20251201-125359-utc.log' at System.IO.RandomAccess.WriteAtOffset(SafeFileHandle handle, ReadOnlySpan 1 buffer, Int64 fileOffset) at System.IO.StreamWriter.Flush(Boolean flushStream, Boolean flushEncoder) at System.Diagnostics.TextWriterTraceListener.Flush() at GitHub.Runner.Common.HostTraceListener.WriteHeader(String source, TraceEventType eventType, Int32 id) at System.Diagnostics.TraceSource.TraceEvent(TraceEventType eventType, Int32 id, String message) at GitHub.Runner.Worker.Worker.RunAsync(St",,
d7b9dead13342a1e885f,4,https://github.com/stratosphereips/StratosphereLinuxIPS/actions/runs/21522708104,3554bc4875495198269dad6d156a9c02414dd3ed,2026-01-30T16:22:29Z,managers/process_manager.py; modules/blocking/exec_iptables_cmd.py; modules/flowalerts/conn.py; modules/flowalerts/dns.py; modules/flowalerts/notice.py; modules/flowalerts/set_evidence.py; modules/flowmldetection/flowmldetection.py; modules/ip_info/asn_info.py; modules/ip_info/ip_info.py; modules/network_discovery/horizontal_portscan.py; modules/network_discovery/network_discovery.py; modules/network_discovery/vertical_portscan.py; modules/p2ptrust/p2ptrust.py; modules/p2ptrust/utils/go_director.py; modules/p2ptrust/utils/utils.py; modules/rnn_cc_detection/rnn_cc_detection.py; modules/rnn_cc_detection/strato_letters_exporter.py; modules/threat_intelligence/threat_intelligence.py; modules/virustotal/virustotal.py; slips/main.py; slips_files/common/abstracts/iasync_module.py; slips_files/common/abstracts/icore.py; slips_files/common/abstracts/iinput_type.py; slips_files/common/abstracts/imodule.py; slips_files/common/abstracts/isqlite.py; slips_files/common/parsers/config_parser.py; slips_files/common/slips_utils.py; slips_files/core/aid_manager.py; slips_files/core/database/database_manager.py; slips_files/core/database/redis_db/alert_handler.py; slips_files/core/database/redis_db/constants.py; slips_files/core/database/redis_db/database.py; slips_files/core/database/redis_db/flow_tracker_db.py; slips_files/core/database/redis_db/ioc_handler.py; slips_files/core/database/redis_db/profile_handler.py; slips_files/core/database/redis_db/publisher.py; slips_files/core/database/redis_db/scan_detections_db.py; slips_files/core/database/redis_db/timewindow_updater_thread/tw_updater.py; slips_files/core/evidence_handler.py; slips_files/core/evidence_logger.py; slips_files/core/flows/zeek.py; slips_files/core/helpers/bloom_filters_manager.py; slips_files/core/helpers/flow_handler.py; slips_files/core/helpers/symbols_handler.py; slips_files/core/helpers/whitelist/domain_whitelist.py; slips_files/core/helpers/whitelist/ip_whitelist.py; slips_files/core/helpers/whitelist/mac_whitelist.py; slips_files/core/helpers/whitelist/matcher.py; slips_files/core/helpers/whitelist/organization_whitelist.py; slips_files/core/input.py; slips_files/core/input_profilers/argus.py; slips_files/core/input_profilers/nfdump.py; slips_files/core/input_profilers/suricata.py; slips_files/core/input_profilers/zeek.py; slips_files/core/profiler.py; slips_files/core/profiler_worker.py; slips_files/core/structures/flow_attributes.py; slips_files/core/text_formatters/evidence_formatter.py; tests/integration_tests/test_dataset.py; tests/integration_tests/test_portscans.py; tests/module_factory.py; tests/test_alert_handler.py; tests/test_arp_filter.py; tests/test_asn_info.py; tests/test_blocking.py; tests/test_conn.py; tests/test_database.py; tests/test_evidence_handler.py; tests/test_evidence_logger.py; tests/test_flow_handler.py; tests/test_horizontal_portscans.py; tests/test_ioc_handler.py; tests/test_main.py; tests/test_network_discovery.py; tests/test_profile_handler.py; tests/test_profiler.py; tests/test_profiler_worker.py; tests/test_rnn_cc_detection.py; tests/test_scan_detections_db.py; tests/test_slips_utils.py; tests/test_symbols_handler.py; tests/test_vertical_portscans.py; tests/test_whitelist.py; webinterface/analysis/analysis.py,.github/workflows/install-slips-dependencies.yml; .github/workflows/integration-tests.yml; .github/workflows/publish-slips-images.yml; .github/workflows/unit-tests.yml; docker/Dockerfile; docker/dependency_image_for_CI/Dockerfile; install/requirements.txt,,"publish_images (slips, ./docker/Dockerfile)",,"publish_images (slips, ./docker/Dockerfile) -> .github:3962 — buildx failed with: ERROR: failed to build: failed to solve: process ""/bin/bash -c apt-get update -o Acquire::Retries=5 -o Acquire::https::No-Cache=True && apt-get install -y --no-install-recommends --fix-broken --fix-missing $(cat install/apt_dependencies.txt) lsb-release software-properties-common vim less unzip nano tree tmux && echo 'deb http://download.opensuse.org/repositories/security:/zeek/xUbuntu_22.04/ /' tee /etc/apt/sources.list.d/security:zeek.list && curl -fsSL https://download.opensuse.org/repositories/security:zeek/xUbuntu_22.04/Release.key gpg --dearmor tee /etc/apt/trusted.gp",,
ef2505aabefa47324508,1,https://github.com/stratosphereips/StratosphereLinuxIPS/actions/runs/22637918807,56da56c6b2ff318bf3202c8ab511dc05ca68b98e,2026-03-03T18:46:14Z,managers/process_manager.py; managers/redis_manager.py; modules/anomaly_detection_https/__init__.py; modules/anomaly_detection_https/analyze_ad_log.py; modules/anomaly_detection_https/anomaly_detection_https.py; modules/arp/arp.py; modules/arp_poisoner/arp_poisoner.py; modules/blocking/blocking.py; modules/cesnet/cesnet.py; modules/cyst/cyst.py; modules/exporting_alerts/exporting_alerts.py; modules/exporting_alerts/stix_exporter.py; modules/fidesModule/fidesModule.py; modules/fidesModule/persistence/fides_sqlite_db.py; modules/fidesModule/persistence/sqlite_db.py; modules/fidesModule/persistence/threat_intelligence_db.py; modules/fidesModule/persistence/trust_db.py; modules/flowalerts/conn.py; modules/flowalerts/flowalerts.py; modules/flowalerts/ssh.py; modules/flowmldetection/flowmldetection.py; modules/http_analyzer/http_analyzer.py; modules/ip_info/ip_info.py; modules/irisModule/irisModule.py; modules/leak_detector/leak_detector.py; modules/network_discovery/network_discovery.py; modules/p2ptrust/p2ptrust.py; modules/riskiq/riskiq.py; modules/rnn_cc_detection/rnn_cc_detection.py; modules/template/template.py; modules/threat_intelligence/threat_intelligence.py; modules/timeline/timeline.py; modules/update_manager/update_manager.py; modules/virustotal/virustotal.py; slips/main.py; slips_files/common/abstracts/iasync_module.py; slips_files/common/abstracts/icore.py; slips_files/common/abstracts/iinput_handler.py; slips_files/common/abstracts/imodule.py; slips_files/common/input_type.py; slips_files/common/parsers/arg_parser.py; slips_files/common/parsers/config_parser.py; slips_files/common/performance_profilers/_memory_profiler_example_no_import.py; slips_files/core/database/database_manager.py; slips_files/core/database/redis_db/alert_handler.py; slips_files/core/database/redis_db/cleanup_mixin.py; slips_files/core/database/redis_db/constants.py; slips_files/core/database/redis_db/database.py; slips_files/core/database/redis_db/flow_tracker_db.py; slips_files/core/database/redis_db/ioc_handler.py; slips_files/core/database/redis_db/p2p_handler.py; slips_files/core/database/redis_db/profile_handler.py; slips_files/core/database/redis_db/publisher.py; slips_files/core/database/redis_db/scan_detections_db.py; slips_files/core/database/sqlite_db/database.py; slips_files/core/evidence_handler.py; slips_files/core/flows/zeek.py; slips_files/core/helpers/checker.py; slips_files/core/helpers/localnet_cache.py; slips_files/core/input.py; slips_files/core/input/__init__.py; slips_files/core/input/binetflow/__init__.py; slips_files/core/input/binetflow/binetflow_input.py; slips_files/core/input/binetflow/binetflow_tabs_input.py; slips_files/core/input/cyst/__init__.py; slips_files/core/input/cyst/cyst_input.py; slips_files/core/input/input.py; slips_files/core/input/nfdump/__init__.py; slips_files/core/input/nfdump/nfdump_input.py; slips_files/core/input/observer_manager.py; slips_files/core/input/stdin/__init__.py; slips_files/core/input/stdin/stdin_input.py; slips_files/core/input/suricata/__init__.py; slips_files/core/input/suricata/suricata_input.py; slips_files/core/input/zeek/__init__.py; slips_files/core/input/zeek/interface_input.py; slips_files/core/input/zeek/pcap_input.py; slips_files/core/input/zeek/utils/__init__.py; slips_files/core/input/zeek/utils/zeek_file_remover.py; slips_files/core/input/zeek/utils/zeek_input_utils.py; slips_files/core/input/zeek/zeek_dir_input.py; slips_files/core/input/zeek/zeek_log_file_input.py; slips_files/core/input_profilers/zeek.py; slips_files/core/profiler.py; slips_files/core/profiler_worker.py; slips_files/core/zeek_cmd_builder.py; tests/common_test_utils.py; tests/destrctor.py; tests/integration/__init__.py; tests/integration/test_config_files.py; tests/integration/test_dataset.py; tests/integration/test_fides.py; tests/integration/test_iris.py; tests/integration/test_pcap_dataset.py; tests/integration/test_portscans.py; tests/integration/test_zeek_dataset.py; tests/integration_tests/__init__.py; tests/integration_tests/test_config_files.py; tests/integration_tests/test_dataset.py; tests/integration_tests/test_fides.py; tests/integration_tests/test_iris.py; tests/integration_tests/test_pcap_dataset.py; tests/integration_tests/test_portscans.py; tests/integration_tests/test_zeek_dataset.py; tests/module_factory.py; tests/test_alert_handler.py; tests/test_arp.py; tests/test_arp_filter.py; tests/test_arp_poisoner.py; tests/test_asn_info.py; tests/test_base_model.py; tests/test_blocking.py; tests/test_cesnet.py; tests/test_checker.py; tests/test_circllu.py; tests/test_conn.py; tests/test_daemon.py; tests/test_database.py; tests/test_dns.py; tests/test_downloaded_file.py; tests/test_evidence.py; tests/test_evidence_formatter.py; tests/test_evidence_handler.py; tests/test_evidence_logger.py; tests/test_fides_bridge.py; tests/test_fides_module.py; tests/test_fides_queues.py; tests/test_fides_sqlite_db.py; tests/test_flow_handler.py; tests/test_go_director.py; tests/test_horizontal_portscans.py; tests/test_host_ip_manager.py; tests/test_http_analyzer.py; tests/test_idea_format.py; tests/test_input.py; tests/test_ioc_handler.py; tests/test_ip_info.py; tests/test_leak_detector.py; tests/test_main.py; tests/test_markov_chain.py; tests/test_metadata_manager.py; tests/test_network_discovery.py; tests/test_notice.py; tests/test_notify.py; tests/test_output.py; tests/test_process_manager.py; tests/test_profile_handler.py; tests/test_profiler.py; tests/test_profiler_worker.py; tests/test_profilers_manager.py; tests/test_redis_manager.py; tests/test_riskiq.py; tests/test_rnn_cc_detection.py; tests/test_scan_detections_db.py; tests/test_set_evidence.py; tests/test_slips.py; tests/test_slips_utils.py; tests/test_smtp.py; tests/test_software.py; tests/test_spamhaus.py; tests/test_ssh.py; tests/test_ssl.py; tests/test_symbols_handler.py; tests/test_threat_intelligence.py; tests/test_timeline.py; tests/test_trustdb.py; tests/test_tunnel.py; tests/test_unblocker.py; tests/test_update_file_manager.py; tests/test_urlhaus.py; tests/test_vertical_portscans.py; tests/test_virustotal.py; tests/test_whitelist.py; tests/unit/__init__.py; tests/unit/common_test_utils.py; tests/unit/destrctor.py; tests/unit/managers/test_host_ip_manager.py; tests/unit/managers/test_metadata_manager.py; tests/unit/managers/test_process_manager.py; tests/unit/managers/test_profilers_manager.py; tests/unit/managers/test_redis_manager.py; tests/unit/managers/test_slips.py; tests/unit/modules/arp/test_arp.py; tests/unit/modules/arp/test_arp_filter.py; tests/unit/modules/arp_poisoner/test_arp_poisoner.py; tests/unit/modules/blocking/test_blocking.py; tests/unit/modules/blocking/test_unblocker.py; tests/unit/modules/cesnet/test_cesnet.py; tests/unit/modules/fidesModule/test_fides_bridge.py; tests/unit/modules/fidesModule/test_fides_module.py; tests/unit/modules/fidesModule/test_fides_queues.py; tests/unit/modules/fidesModule/test_fides_sqlite_db.py; tests/unit/modules/flowalerts/test_conn.py; tests/unit/modules/flowalerts/test_dns.py; tests/unit/modules/flowalerts/test_downloaded_file.py; tests/unit/modules/flowalerts/test_notice.py; tests/unit/modules/flowalerts/test_set_evidence.py; tests/unit/modules/flowalerts/test_smtp.py; tests/unit/modules/flowalerts/test_software.py; tests/unit/modules/flowalerts/test_ssh.py; tests/unit/modules/flowalerts/test_ssl.py; tests/unit/modules/flowalerts/test_tunnel.py; tests/unit/modules/http_analyzer/test_http_analyzer.py; tests/unit/modules/ip_info/test_asn_info.py; tests/unit/modules/ip_info/test_ip_info.py; tests/unit/modules/leak_detector/test_leak_detector.py; tests/unit/modules/network_discovery/test_horizontal_portscans.py; tests/unit/modules/network_discovery/test_network_discovery.py; tests/unit/modules/network_discovery/test_vertical_portscans.py; tests/unit/modules/p2ptrust/trust/test_base_model.py; tests/unit/modules/p2ptrust/trust/test_go_director.py; tests/unit/modules/p2ptrust/trust/test_trustdb.py; tests/unit/modules/riskiq/test_riskiq.py; tests/unit/modules/rnn_cc_detection/test_rnn_cc_detection.py; tests/unit/modules/threat_intelligence/test_circllu.py; tests/unit/modules/threat_intelligence/test_spamhaus.py; tests/unit/modules/threat_intelligence/test_threat_intelligence.py; tests/unit/modules/threat_intelligence/test_urlhaus.py; tests/unit/modules/timeline/test_timeline.py; tests/unit/modules/update_manager/test_update_file_manager.py; tests/unit/modules/virustotal/test_virustotal.py; tests/unit/slips/test_daemon.py; tests/unit/slips/test_main.py; tests/unit/slips_files/common/test_markov_chain.py; tests/unit/slips_files/common/test_slips_utils.py; tests/unit/slips_files/core/database/redis_db/test_alert_handler.py; tests/unit/slips_files/core/database/redis_db/test_ioc_handler.py; tests/unit/slips_files/core/database/redis_db/test_profile_handler.py; tests/unit/slips_files/core/database/redis_db/test_scan_detections_db.py; tests/unit/slips_files/core/database/test_database.py; tests/unit/slips_files/core/helpers/test_checker.py; tests/unit/slips_files/core/helpers/test_flow_handler.py; tests/unit/slips_files/core/helpers/test_notify.py; tests/unit/slips_files/core/helpers/test_symbols_handler.py; tests/unit/slips_files/core/helpers/whitelist/test_whitelist.py; tests/unit/slips_files/core/input/test_binetflow_input.py; tests/unit/slips_files/core/input/test_binetflow_tabs_input.py; tests/unit/slips_files/core/input/test_cyst_input.py; tests/unit/slips_files/core/input/test_input.py; tests/unit/slips_files/core/input/test_interface_input.py; tests/unit/slips_files/core/input/test_nfdump_input.py; tests/unit/slips_files/core/input/test_observer_manager.py; tests/unit/slips_files/core/input/test_pcap_input.py; tests/unit/slips_files/core/input/test_stdin_input.py; tests/unit/slips_files/core/input/test_suricata_input.py; tests/unit/slips_files/core/input/test_zeek_dir_input.py; tests/unit/slips_files/core/input/test_zeek_file_remover.py; tests/unit/slips_files/core/input/test_zeek_input_utils.py; tests/unit/slips_files/core/input/test_zeek_log_file_input.py; tests/unit/slips_files/core/structures/test_evidence.py; tests/unit/slips_files/core/structures/test_idea_format.py; tests/unit/slips_files/core/test_evidence_handler.py; tests/unit/slips_files/core/test_evidence_logger.py; tests/unit/slips_files/core/test_output.py; tests/unit/slips_files/core/test_profiler.py; tests/unit/slips_files/core/test_profiler_worker.py; tests/unit/slips_files/core/text_formatters/test_evidence_formatter.py; webinterface/analysis/analysis.py,.github/workflows/integration-tests.yml; .github/workflows/publish-slips-images.yml; .github/workflows/unit-tests.yml; .pre-commit-config.yaml; docker/Dockerfile; install/requirements.txt,,"publish_images (slips, ./docker/Dockerfile); publish_images (slips_dependencies, ./docker/dependency_image_for_CI/Dockerfile)",,"publish_images (slips, ./docker/Dockerfile) -> .github:4955 — buildx failed with: ERROR: failed to build: failed to solve: process ""/bin/bash -c pip3 install --no-cache-dir --upgrade pip && pip install --ignore-installed --no-cache-dir -r install/requirements.txt && chmod 774 slips.py && git init && git remote add origin https://github.com/stratosphereips/StratosphereLinuxIPS.git && cd modules/kalipso && npm install && cd ../../p2p4slips && go build"" did not complete successfully: exit code: 1; publish_images (slips, ./docker/Dockerfile) -> .github:5230 — buildx failed with: ERROR: failed to build: failed to solve: process ""/bin/bash -c pip3 install --no-cache-dir --upgrade pip && pip install --ignore-installed --no-cache-dir -r install/requirements.txt && chmod 774 slips.py && git init && git remote add origin https://github.com/stratosphereips/StratosphereLinuxIPS.git && cd modules/kalipso && npm install && cd ../../p2p4slips && go build"" did not complete successfully: exit code: 1; publish_images (slips_dependencies, ./docker/dependency_image_for_CI/Dockerfile) -> .github:3714 — buildx failed with: ERROR: failed to build: failed to solve: process ""/bin/bash -c set -e; curl -fsSL https://raw.githubusercontent.com/stratosphereips/StratosphereLinuxIPS/develop/install/requirements.txt -o /tmp/requirements.txt && python3 -m pip install --upgrade pip && python3 -m pip install --no-cache-dir --ignore-installed -r /tmp/requirements.txt && rm -f /tmp/requirements.txt"" did not complete successfully: exit code: 1; publish_images (slips_dependencies, ./docker/dependency_image_for_CI/Dockerfile) -> .github:4014 — buildx failed with: ERROR: failed to build: failed to solve: process ""/bin/bash -c set -e; curl -fsSL https://raw.githubusercontent.com/stratosphereips/StratosphereLinuxIPS/develop/install/requirements.txt -o /tmp/requirements.txt && python3 -m pip install --upgrade pip && python3 -m pip install --no-cache-dir --ignore-installed -r /tmp/requirements.txt && rm -f /tmp/requirements.txt"" did not complete successfully: exit code: 1",,
ef2505aabefa47324508,2,https://github.com/stratosphereips/StratosphereLinuxIPS/actions/runs/22639007541,c5e89536119d70abc26060217c295eec033e057d,2026-03-03T19:23:16Z,,install/requirements.txt,,"publish_images (slips, ./docker/Dockerfile); publish_images (slips_dependencies, ./docker/dependency_image_for_CI/Dockerfile); publish_images (slips_light, ./docker/light/Dockerfile)",,"publish_images (slips, ./docker/Dockerfile) -> .github:4871 — buildx failed with: ERROR: failed to build: failed to solve: process ""/bin/bash -c pip3 install --no-cache-dir --upgrade pip && pip install --ignore-installed --no-cache-dir -r install/requirements.txt && chmod 774 slips.py && git init && git remote add origin https://github.com/stratosphereips/StratosphereLinuxIPS.git && cd modules/kalipso && npm install && cd ../../p2p4slips && go build"" did not complete successfully: exit code: 1; publish_images (slips_dependencies, ./docker/dependency_image_for_CI/Dockerfile) -> .github:3864 — buildx failed with: ERROR: failed to build: failed to solve: process ""/bin/bash -c set -e; curl -fsSL https://raw.githubusercontent.com/stratosphereips/StratosphereLinuxIPS/develop/install/requirements.txt -o /tmp/requirements.txt && python3 -m pip install --upgrade pip && python3 -m pip install --no-cache-dir --ignore-installed -r /tmp/requirements.txt && rm -f /tmp/requirements.txt"" did not complete successfully: exit code: 1 | .github:61 — expected flush after ref listing | .github:60 — RPC failed; HTTP 500 curl 22 The requested URL returned error: 500; publish_images (slips_light, ./docker/light/Dockerfile) -> .github:2747 — buildx failed with: ERROR: failed to build: failed to solve: process ""/dev/.buildkit_qemu_emulator /bin/bash -c set -eux; apt-get update && apt-get install -y --no-install-recommends ca-certificates gnupg wget curl && apt-get update && apt-get install -y --no-install-recommends git lsb-release software-properties-common build-essential file lsof iproute2 tshark whois yara net-tools less unzip python3-certifi python3-dev python3-tzlocal python3-pip && curl -O https://download.redis.io/redis-stable.tar.gz && tar xzf redis-stable.tar.gz && cd redis-stable && make distclean && make MALLOC=libc && | .github:195 — clone of 'https://github.com/stratosphereips/feel_project' into submodule path '/home/runner/work/StratosphereLinuxIPS/StratosphereLinuxIPS/feel_project' failed | .github:194 — unable to access 'https://github.com/stratosphereips/feel_project/': The requested URL returned error: 500",,
ef2505aabefa47324508,3,https://github.com/stratosphereips/StratosphereLinuxIPS/actions/runs/23337830440,195d32fd71cb0517df6bf0c9b81aa40fd233cdfe,2026-03-20T09:58:37Z,managers/redis_manager.py; modules/anomaly_detection_https/analyze_ad_log.py; modules/anomaly_detection_https/analyze_alerts_json.py; modules/anomaly_detection_https/anomaly_detection_https.py; slips_files/common/parsers/config_parser.py; slips_files/core/database/redis_db/database.py; slips_files/core/input_profilers/zeek.py; tests/unit/managers/test_redis_manager.py; tests/unit/modules/anomaly_detection_https/test_anomaly_detection_https.py; tests/unit/slips_files/core/database/redis_db/test_alert_handler.py; tests/unit/slips_files/core/database/test_database.py,docker/dependency_image_for_CI/Dockerfile; install/requirements.txt,,"publish_images (slips, ./docker/Dockerfile); publish_images (slips_light, ./docker/light/Dockerfile)",,"publish_images (slips, ./docker/Dockerfile) -> .github:6396 — buildx failed with: ERROR: failed to build: failed to solve: process ""/bin/bash -c pip3 install --no-cache-dir --upgrade pip && pip install --ignore-installed --no-cache-dir -r install/requirements.txt && chmod 774 slips.py && git init && git remote add origin https://github.com/stratosphereips/StratosphereLinuxIPS.git && cd modules/kalipso && npm install && cd ../../p2p4slips && go build"" did not complete successfully: exit code: 1; publish_images (slips_light, ./docker/light/Dockerfile) -> .github:4185 — buildx failed with: ERROR: failed to build: failed to solve: process ""/bin/bash -c pip3 install --no-cache-dir --upgrade pip && grep -v -f docker/light/excluded_libs.txt install/requirements.txt xargs -n 1 pip install && chmod 774 slips.py && git init && git remote add origin https://github.com/stratosphereips/StratosphereLinuxIPS.git"" did not complete successfully: exit code: 123",,
ef2505aabefa47324508,4,https://github.com/stratosphereips/StratosphereLinuxIPS/actions/runs/23809394091,54a4bc95a719007658fc420d659d6cdde8fd823f,2026-03-31T16:56:34Z,managers/process_manager.py; managers/redis_manager.py; modules/bruteforcing/__init__.py; modules/bruteforcing/bruteforcing.py; modules/flowalerts/conn.py; modules/flowalerts/notice.py; modules/flowalerts/ssh.py; modules/network_discovery/network_discovery.py; modules/timeline/timeline.py; slips/main.py; slips_files/common/parsers/config_parser.py; slips_files/common/performance_paths.py; slips_files/common/plotter.py; slips_files/common/slips_utils.py; slips_files/core/aid_manager.py; slips_files/core/database/database_manager.py; slips_files/core/database/redis_db/alert_handler.py; slips_files/core/database/redis_db/constants.py; slips_files/core/database/redis_db/database.py; slips_files/core/database/redis_db/profile_handler.py; slips_files/core/evidence_handler.py; slips_files/core/evidence_handler_worker.py; slips_files/core/evidence_logger.py; slips_files/core/flows/zeek.py; slips_files/core/helpers/localnet_cache.py; slips_files/core/helpers/localnet_handler.py; slips_files/core/input/input.py; slips_files/core/input/zeek/zeek_dir_input.py; slips_files/core/input_profilers/argus.py; slips_files/core/input_profilers/zeek_to_slips_maps.py; slips_files/core/profiler.py; slips_files/core/profiler_worker.py; tests/module_factory.py; tests/unit/modules/bruteforcing/test_bruteforcing.py; tests/unit/modules/flowalerts/test_conn.py; tests/unit/modules/flowalerts/test_notice.py; tests/unit/modules/flowalerts/test_ssh.py; tests/unit/slips_files/core/database/redis_db/test_profile_handler.py; tests/unit/slips_files/core/database/test_database.py; tests/unit/slips_files/core/helpers/test_localnet_handler.py; tests/unit/slips_files/core/input/test_argus_input_profiler.py; tests/unit/slips_files/core/input/test_input.py; tests/unit/slips_files/core/input/test_zeek_input_profiler.py; tests/unit/slips_files/core/test_evidence_handler.py; tests/unit/slips_files/core/test_evidence_handler_worker.py; tests/unit/slips_files/core/test_evidence_logger.py; tests/unit/slips_files/core/test_profiler.py; tests/unit/slips_files/core/test_profiler_worker.py; webinterface/analysis/analysis.py,.github/workflows/integration-tests.yml; .github/workflows/unit-tests.yml; install/requirements.txt,,"publish_images (slips, ./docker/Dockerfile); publish_images (slips_light, ./docker/light/Dockerfile)",,"publish_images (slips, ./docker/Dockerfile) -> .github:6356 — buildx failed with: ERROR: failed to build: failed to solve: process ""/bin/bash -c pip3 install --no-cache-dir --upgrade pip && pip install --ignore-installed --no-cache-dir -r install/requirements.txt && chmod 774 slips.py && git init && git remote add origin https://github.com/stratosphereips/StratosphereLinuxIPS.git && cd modules/kalipso && npm install && cd ../../p2p4slips && go build"" did not complete successfully: exit code: 1; publish_images (slips_light, ./docker/light/Dockerfile) -> .github:4113 — buildx failed with: ERROR: failed to build: failed to solve: process ""/bin/bash -c pip3 install --no-cache-dir --upgrade pip && grep -v -f docker/light/excluded_libs.txt install/requirements.txt xargs -n 1 pip install && chmod 774 slips.py && git init && git remote add origin https://github.com/stratosphereips/StratosphereLinuxIPS.git"" did not complete successfully: exit code: 123",,
ef2505aabefa47324508,5,https://github.com/stratosphereips/StratosphereLinuxIPS/actions/runs/25174031547,5857dd313b7cc8fed28f2fe60ad86e1c2043997c,2026-04-30T15:25:58Z,conftest.py; managers/ap_manager.py; managers/metadata_manager.py; managers/process_manager.py; managers/redis_manager.py; managers/ui_manager.py; managers/update_manager.py; modules/anomaly_detection_https/anomaly_detection_https.py; modules/arp/arp.py; modules/arp/filter.py; modules/arp_poisoner/arp_poisoner.py; modules/blocking/blocking.py; modules/brute_force_detector/__init__.py; modules/brute_force_detector/brute_force_detector.py; modules/bruteforcing/__init__.py; modules/bruteforcing/bruteforcing.py; modules/cesnet/cesnet.py; modules/cesnet/warden_client.py; modules/cyst/cyst.py; modules/exporting_alerts/exporting_alerts.py; modules/exporting_alerts/stix_exporter.py; modules/feeds_update_manager/__init__.py; modules/feeds_update_manager/feeds_update_manager.py; modules/feeds_update_manager/timer_manager.py; modules/fides/__init__.py; modules/fides/evaluation/__init__.py; modules/fides/evaluation/discount_factor.py; modules/fides/evaluation/recommendation/__init__.py; modules/fides/evaluation/recommendation/new_history.py; modules/fides/evaluation/recommendation/peer_update.py; modules/fides/evaluation/recommendation/process.py; modules/fides/evaluation/recommendation/selection.py; modules/fides/evaluation/service/__init__.py; modules/fides/evaluation/service/interaction.py; modules/fides/evaluation/service/peer_update.py; modules/fides/evaluation/service/process.py; modules/fides/evaluation/ti_aggregation.py; modules/fides/evaluation/ti_evaluation.py; modules/fides/fides.py; modules/fides/messaging/__init__.py; modules/fides/messaging/dacite/__init__.py; modules/fides/messaging/dacite/cache.py; modules/fides/messaging/dacite/config.py; modules/fides/messaging/dacite/core.py; modules/fides/messaging/dacite/data.py; modules/fides/messaging/dacite/dataclasses.py; modules/fides/messaging/dacite/exceptions.py; modules/fides/messaging/dacite/frozen_dict.py; modules/fides/messaging/dacite/types.py; modules/fides/messaging/message_handler.py; modules/fides/messaging/model.py; modules/fides/messaging/network_bridge.py; modules/fides/messaging/queue.py; modules/fides/messaging/queue_in_memory.py; modules/fides/messaging/redis_simplex_queue.py; modules/fides/model/__init__.py; modules/fides/model/alert.py; modules/fides/model/aliases.py; modules/fides/model/configuration.py; modules/fides/model/peer.py; modules/fides/model/peer_trust_data.py; modules/fides/model/recommendation.py; modules/fides/model/recommendation_history.py; modules/fides/model/service_history.py; modules/fides/model/threat_intelligence.py; modules/fides/originals/__init__.py; modules/fides/originals/abstracts.py; modules/fides/originals/database.py; modules/fides/persistence/__init__.py; modules/fides/persistence/fides_sqlite_db.py; modules/fides/persistence/threat_intelligence.py; modules/fides/persistence/threat_intelligence_db.py; modules/fides/persistence/trust.py; modules/fides/persistence/trust_db.py; modules/fides/protocols/__init__.py; modules/fides/protocols/alert.py; modules/fides/protocols/initial_trusl.py; modules/fides/protocols/opinion.py; modules/fides/protocols/peer_list.py; modules/fides/protocols/protocol.py; modules/fides/protocols/recommendation.py; modules/fides/protocols/threat_intelligence.py; modules/fides/utils/__init__.py; modules/fides/utils/logger.py; modules/fides/utils/time.py; modules/fidesModule/__init__.py; modules/fidesModule/evaluation/__init__.py; modules/fidesModule/evaluation/discount_factor.py; modules/fidesModule/evaluation/recommendation/__init__.py; modules/fidesModule/evaluation/recommendation/new_history.py; modules/fidesModule/evaluation/recommendation/peer_update.py; modules/fidesModule/evaluation/recommendation/process.py; modules/fidesModule/evaluation/recommendation/selection.py; modules/fidesModule/evaluation/service/__init__.py; modules/fidesModule/evaluation/service/interaction.py; modules/fidesModule/evaluation/service/peer_update.py; modules/fidesModule/evaluation/service/process.py; modules/fidesModule/evaluation/ti_aggregation.py; modules/fidesModule/evaluation/ti_evaluation.py; modules/fidesModule/fidesModule.py; modules/fidesModule/messaging/__init__.py; modules/fidesModule/messaging/dacite/__init__.py; modules/fidesModule/messaging/dacite/cache.py; modules/fidesModule/messaging/dacite/config.py; modules/fidesModule/messaging/dacite/core.py; modules/fidesModule/messaging/dacite/data.py; modules/fidesModule/messaging/dacite/dataclasses.py; modules/fidesModule/messaging/dacite/exceptions.py; modules/fidesModule/messaging/dacite/frozen_dict.py; modules/fidesModule/messaging/dacite/types.py; modules/fidesModule/messaging/message_handler.py; modules/fidesModule/messaging/model.py; modules/fidesModule/messaging/network_bridge.py; modules/fidesModule/messaging/queue.py; modules/fidesModule/messaging/queue_in_memory.py; modules/fidesModule/messaging/redis_simplex_queue.py; modules/fidesModule/model/__init__.py; modules/fidesModule/model/alert.py; modules/fidesModule/model/aliases.py; modules/fidesModule/model/configuration.py; modules/fidesModule/model/peer.py; modules/fidesModule/model/peer_trust_data.py; modules/fidesModule/model/recommendation.py; modules/fidesModule/model/recommendation_history.py; modules/fidesModule/model/service_history.py; modules/fidesModule/model/threat_intelligence.py; modules/fidesModule/originals/__init__.py; modules/fidesModule/originals/abstracts.py; modules/fidesModule/originals/database.py; modules/fidesModule/persistence/__init__.py; modules/fidesModule/persistence/fides_sqlite_db.py; modules/fidesModule/persistence/threat_intelligence.py; modules/fidesModule/persistence/threat_intelligence_db.py; modules/fidesModule/persistence/trust.py; modules/fidesModule/persistence/trust_db.py; modules/fidesModule/protocols/__init__.py; modules/fidesModule/protocols/alert.py; modules/fidesModule/protocols/initial_trusl.py; modules/fidesModule/protocols/opinion.py; modules/fidesModule/protocols/peer_list.py; modules/fidesModule/protocols/protocol.py; modules/fidesModule/protocols/recommendation.py; modules/fidesModule/protocols/threat_intelligence.py; modules/fidesModule/utils/__init__.py; modules/fidesModule/utils/logger.py; modules/fidesModule/utils/time.py; modules/flow_alerts/__init__.py; modules/flow_alerts/conn.py; modules/flow_alerts/dns.py; modules/flow_alerts/downloaded_file.py; modules/flow_alerts/flow_alerts.py; modules/flow_alerts/notice.py; modules/flow_alerts/set_evidence.py; modules/flow_alerts/smtp.py; modules/flow_alerts/software.py; modules/flow_alerts/ssh.py; modules/flow_alerts/ssl.py; modules/flow_alerts/timer_thread.py; modules/flow_alerts/tunnel.py; modules/flow_ml_detection/__init__.py; modules/flow_ml_detection/flow_ml_detection.py; modules/flowalerts/__init__.py; modules/flowalerts/conn.py; modules/flowalerts/dns.py; modules/flowalerts/downloaded_file.py; modules/flowalerts/flowalerts.py; modules/flowalerts/notice.py; modules/flowalerts/set_evidence.py; modules/flowalerts/smtp.py; modules/flowalerts/software.py; modules/flowalerts/ssh.py; modules/flowalerts/ssl.py; modules/flowalerts/timer_thread.py; modules/flowalerts/tunnel.py; modules/flowmldetection/__init__.py; modules/flowmldetection/flowmldetection.py; modules/http_analyzer/http_analyzer.py; modules/ip_info/asn_info.py; modules/ip_info/ip_info.py; modules/iris/__init__.py; modules/iris/iris.py; modules/irisModule/__init__.py; modules/irisModule/irisModule.py; modules/leak_detector/leak_detector.py; modules/network_discovery/network_discovery.py; modules/p2p_trust/__init__.py; modules/p2p_trust/p2p_trust.py; modules/p2p_trust/testing/__init__.py; modules/p2p_trust/testing/json_data.py; modules/p2p_trust/trust/__init__.py; modules/p2p_trust/trust/base_model.py; modules/p2p_trust/trust/model.py; modules/p2p_trust/trust/trustdb.py; modules/p2p_trust/utils/__init__.py; modules/p2p_trust/utils/go_director.py; modules/p2p_trust/utils/utils.py; modules/p2ptrust/__init__.py; modules/p2ptrust/p2ptrust.py; modules/p2ptrust/testing/__init__.py; modules/p2ptrust/testing/json_data.py; modules/p2ptrust/testing/test_p2p.py; modules/p2ptrust/trust/__init__.py; modules/p2ptrust/trust/base_model.py; modules/p2ptrust/trust/model.py; modules/p2ptrust/trust/trustdb.py; modules/p2ptrust/utils/__init__.py; modules/p2ptrust/utils/go_director.py; modules/p2ptrust/utils/utils.py; modules/risk_iq/__init__.py; modules/risk_iq/risk_iq.py; modules/riskiq/__init__.py; modules/riskiq/riskiq.py; modules/rnn_cc_detection/rnn_cc_detection.py; modules/template/template.py; modules/threat_intelligence/circl_lu.py; modules/threat_intelligence/spamhaus.py; modules/threat_intelligence/threat_intelligence.py; modules/threat_intelligence/urlhaus.py; modules/timeline/timeline.py; modules/update_manager/__init__.py; modules/update_manager/timer_manager.py; modules/update_manager/update_manager.py; modules/virustotal/virustotal.py; slips/daemon.py; slips/main.py; slips_files/common/abstracts/iasync_module.py; slips_files/common/abstracts/icore.py; slips_files/common/abstracts/iexporter.py; slips_files/common/abstracts/iflowalerts_analyzer.py; slips_files/common/abstracts/imodule.py; slips_files/common/idmefv2.py; slips_files/common/output_paths.py; slips_files/common/parsers/arg_parser.py; slips_files/common/parsers/config_parser.py; slips_files/common/performance_profilers/memory_profiler.py; slips_files/common/slips_utils.py; slips_files/core/aid_manager.py; slips_files/core/database/database_manager.py; slips_files/core/database/redis_db/alert_handler.py; slips_files/core/database/redis_db/cleanup_mixin.py; slips_files/core/database/redis_db/constants.py; slips_files/core/database/redis_db/database.py; slips_files/core/database/redis_db/flow_tracker_db.py; slips_files/core/database/redis_db/ioc_handler.py; slips_files/core/database/redis_db/p2p_handler.py; slips_files/core/database/redis_db/profile_handler.py; slips_files/core/database/redis_db/scan_detections_db.py; slips_files/core/database/redis_db/timewindow_updater_thread/tw_updater.py; slips_files/core/database/sqlite_db/database.py; slips_files/core/evidence_handler.py; slips_files/core/evidence_handler_worker.py; slips_files/core/evidence_logger.py; slips_files/core/helpers/bloom_filters_manager.py; slips_files/core/helpers/checker.py; slips_files/core/helpers/filemonitor.py; slips_files/core/helpers/symbols_handler.py; slips_files/core/helpers/whitelist/whitelist.py; slips_files/core/helpers/whitelist/whitelist_parser.py; slips_files/core/input/cyst/cyst_input.py; slips_files/core/input/input.py; slips_files/core/input/zeek/interface_input.py; slips_files/core/input/zeek/pcap_input.py; slips_files/core/input/zeek/utils/dos_protector.py; slips_files/core/input/zeek/utils/zeek_file_remover.py; slips_files/core/input/zeek/utils/zeek_input_utils.py; slips_files/core/input/zeek/zeek_dir_input.py; slips_files/core/output.py; slips_files/core/profiler.py; slips_files/core/profiler_worker.py; slips_files/core/text_formatters/evidence_formatter.py; slips_files/core/zeek_cmd_builder.py; tests/common_test_utils.py; tests/integration/conftest.py; tests/integration/test_config_files.py; tests/integration/test_config_files/__init__.py; tests/integration/test_config_files/test_config_files.py; tests/integration/test_dataset.py; tests/integration/test_dataset/__init__.py; tests/integration/test_dataset/test_dataset.py; tests/integration/test_fides.py; tests/integration/test_fides/__init__.py; tests/integration/test_fides/test_fides.py; tests/integration/test_iris.py; tests/integration/test_iris/__init__.py; tests/integration/test_iris/test_iris.py; tests/integration/test_pcap_dataset.py; tests/integration/test_pcap_dataset/__init__.py; tests/integration/test_pcap_dataset/test_pcap_dataset.py; tests/integration/test_portscans.py; tests/integration/test_portscans/__init__.py; tests/integration/test_portscans/test_portscans.py; tests/integration/test_zeek_dataset.py; tests/integration/test_zeek_dataset/__init__.py; tests/integration/test_zeek_dataset/test_zeek_dataset.py; tests/module_factory.py; tests/unit/destrctor.py; tests/unit/managers/test_process_manager.py; tests/unit/managers/test_redis_manager.py; tests/unit/managers/test_slips.py; tests/unit/managers/test_update_manager.py; tests/unit/modules/anomaly_detection_https/test_anomaly_detection_https.py; tests/unit/modules/arp/test_arp_filter.py; tests/unit/modules/arp_poisoner/test_arp_poisoner.py; tests/unit/modules/blocking/test_blocking.py; tests/unit/modules/brute_force_detector/test_brute_force_detector.py; tests/unit/modules/bruteforcing/test_bruteforcing.py; tests/unit/modules/fides/test_fides_bridge.py; tests/unit/modules/fides/test_fides_module.py; tests/unit/modules/fides/test_fides_queues.py; tests/unit/modules/fides/test_fides_sqlite_db.py; tests/unit/modules/fidesModule/test_fides_bridge.py; tests/unit/modules/fidesModule/test_fides_module.py; tests/unit/modules/fidesModule/test_fides_queues.py; tests/unit/modules/fidesModule/test_fides_sqlite_db.py; tests/unit/modules/flow_alerts/test_conn.py; tests/unit/modules/flow_alerts/test_dns.py; tests/unit/modules/flow_alerts/test_downloaded_file.py; tests/unit/modules/flow_alerts/test_notice.py; tests/unit/modules/flow_alerts/test_set_evidence.py; tests/unit/modules/flow_alerts/test_smtp.py; tests/unit/modules/flow_alerts/test_software.py; tests/unit/modules/flow_alerts/test_ssh.py; tests/unit/modules/flow_alerts/test_ssl.py; tests/unit/modules/flow_alerts/test_tunnel.py; tests/unit/modules/flowalerts/test_conn.py; tests/unit/modules/flowalerts/test_dns.py; tests/unit/modules/flowalerts/test_downloaded_file.py; tests/unit/modules/flowalerts/test_notice.py; tests/unit/modules/flowalerts/test_set_evidence.py; tests/unit/modules/flowalerts/test_smtp.py; tests/unit/modules/flowalerts/test_software.py; tests/unit/modules/flowalerts/test_ssh.py; tests/unit/modules/flowalerts/test_ssl.py; tests/unit/modules/flowalerts/test_tunnel.py; tests/unit/modules/ip_info/test_asn_info.py; tests/unit/modules/p2p_trust/trust/test_base_model.py; tests/unit/modules/p2p_trust/trust/test_go_director.py; tests/unit/modules/p2p_trust/trust/test_trustdb.py; tests/unit/modules/p2ptrust/trust/test_base_model.py; tests/unit/modules/p2ptrust/trust/test_go_director.py; tests/unit/modules/p2ptrust/trust/test_trustdb.py; tests/unit/modules/risk_iq/test_risk_iq.py; tests/unit/modules/riskiq/test_riskiq.py; tests/unit/modules/rnn_cc_detection/test_rnn_cc_detection.py; tests/unit/modules/update_manager/test_update_file_manager.py; tests/unit/slips/test_daemon.py; tests/unit/slips/test_main.py; tests/unit/slips_files/common/abstracts/test_imodule.py; tests/unit/slips_files/common/test_output_paths.py; tests/unit/slips_files/common/test_slips_utils.py; tests/unit/slips_files/core/database/test_database.py; tests/unit/slips_files/core/helpers/test_bloom_filters_manager.py; tests/unit/slips_files/core/helpers/test_checker.py; tests/unit/slips_files/core/helpers/whitelist/test_whitelist.py; tests/unit/slips_files/core/input/test_dos_protector.py; tests/unit/slips_files/core/input/test_input.py; tests/unit/slips_files/core/input/test_interface_input.py; tests/unit/slips_files/core/input/test_pcap_input.py; tests/unit/slips_files/core/input/test_zeek_file_remover.py; tests/unit/slips_files/core/input/test_zeek_input_utils.py; tests/unit/slips_files/core/test_evidence_handler.py; tests/unit/slips_files/core/test_evidence_handler_worker.py; tests/unit/slips_files/core/test_profiler.py; tests/unit/slips_files/core/test_profiler_worker.py; tests/unit/slips_files/core/text_formatters/test_evidence_formatter.py; webinterface/analysis/analysis.py,.github/workflows/create-a-new-release.yml; .github/workflows/integration-tests.yml; docker/Dockerfile; docker/dependency_image_for_CI/Dockerfile; docker/light/Dockerfile; install/requirements.txt,,"publish_images (slips, ./docker/Dockerfile); publish_images (slips_light, ./docker/light/Dockerfile)","publish_images (slips, ./docker/Dockerfile) -> Build and push slips image; publish_images (slips_light, ./docker/light/Dockerfile) -> Build and push slips_light image","publish_images (slips, ./docker/Dockerfile) -> .github:4550 — buildx failed with: ERROR: failed to build: failed to solve: process ""/bin/bash -c pip3 install --no-cache-dir --upgrade pip && pip install --ignore-installed --no-cache-dir -r install/requirements.txt && chmod 774 slips.py && git init && git remote add origin https://github.com/stratosphereips/StratosphereLinuxIPS.git && cd ../../p2p4slips && go build"" did not complete successfully: exit code: 1; publish_images (slips_light, ./docker/light/Dockerfile) -> .github:2685 — buildx failed with: ERROR: failed to build: failed to solve: process ""/bin/bash -c cd modules && rm -rf rnn_cc_detection/ timeline/ p2ptrust/ flowmldetection/ cyst/ cesnet/ exporting_alerts/ riskiq/ template/ blocking/ virustotal/ && cd .. && rm -rf dataset/ docs/ tests/ && rm package.json pytest.ini webinterface.sh CITATION.cff CHANGELOG.md conftest.py"" did not complete successfully: exit code: 1",,
ef2505aabefa47324508,6,https://github.com/stratosphereips/StratosphereLinuxIPS/actions/runs/25186053527,66e4441ccc375e46ad7f7a299c02c26f32f5d7cb,2026-04-30T19:49:53Z,,docker/light/Dockerfile,,"publish_images (slips, ./docker/Dockerfile)","publish_images (slips, ./docker/Dockerfile) -> Build and push slips image","publish_images (slips, ./docker/Dockerfile) -> .github:5690 — buildx failed with: ERROR: failed to build: failed to solve: process ""/bin/bash -c pip3 install --no-cache-dir --upgrade pip && pip install --ignore-installed --no-cache-dir -r install/requirements.txt && chmod 774 slips.py && git init && git remote add origin https://github.com/stratosphereips/StratosphereLinuxIPS.git && cd ../../p2p4slips && go build"" did not complete successfully: exit code: 1",,
9e2236a43afb260ea20f,1,https://github.com/stratosphereips/StratosphereLinuxIPS/actions/runs/33433474874,51bfa31d09284195fbb9e8ff9bc12e11339fb06e,2026-08-31T19:58:32Z,,,,Build Docker image,Build Docker image -> Build Docker image,Build Docker image -> Process completed with exit code 1.,,
9e2236a43afb260ea20f,2,https://github.com/stratosphereips/StratosphereLinuxIPS/actions/runs/33455802558,53e1fe13f500d572756974894f27b75b17085ad1,2026-09-01T00:41:55Z,tests/common_test_utils.py,,,integration-tests / integration-tests / test_config_files/test_config_files.py,integration-tests / integration-tests / test_config_files/test_config_files.py -> Run integration-tests for integration/test_config_files/test_config_files.py,integration-tests / integration-tests / test_config_files/test_config_files.py -> Process completed with exit code 1.,,
9e2236a43afb260ea20f,3,https://github.com/stratosphereips/StratosphereLinuxIPS/actions/runs/33458267697,e37bc067fc4041617465886bc10351c43624b3c4,2026-09-01T01:19:15Z,modules/feeds_update_manager/ti_feed_parser_mixin.py,,,integration-tests / integration-tests / test_config_files/test_config_files.py,integration-tests / integration-tests / test_config_files/test_config_files.py -> Run integration-tests for integration/test_config_files/test_config_files.py,integration-tests / integration-tests / test_config_files/test_config_files.py -> Process completed with exit code 1.,,
9e2236a43afb260ea20f,4,https://github.com/stratosphereips/StratosphereLinuxIPS/actions/runs/33460730926,2e4c58d2ecfd1b917b2ab276081c5e2d311e8eef,2026-09-01T01:57:46Z,tests/integration/test_config_files/test_config_files.py,,,integration-tests / integration-tests / test_config_files/test_config_files.py,integration-tests / integration-tests / test_config_files/test_config_files.py -> Run integration-tests for integration/test_config_files/test_config_files.py,integration-tests / integration-tests / test_config_files/test_config_files.py -> Process completed with exit code 1.,,
282cb15c8a3e0c80cad7,1,https://github.com/superduper-io/superduper/actions/runs/17462744681,5ea8e9d1277f65a65b5559933732db9e7bf38654,2025-09-04T11:44:06Z,plugins/qdrant/superduper_qdrant/qdrant.py; plugins/sql/plugin_test/test_query.py; plugins/sql/superduper_sql/data_backend.py; superduper/backends/base/data_backend.py; superduper/backends/local/vector_search.py; superduper/base/annotations.py; superduper/base/apply.py; superduper/base/base.py; superduper/base/datalayer.py; superduper/base/datatype.py; superduper/base/event.py; superduper/base/metadata.py; superduper/base/query.py; superduper/base/status.py; superduper/components/cdc.py; superduper/components/component.py; superduper/components/dataset.py; superduper/components/listener.py; superduper/components/model.py; superduper/components/table.py; superduper/components/vector_index.py; test/conftest.py; test/integration/usecase/test_basic_apply.py; test/integration/usecase/test_graceful_update.py; test/integration/usecase/test_output_prefix.py; test/integration/usecase/test_reapply.py; test/integration/usecase/test_training.py; test/integration/usecase/test_vector_index.py; test/unittest/backends/base/test_query.py; test/unittest/base/test_base.py; test/unittest/base/test_datalayer.py; test/unittest/base/test_document.py; test/unittest/component/test_component.py; test/unittest/component/test_dataset.py; test/unittest/component/test_model.py; test/unittest/component/test_plugin.py; test/unittest/component/test_schema.py; test/unittest/component/test_vector_index.py; test/unittest/jobs/test_task_workflow.py; test/unittest/misc/test_schema.py; test/unittest/misc/test_typing.py; test/unittest/misc/test_utils.py; test/unittest/test_quality.py; test/utils/component/datatype.py; test/utils/setup/fake_data.py; test/utils/usecase/chain_listener.py; test/utils/usecase/vector_search.py,.github/workflows/ci_code.yml; .github/workflows/ci_plugins.yaml,,"unit_testing (ubuntu-latest, 3.10, default.yaml); unit_testing (ubuntu-latest, 3.10, inmemory.yaml); unit_testing (ubuntu-latest, 3.10, sql.yaml); unit_testing (ubuntu-latest, 3.11, default.yaml); unit_testing (ubuntu-latest, 3.11, inmemory.yaml); unit_testing (ubuntu-latest, 3.11, sql.yaml)",,"unit_testing (ubuntu-latest, 3.10, default.yaml) -> .github:21 — Process completed with exit code 2.; unit_testing (ubuntu-latest, 3.10, inmemory.yaml) -> .github:21 — Process completed with exit code 2.; unit_testing (ubuntu-latest, 3.10, sql.yaml) -> .github:21 — Process completed with exit code 2.; unit_testing (ubuntu-latest, 3.11, default.yaml) -> .github:21 — Process completed with exit code 2.; unit_testing (ubuntu-latest, 3.11, inmemory.yaml) -> .github:21 — Process completed with exit code 2.; unit_testing (ubuntu-latest, 3.11, sql.yaml) -> .github:21 — Process completed with exit code 2.",,
247513b791f9136999ac,1,https://github.com/superduper-io/superduper/actions/runs/16827354027,20680f16b0329ebb917731e0055fe00663140a96,2025-08-08T09:47:51Z,plugins/mongodb/superduper_mongodb/__init__.py; plugins/snowflake/superduper_snowflake/__init__.py; plugins/sql/superduper_sql/__init__.py,,,release_plugin (mongodb); release_plugin (snowflake); release_plugin (sql),,release_plugin (snowflake) -> .github:581 — Process completed with exit code 1.,,
247513b791f9136999ac,2,https://github.com/superduper-io/superduper/actions/runs/16827426361,7fc1d5b9d51c083d23db12979dba814547af55f9,2025-08-08T09:51:37Z,plugins/mongodb/superduper_mongodb/__init__.py; plugins/snowflake/superduper_snowflake/__init__.py; plugins/sql/superduper_sql/__init__.py,,,release_plugin (snowflake),,release_plugin (snowflake) -> .github:581 — Process completed with exit code 1.,,
247513b791f9136999ac,3,https://github.com/superduper-io/superduper/actions/runs/16827561488,345ccb8e9446a62e4d63e7a2eb463265f89e2ac9,2025-08-08T09:58:25Z,,plugins/snowflake/pyproject.toml,,release_plugin (snowflake),,release_plugin (snowflake) -> .github:581 — Process completed with exit code 1.,,
b15760a1f3b7f5e774c7,1,https://github.com/superduper-io/superduper/actions/runs/17151925114,72be458376b3d695aa504b16c01d221093f214af,2025-08-22T09:44:18Z,plugins/chromadb/plugin_test/test_vector_searcher.py; plugins/chromadb/superduper_chromadb/__init__.py; plugins/chromadb/superduper_chromadb/chromadb.py,plugins/chromadb/pyproject.toml; plugins/chromadb/requirements.txt,,release_plugin (chromadb),,release_plugin (chromadb) -> .github:1 — The deployment was rejected or didn't satisfy other protection rules.,,
b15760a1f3b7f5e774c7,2,https://github.com/superduper-io/superduper/actions/runs/17232769572,cc4fce28f747149485a54fb4f1f85be6184d9cec,2025-08-26T08:39:25Z,,plugins/chromadb/pyproject.toml,,release_plugin (chromadb),,release_plugin (chromadb) -> .github:666 — Process completed with exit code 1.,,
b15760a1f3b7f5e774c7,3,https://github.com/superduper-io/superduper/actions/runs/17232840804,0e35bbf241f3a488906514605844b5a861cd724d,2025-08-26T08:42:18Z,plugins/chromadb/plugin_test/test_vector_searcher.py; plugins/chromadb/superduper_chromadb/chromadb.py,,,release_plugin (chromadb),,release_plugin (chromadb) -> .github:670 — Process completed with exit code 1.,,
