Episode ID,Repository,GitHub URL,Workflow Name,Branch,Start Pass SHA,First Fail SHA,Fail Shas,Failed Attempt Count,Recovery Pass SHA,Time to recovery,Source files changed,Config files changed,Break side config changes,Repair side config changes,Manual Validation,Config Category,Notes
cf7bc4dc03172df55d5c,LucasAlegre/morl-baselines,https://github.com/LucasAlegre/morl-baselines,pre-commit,jax-gpi-ls,48867bb76c719716bf4cb5b058158894aeec6916,90c88d27a8da22f14547cf2419a5f1b0f58f1421,90c88d27a8da22f14547cf2419a5f1b0f58f1421,1,4b37a41f92da275e36fa56f4c6839c81199c7481,0d 00:03:40,morl_baselines/common/buffer.py; morl_baselines/common/prioritized_buffer.py; morl_baselines/multi_policy/envelope/envelope.py; morl_baselines/multi_policy/gpi_pd/gpi_ls_continuous_action_jax.py; morl_baselines/multi_policy/gpi_pd/gpi_ls_jax.py; morl_baselines/multi_policy/gpi_pd/gpi_pd.py; morl_baselines/multi_policy/gpi_pd/gpi_pd_continuous_action.py; morl_baselines/single_policy/ser/mosac_continuous_action.py; morl_baselines/single_policy/ser/mosac_discrete_action.py,,,,,,
4f54e36ccc13af425c50,LucasAlegre/morl-baselines,https://github.com/LucasAlegre/morl-baselines,pre-commit,jax-gpi-ls,ec09de66f483db5ad93efab4f3498562d012bc9a,b3e177ef3241bdc62656300347554ec19465c800,b3e177ef3241bdc62656300347554ec19465c800,1,ecf71e84237554d72143688e33a3365151e39d27,0d 00:19:28,morl_baselines/multi_policy/gpi_ls_jax/gpi_ls_continuous_action_jax.py; morl_baselines/multi_policy/gpi_ls_jax/gpi_ls_jax.py,,,,,,
dcb85d1e6658566bc013,LucasAlegre/morl-baselines,https://github.com/LucasAlegre/morl-baselines,pre-commit,main,d5b49a62ca7ef186b1105fe9e2751343878a6971,66d1f4bb1a440c6e3a0c88b04d050d88920e9c59,66d1f4bb1a440c6e3a0c88b04d050d88920e9c59,1,447d18bec7df2a8a2b6c1371b61eb70e2bcd3475,0d 07:39:27,morl_baselines/multi_policy/linear_support/linear_support.py,,,,,,
5ed8c5fa97b4a66023f3,LucasAlegre/morl-baselines,https://github.com/LucasAlegre/morl-baselines,Python tests,jax-gpi-ls,48867bb76c719716bf4cb5b058158894aeec6916,90c88d27a8da22f14547cf2419a5f1b0f58f1421,90c88d27a8da22f14547cf2419a5f1b0f58f1421; 4b37a41f92da275e36fa56f4c6839c81199c7481,2,4ffe32ac1bfd743365f723cb9f2353a08f717253,0d 00:18:12,morl_baselines/common/buffer.py; morl_baselines/common/prioritized_buffer.py; morl_baselines/multi_policy/envelope/envelope.py; morl_baselines/multi_policy/gpi_pd/gpi_ls_continuous_action_jax.py; morl_baselines/multi_policy/gpi_pd/gpi_ls_jax.py; morl_baselines/multi_policy/gpi_pd/gpi_pd.py; morl_baselines/multi_policy/gpi_pd/gpi_pd_continuous_action.py; morl_baselines/single_policy/ser/mosac_continuous_action.py; morl_baselines/single_policy/ser/mosac_discrete_action.py,,,,,,
7365df2e42eddbba673f,WLM1ke/poptimizer,https://github.com/WLM1ke/poptimizer,poptimizer,exp,7b6769ece10720f76fe5a121dd9f7196a140cee7,c307d1bb805cb863e2362cfbb7cf9800ddcc89fa,c307d1bb805cb863e2362cfbb7cf9800ddcc89fa,1,6af5aea4a9d8abbf18961d65356783ae3d5919a4,0d 00:06:51,poptimizer/use_cases/evolve/evolve.py,,,,,,
8521b4e60f79b346d03b,WLM1ke/poptimizer,https://github.com/WLM1ke/poptimizer,poptimizer,master,7ba986db683ff88c2f509c906a990ce3d900df9c,7a4e116a84879611778ef6dd790eed11b8fed200,7a4e116a84879611778ef6dd790eed11b8fed200,1,4e2681854c02689ad76e981b0ce27adccfc05faa,0d 00:05:16,,,,,,,
6a1aa5d28416f479920e,WLM1ke/poptimizer,https://github.com/WLM1ke/poptimizer,poptimizer,master,cbe092059da268f08da9b88223f6317709d01965,50a4ce3abd01707875422bf7d336c4d099f93f25,50a4ce3abd01707875422bf7d336c4d099f93f25; 71ffa62aba53e2897022d734f2c934918547559f; 7de37a4c243a55c1cd0a4e4c74f7e7f78008c5d8; fc54769d8fcc080951645bbf9522ed361e3c3690; eb541a549f07d0360ef2a3bbc81f6f2e2e68a579; 446243d2bc8dbcf3b79f5c3ee9ef39abd196cbde; 6d50ce5156f54c9210ddd29df8b4e520faa8793b; d98e14e4df098582ee156d8d0cfb06f829d2f8e3; 40a1f75241ab493c7814276cd81f2160e00def16; 3a1c25725472be2ebb8f0bd3cd828391622d1d40; 811cad26c7ca6991c4a758e5336d0b027c2804d5; 549c48396c3c327502288c26fade78abf0b2f0ec; c2b39a5b230c7c201054a6c918a2947ed46c62c2; e487e4f5729be29c7537469ecbfe2f4e06ddc1ff,14,569044eb7b7919be064e7b8dad57f2c6b789a52d,6d 00:13:58,poptimizer/adapters/backup.py; poptimizer/adapters/mongo.py; poptimizer/consts.py; poptimizer/domain/dl/ledoit_wolf.py; poptimizer/domain/evolve/evolve.py; poptimizer/domain/moex/index.py; poptimizer/domain/moex/tests/test_index.py; poptimizer/domain/portfolio/forecasts.py; poptimizer/use_cases/evolve/evolve.py; poptimizer/use_cases/handler.py; poptimizer/use_cases/moex/data.py; poptimizer/use_cases/moex/index.py; poptimizer/use_cases/moex/quotes.py; poptimizer/use_cases/portfolio/portfolio.py,pyproject.toml,,pyproject.toml,,,
03e9085d66f2009a88cb,WLM1ke/poptimizer,https://github.com/WLM1ke/poptimizer,poptimizer,master,c13e180c9ad652934c60e50d9556f1efae617394,e4301287ae475b391c7f27dc1de43b7762b3bddc,e4301287ae475b391c7f27dc1de43b7762b3bddc,1,1598d3c5299b25012c6aaf84916826ba97ea734d,2d 01:38:31,poptimizer/controllers/bus/bus.py; poptimizer/controllers/bus/events.py; poptimizer/controllers/server/http_server.py; poptimizer/controllers/server/server.py; poptimizer/domain/dl/features.py; poptimizer/domain/dl/ledoit_wolf.py; poptimizer/domain/dl/ledoit_wolf_nonlinear.py; poptimizer/domain/dl/risk.py; poptimizer/domain/dl/wave_net/wave_net.py; poptimizer/reports/pdf/lower.py; poptimizer/reports/pdf/middle.py; poptimizer/reports/pdf/style.py; poptimizer/reports/pdf/upper.py; poptimizer/use_cases/cpi.py; poptimizer/use_cases/div/reestry.py; poptimizer/use_cases/div/status.py; poptimizer/use_cases/dl/features/index.py; poptimizer/use_cases/moex/data.py; poptimizer/use_cases/moex/index.py; poptimizer/use_cases/moex/quotes.py; poptimizer/use_cases/moex/securities.py; poptimizer/use_cases/moex/usd.py; poptimizer/use_cases/portfolio/forecasts.py,pyproject.toml,pyproject.toml,pyproject.toml,,,
8481abe7690cbe4881ca,WLM1ke/poptimizer,https://github.com/WLM1ke/poptimizer,poptimizer,master,a96d19545ba33c3acca4b0f7951b7c1a29131273,d93d09e0be2e6eaafb866613cac4b2924c0d8d36,d93d09e0be2e6eaafb866613cac4b2924c0d8d36; 5b13e620928bb990149f35afe5d3e03fdbe23b79,2,7b750cd82f4b57472580f16e734a925880d31601,1d 10:26:48,poptimizer/adapters/backup.py; poptimizer/cli/app.py; poptimizer/consts.py; poptimizer/controllers/bus/bus.py; poptimizer/controllers/bus/events.py; poptimizer/controllers/bus/msg.py; poptimizer/controllers/bus/requests.py; poptimizer/controllers/bus/uow.py; poptimizer/controllers/server/api.py; poptimizer/controllers/server/frontend.py; poptimizer/controllers/server/http_server.py; poptimizer/controllers/server/middleware.py; poptimizer/controllers/server/server.py; poptimizer/domain/div/raw.py; poptimizer/domain/portfolio/forecasts.py; poptimizer/domain/portfolio/portfolio.py; poptimizer/domain/settings.py; poptimizer/reports/pdf/lower.py; poptimizer/reports/pdf/pdf.py; poptimizer/use_cases/div/div.py; poptimizer/use_cases/div/status.py; poptimizer/use_cases/div/tests/test_div.py; poptimizer/use_cases/dl/features/day.py; poptimizer/use_cases/dl/features/index.py; poptimizer/use_cases/dl/features/quotes.py; poptimizer/use_cases/dl/features/securities.py; poptimizer/use_cases/evolve/evolve.py; poptimizer/use_cases/handler.py; poptimizer/use_cases/moex/data.py; poptimizer/use_cases/moex/index.py; poptimizer/use_cases/moex/quotes.py; poptimizer/use_cases/moex/securities.py; poptimizer/use_cases/portfolio/forecasts.py; poptimizer/use_cases/portfolio/portfolio.py; poptimizer/use_cases/requests/__init__.py; poptimizer/use_cases/requests/portfolio.py; poptimizer/use_cases/requests/raw.py; poptimizer/views/__init__.py; poptimizer/views/web/__init__.py; poptimizer/views/web/view.py,pyproject.toml,pyproject.toml,,,,
ac1c915616fc4bc32190,WLM1ke/poptimizer,https://github.com/WLM1ke/poptimizer,poptimizer,master,0aed884aff8199b088e200008f5866b670f5cd7d,26b7f0414a2385a4a4316e6e5648b7de484bbdd0,26b7f0414a2385a4a4316e6e5648b7de484bbdd0; 21d71fe6f282e96bef00feedd1d142664750d1c1,2,3ca3c7a79dfc781a62a36734d3686cb193171d05,1d 02:28:54,poptimizer/adapters/mongo.py; poptimizer/cli/app.py; poptimizer/controllers/bus/msg.py; poptimizer/controllers/tg/tg.py; poptimizer/domain/portfolio/forecasts.py; poptimizer/views/tg/model.py; poptimizer/views/tg/tg.py; poptimizer/views/tg/view.py; poptimizer/views/web/web.py,,,,,,
b0cdd265568edd7dd5e7,WLM1ke/poptimizer,https://github.com/WLM1ke/poptimizer,poptimizer,master,2ddd6890bff28b52b4cddb08de8a0828fbc1d30d,eca3acbbc2c9b7fdf53f1d2dbdea45b30e7f598f,eca3acbbc2c9b7fdf53f1d2dbdea45b30e7f598f; 46b448eec6fe5fb48e87e1eeb01dcdf7f7af1fad; b51f29389fef513eb2a68952b11a6e035a413654; f4362a6e49615a53c93dfa154f23f8405b886b6b; baeff2579d8ad533002d0e7d1ff45596be645d03,5,c2f5b929cabacef663ac5a9dbdcacac54a84b839,0d 22:25:40,poptimizer/adapters/backup.py; poptimizer/adapters/migrations.py; poptimizer/cli/app.py; poptimizer/cli/div.py; poptimizer/cli/income.py; poptimizer/cli/metrics.py; poptimizer/cli/pdf.py; poptimizer/cli/risk.py; poptimizer/cli/stats.py; poptimizer/config.py; poptimizer/controllers/bus/bus.py; poptimizer/domain/evolve/evolve.py; poptimizer/use_cases/evolve/evolve.py; poptimizer/use_cases/handler.py; poptimizer/use_cases/moex/data.py,pyproject.toml,pyproject.toml,,,,
2597b4e7070b64e22304,WLM1ke/poptimizer,https://github.com/WLM1ke/poptimizer,poptimizer,master,d96f346d8e0d2016a8b80deddcc4b6acbe2d3561,95d0f3feb29a64744ded7f7135a132ca68dc987e,95d0f3feb29a64744ded7f7135a132ca68dc987e,1,2c21e4117660527727549597f1f5b53cb86709bc,0d 09:51:48,poptimizer/use_cases/evolve/evolve.py,,,,,,
cf2aaa79bff1fc1a2ea8,WLM1ke/poptimizer,https://github.com/WLM1ke/poptimizer,poptimizer,master,82c6bd4a5c2999859a1dbb0eb20ee233151b07ee,c1bf6e4bb215bdd485ea126163a6090af8c62c5a,c1bf6e4bb215bdd485ea126163a6090af8c62c5a,1,6d08827ecd034f5b8f9194fdde4c1f0f25b26443,0d 00:29:28,poptimizer/consts.py; poptimizer/domain/evolve/genetics.py; poptimizer/domain/portfolio/forecasts.py; poptimizer/use_cases/evolve/evolve.py,pyproject.toml,pyproject.toml,,,,
091e7dbf4ff30a760b06,WLM1ke/poptimizer,https://github.com/WLM1ke/poptimizer,poptimizer,master,efc47ceb1ee0675c07ac1297e12047c8066bf1ff,cd7fa0b363048e8e1c28d864d52de698fd2afbec,cd7fa0b363048e8e1c28d864d52de698fd2afbec; fff1c11cd1baded331c79c30940f26dcc86c0e3d; ba7782c74ccf48287a1caf229b4cfef7a9f57955,3,23605f9d94017d3321e627fc80990e1a7f0b6485,39d 07:13:12,poptimizer/__main__.py; poptimizer/adapters/adapter.py; poptimizer/adapters/brokers/__init__.py; poptimizer/adapters/brokers/tinkoff.py; poptimizer/adapters/gmail.py; poptimizer/adapters/http.py; poptimizer/adapters/http_session.py; poptimizer/adapters/logger.py; poptimizer/adapters/migrations.py; poptimizer/adapters/mongo.py; poptimizer/adapters/tests/__init__.py; poptimizer/adapters/tests/test_adapter.py; poptimizer/cli/app.py; poptimizer/cli/config.py; poptimizer/cli/div.py; poptimizer/cli/income.py; poptimizer/cli/keychain.py; poptimizer/cli/metrics.py; poptimizer/cli/pdf.py; poptimizer/cli/risk.py; poptimizer/cli/safe.py; poptimizer/cli/stats.py; poptimizer/cli/tinkoff.py; poptimizer/consts.py; poptimizer/controllers/__init__.py; poptimizer/controllers/bus/__init__.py; poptimizer/controllers/bus/bus.py; poptimizer/controllers/bus/msg.py; poptimizer/controllers/bus/uow.py; poptimizer/controllers/server/__init__.py; poptimizer/controllers/server/server.py; poptimizer/core/__init__.py; poptimizer/core/consts.py; poptimizer/core/domain.py; poptimizer/core/errors.py; poptimizer/core/fsm.py; poptimizer/data/__init__.py; poptimizer/data/actions.py; poptimizer/data/clients/__init__.py; poptimizer/data/clients/cpi.py; poptimizer/data/clients/data.py; poptimizer/data/clients/memory.py; poptimizer/data/clients/migration.py; poptimizer/data/clients/reestry.py; poptimizer/data/clients/status.py; poptimizer/data/cpi/__init__.py; poptimizer/data/cpi/cpi.py; poptimizer/data/data.py; poptimizer/data/div/__init__.py; poptimizer/data/div/processed.py; poptimizer/data/div/raw.py; poptimizer/data/div/status.py; poptimizer/data/events.py; poptimizer/data/features/__init__.py; poptimizer/data/features/day.py; poptimizer/data/features/features.py; poptimizer/data/features/indexes.py; poptimizer/data/features/quotes.py; poptimizer/data/features/securities.py; poptimizer/data/moex/__init__.py; poptimizer/data/moex/index.py; poptimizer/data/moex/quotes.py; poptimizer/data/moex/securities.py; poptimizer/domain/__init__.py; poptimizer/domain/cpi.py; poptimizer/domain/div/__init__.py; poptimizer/domain/div/div.py; poptimizer/domain/div/raw.py; poptimizer/domain/div/reestry.py; poptimizer/domain/div/status.py; poptimizer/domain/div/tests/__init__.py; poptimizer/domain/div/tests/test_div.py; poptimizer/domain/div/tests/test_raw.py; poptimizer/domain/div/tests/test_reestry.py; poptimizer/domain/div/tests/test_status.py; poptimizer/domain/dl/__init__.py; poptimizer/domain/dl/data_loaders.py; poptimizer/domain/dl/datasets.py; poptimizer/domain/dl/features.py; poptimizer/domain/dl/ledoit_wolf.py; poptimizer/domain/dl/ledoit_wolf_nonlinear.py; poptimizer/domain/dl/risk.py; poptimizer/domain/dl/tests/__init__.py; poptimizer/domain/dl/tests/test_data_loader.py; poptimizer/domain/dl/wave_net/__init__.py; poptimizer/domain/dl/wave_net/backbone.py; poptimizer/domain/dl/wave_net/head.py; poptimizer/domain/dl/wave_net/inputs.py; poptimizer/domain/dl/wave_net/wave_net.py; poptimizer/domain/domain.py; poptimizer/domain/evolve/__init__.py; poptimizer/domain/evolve/evolve.py; poptimizer/domain/evolve/genetics.py; poptimizer/domain/evolve/genotype.py; poptimizer/domain/funds/__init__.py; poptimizer/domain/funds/funds.py; poptimizer/domain/moex/__init__.py; poptimizer/domain/moex/index.py; poptimizer/domain/moex/quotes.py; poptimizer/domain/moex/securities.py; poptimizer/domain/moex/tests/__init__.py; poptimizer/domain/moex/tests/test_index.py; poptimizer/domain/moex/tests/test_quotes.py; poptimizer/domain/moex/tests/test_securities.py; poptimizer/domain/moex/tests/test_trading_day.py; poptimizer/domain/moex/tests/test_usd.py; poptimizer/domain/moex/trading_day.py; poptimizer/domain/moex/usd.py; poptimizer/domain/portfolio/__init__.py; poptimizer/domain/portfolio/forecasts.py; poptimizer/domain/portfolio/portfolio.py; poptimizer/domain/tests/__init__.py; poptimizer/domain/tests/test_cpi.py; poptimizer/domain/tests/test_domain.py; poptimizer/errors.py; poptimizer/evolve/__init__.py; poptimizer/evolve/actions.py; poptimizer/evolve/dl/__init__.py; poptimizer/evolve/dl/builder.py; poptimizer/evolve/dl/data_loaders.py; poptimizer/evolve/dl/datasets.py; poptimizer/evolve/dl/ledoit_wolf.py; poptimizer/evolve/dl/ledoit_wolf_nonlinear.py; poptimizer/evolve/dl/risk.py; poptimizer/evolve/dl/tests/__init__.py; poptimizer/evolve/dl/tests/test_data_loader.py; poptimizer/evolve/dl/tests/test_trainer.py; poptimizer/evolve/dl/trainer.py; poptimizer/evolve/dl/wave_net/__init__.py; poptimizer/evolve/dl/wave_net/backbone.py; poptimizer/evolve/dl/wave_net/head.py; poptimizer/evolve/dl/wave_net/inputs.py; poptimizer/evolve/dl/wave_net/wave_net.py; poptimizer/evolve/events.py; poptimizer/evolve/evolution/__init__.py; poptimizer/evolve/evolution/evolve.py; poptimizer/evolve/evolution/genetics.py; poptimizer/evolve/evolution/genotype.py; poptimizer/evolve/evolve.py; poptimizer/forecast/__init__.py; poptimizer/forecast/actions.py; poptimizer/forecast/events.py; poptimizer/forecast/forecast.py; poptimizer/forecast/forecasts/__init__.py; poptimizer/forecast/forecasts/forecasts.py; poptimizer/fsm/__init__.py; poptimizer/fsm/graph.py; poptimizer/fsm/system.py; poptimizer/fsm/tx.py; poptimizer/fsm/uow.py; poptimizer/portfolio/__init__.py; poptimizer/portfolio/actions.py; poptimizer/portfolio/clients/__init__.py; poptimizer/portfolio/clients/tinkoff.py; poptimizer/portfolio/events.py; poptimizer/portfolio/port/__init__.py; poptimizer/portfolio/port/portfolio.py; poptimizer/portfolio/portfolio.py; poptimizer/reports/funds/__init__.py; poptimizer/reports/funds/funds.py; poptimizer/reports/income.py; poptimizer/reports/metrics.py; poptimizer/reports/pdf/lower.py; poptimizer/reports/pdf/pdf.py; poptimizer/reports/pdf/style.py; poptimizer/reports/pdf/upper.py; poptimizer/reports/risk.py; poptimizer/reports/stats.py; poptimizer/use_cases/__init__.py; poptimizer/use_cases/cpi.py; poptimizer/use_cases/div/__init__.py; poptimizer/use_cases/div/div.py; poptimizer/use_cases/div/reestry.py; poptimizer/use_cases/div/status.py; poptimizer/use_cases/div/tests/__init__.py; poptimizer/use_cases/div/tests/test_div.py; poptimizer/use_cases/dl/__init__.py; poptimizer/use_cases/dl/builder.py; poptimizer/use_cases/dl/features/__init__.py; poptimizer/use_cases/dl/features/day.py; poptimizer/use_cases/dl/features/index.py; poptimizer/use_cases/dl/features/quotes.py; poptimizer/use_cases/dl/features/securities.py; poptimizer/use_cases/dl/tests/__init__.py; poptimizer/use_cases/dl/tests/test_trainer.py; poptimizer/use_cases/dl/trainer.py; poptimizer/use_cases/evolve/__init__.py; poptimizer/use_cases/evolve/evolve.py; poptimizer/use_cases/handler.py; poptimizer/use_cases/moex/__init__.py; poptimizer/use_cases/moex/data.py; poptimizer/use_cases/moex/index.py; poptimizer/use_cases/moex/quotes.py; poptimizer/use_cases/moex/securities.py; poptimizer/use_cases/moex/usd.py; poptimizer/use_cases/portfolio/__init__.py; poptimizer/use_cases/portfolio/forecasts.py; poptimizer/use_cases/portfolio/portfolio.py; poptimizer/use_cases/portfolio/positions.py; poptimizer/views/web/models.py; poptimizer/views/web/server.py; poptimizer/views/web/web.py,pyproject.toml,pyproject.toml,pyproject.toml,,,
cfc03b1e969b81bf0112,WLM1ke/poptimizer,https://github.com/WLM1ke/poptimizer,poptimizer,master,c2b3738201b4ae1fb60f64704900c9c202b651a7,850e34bbf5c6ef7ef8b0085e36f8262f421e4881,850e34bbf5c6ef7ef8b0085e36f8262f421e4881,1,280ae6bfa819704f305f920b505f6e9d68121ad2,0d 19:17:03,poptimizer/adapters/mongo.py; poptimizer/core/domain.py; poptimizer/core/fsm.py; poptimizer/data/div/status.py; poptimizer/data/features/day.py; poptimizer/data/features/indexes.py; poptimizer/data/features/quotes.py; poptimizer/data/features/securities.py; poptimizer/evolve/actions.py; poptimizer/evolve/dl/tests/test_trainer.py; poptimizer/evolve/dl/trainer.py; poptimizer/evolve/evolution/__init__.py; poptimizer/evolve/evolution/evolve.py; poptimizer/evolve/evolution/genetics.py; poptimizer/evolve/evolution/genotype.py; poptimizer/evolve/models/__init__.py; poptimizer/evolve/models/evolve.py; poptimizer/evolve/models/genetics.py; poptimizer/evolve/models/genotype.py; poptimizer/forecast/actions.py; poptimizer/forecast/forecasts/__init__.py; poptimizer/forecast/forecasts/forecasts.py; poptimizer/forecast/models/__init__.py; poptimizer/forecast/models/forecasts.py; poptimizer/fsm/tx.py; poptimizer/fsm/uow.py; poptimizer/portfolio/actions.py; poptimizer/portfolio/models/__init__.py; poptimizer/portfolio/models/portfolio.py; poptimizer/portfolio/port/__init__.py; poptimizer/portfolio/port/portfolio.py; poptimizer/reports/funds/funds.py; poptimizer/reports/metrics.py; poptimizer/reports/pdf/lower.py; poptimizer/reports/pdf/pdf.py; poptimizer/reports/stats.py; poptimizer/trading/__init__.py; poptimizer/trading/actions.py; poptimizer/trading/events.py; poptimizer/trading/models/__init__.py; poptimizer/trading/models/trading.py; poptimizer/trading/trading.py; poptimizer/views/web/models.py; poptimizer/views/web/web.py,pyproject.toml,pyproject.toml,,,,
5b0717c3ce49cb466309,WLM1ke/poptimizer,https://github.com/WLM1ke/poptimizer,poptimizer,master,4823db3277bcaa4e5198ef9813ae184b528bb9ce,d2b6100263f7323a37ef5721206f555c63600b14,d2b6100263f7323a37ef5721206f555c63600b14; 3455bf2a5e84ae0529ea48f23b4199d56f583bdb; eed475d97719f3820e38bfe88f088b02b7fe616d; 9904bcde5e052852c547b7898fe32694e16760da; 8c0f0ce6aee086699703300bcecf590e3c6555d2; a91894236bcdd4da7ba9727ecaee7554b54eb847; 4a229f10a0f01f73ad1d1716b37b023fea3b885f; 1c769c1c94a285d8722df56c330c90fafec3ab7c; 03f191df88e3d614593fdd945d29138f09fc7e5c; 9746728604535f8665c8459ed63d2c6d68719a64; 5382382a25e7d64be8ff9c669fe53a461c8f3d13; aad88455bbcf31fdcdae527ce8b191eabe30a6f0; 40d7052f21a1c5344eaae33c2cda277f5289797f; 2b69260803669ac95a58f9ad330fe70ab12cfce5; dcebea7416356b85f4823c473d5a3c91ff480fdd; 1751c8b9e7b1d7ced1425ba8f2332f8592f26cf3; 04e605ee962d88bae311ea39ff391a905975e308; c6cd990d1d8c09a63adfb9b292483faf8eabb930; 87c5175fa1afe7149424becc67fddf2e65b5c643,19,11371e5eb476b641ddbfb2b32a437b3d52a43679,68d 01:38:26,poptimizer/adapters/http.py; poptimizer/adapters/logger.py; poptimizer/cli/app.py; poptimizer/cli/tinkoff.py; poptimizer/clients/__init__.py; poptimizer/clients/cpi.py; poptimizer/clients/data.py; poptimizer/clients/memory.py; poptimizer/clients/migration.py; poptimizer/clients/reestry.py; poptimizer/clients/status.py; poptimizer/clients/tinkoff.py; poptimizer/core/consts.py; poptimizer/data/clients/__init__.py; poptimizer/data/clients/cpi.py; poptimizer/data/clients/data.py; poptimizer/data/clients/memory.py; poptimizer/data/clients/migration.py; poptimizer/data/clients/reestry.py; poptimizer/data/clients/status.py; poptimizer/data/cpi/cpi.py; poptimizer/data/features/features.py; poptimizer/data/moex/index.py; poptimizer/evolve/dl/builder.py; poptimizer/evolve/dl/datasets.py; poptimizer/evolve/dl/ledoit_wolf.py; poptimizer/evolve/dl/risk.py; poptimizer/evolve/dl/trainer.py; poptimizer/evolve/models/genotype.py; poptimizer/forecast/actions.py; poptimizer/portfolio/clients/__init__.py; poptimizer/portfolio/clients/tinkoff.py; poptimizer/reports/funds/funds.py; poptimizer/reports/pdf/pdf.py; poptimizer/reports/stats.py; poptimizer/trading/actions.py; poptimizer/trading/events.py; poptimizer/trading/models/trading.py; poptimizer/trading/trading.py,pyproject.toml,,,,,
810bd8a865a89f3afe8c,WLM1ke/poptimizer,https://github.com/WLM1ke/poptimizer,poptimizer,v4,c3b58ad6c447b72b5426bbe5c994c5f80294ffcf,61eb450a7a0a34aa7ff67fda6976b103ee241016,61eb450a7a0a34aa7ff67fda6976b103ee241016; 06fd2a932bb5fc4cc0c218ff65ca3f6776de6012; 522be266e6c483739d82765f4ac3100a48264ff9; 7d00b39e9134c1cb9d3615e504235059bfdfa0f7; 36ea3403a188cb002cd565d655a9c040383738c5; 2caed6ba18eceff4146e80583bdd9d8de5e8431a; 642b2325cb9fb8cf18c76c8d22eb4ba22aaaf7e4; d784c4964fbd4b6a8225db677479ff25d028773d,8,f2ab881ec4c61e1f98ecf58043cb8f54513db0ba,20d 13:24:12,poptimizer/adapters/http.py; poptimizer/adapters/mongo.py; poptimizer/core/errors.py; poptimizer/evolve/dl/datasets.py; poptimizer/evolve/dl/wave_net/backbone.py; poptimizer/evolve/dl/wave_net/head.py; poptimizer/portfolio/actions.py,pyproject.toml,pyproject.toml,,,,
168596eee013010c3a0a,WLM1ke/poptimizer,https://github.com/WLM1ke/poptimizer,npm_and_yarn in /frontend for glob - Update #1158216721,master,7e6fde385ba6a5070f766fafd946c00cc32b6578,4f610b05230e6b268a70e1330b54752a0c51e94b,4f610b05230e6b268a70e1330b54752a0c51e94b,1,0e71377a4742f3884b4a004ca7f2f929c4a0e5e6,0d 23:46:31,poptimizer/adapters/backup.py; poptimizer/consts.py; poptimizer/controllers/bus/bus.py; poptimizer/controllers/bus/events.py; poptimizer/controllers/server/http_server.py; poptimizer/controllers/server/server.py; poptimizer/domain/dl/datasets.py; poptimizer/domain/dl/features.py; poptimizer/domain/dl/ledoit_wolf.py; poptimizer/domain/dl/ledoit_wolf_nonlinear.py; poptimizer/domain/dl/risk.py; poptimizer/domain/dl/tests/test_data_loader.py; poptimizer/domain/dl/wave_net/wave_net.py; poptimizer/domain/evolve/genotype.py; poptimizer/domain/moex/index.py; poptimizer/domain/moex/trading_day.py; poptimizer/errors.py; poptimizer/reports/pdf/lower.py; poptimizer/reports/pdf/middle.py; poptimizer/reports/pdf/style.py; poptimizer/reports/pdf/upper.py; poptimizer/use_cases/cpi.py; poptimizer/use_cases/div/reestry.py; poptimizer/use_cases/div/status.py; poptimizer/use_cases/dl/builder.py; poptimizer/use_cases/dl/features/index.py; poptimizer/use_cases/moex/data.py; poptimizer/use_cases/moex/index.py; poptimizer/use_cases/moex/quotes.py; poptimizer/use_cases/moex/securities.py; poptimizer/use_cases/moex/usd.py,pyproject.toml,pyproject.toml,,,,
aa6896f38b5a9a0ca05e,WLM1ke/poptimizer,https://github.com/WLM1ke/poptimizer,uv in /. for cryptography - Update #1240290886,master,0e71377a4742f3884b4a004ca7f2f929c4a0e5e6,0e71377a4742f3884b4a004ca7f2f929c4a0e5e6,0e71377a4742f3884b4a004ca7f2f929c4a0e5e6; d93d09e0be2e6eaafb866613cac4b2924c0d8d36,2,82c6bd4a5c2999859a1dbb0eb20ee233151b07ee,83d 09:18:22,poptimizer/__main__.py; poptimizer/adapters/backup.py; poptimizer/adapters/brokers/__init__.py; poptimizer/adapters/brokers/tinkoff.py; poptimizer/adapters/http_session.py; poptimizer/adapters/logger.py; poptimizer/adapters/migrations.py; poptimizer/adapters/mongo.py; poptimizer/cli/app.py; poptimizer/cli/config.py; poptimizer/cli/div.py; poptimizer/cli/income.py; poptimizer/cli/keychain.py; poptimizer/cli/metrics.py; poptimizer/cli/pdf.py; poptimizer/cli/risk.py; poptimizer/cli/stats.py; poptimizer/cli/tinkoff.py; poptimizer/config.py; poptimizer/consts.py; poptimizer/controllers/bus/bus.py; poptimizer/controllers/bus/events.py; poptimizer/controllers/bus/msg.py; poptimizer/controllers/bus/requests.py; poptimizer/controllers/bus/uow.py; poptimizer/controllers/server/api.py; poptimizer/controllers/server/frontend.py; poptimizer/controllers/server/http_server.py; poptimizer/controllers/server/middleware.py; poptimizer/controllers/server/server.py; poptimizer/controllers/tg/__init__.py; poptimizer/controllers/tg/tg.py; poptimizer/domain/div/raw.py; poptimizer/domain/dl/datasets.py; poptimizer/domain/dl/features.py; poptimizer/domain/evolve/evolve.py; poptimizer/domain/evolve/genotype.py; poptimizer/domain/moex/index.py; poptimizer/domain/portfolio/forecasts.py; poptimizer/domain/portfolio/portfolio.py; poptimizer/reports/pdf/lower.py; poptimizer/reports/pdf/pdf.py; poptimizer/use_cases/div/div.py; poptimizer/use_cases/div/status.py; poptimizer/use_cases/div/tests/test_div.py; poptimizer/use_cases/dl/builder.py; poptimizer/use_cases/dl/features/day.py; poptimizer/use_cases/dl/features/index.py; poptimizer/use_cases/dl/features/quotes.py; poptimizer/use_cases/dl/features/securities.py; poptimizer/use_cases/evolve/evolve.py; poptimizer/use_cases/handler.py; poptimizer/use_cases/moex/data.py; poptimizer/use_cases/moex/index.py; poptimizer/use_cases/moex/quotes.py; poptimizer/use_cases/moex/securities.py; poptimizer/use_cases/portfolio/forecasts.py; poptimizer/use_cases/portfolio/portfolio.py; poptimizer/use_cases/portfolio/positions.py; poptimizer/use_cases/requests/__init__.py; poptimizer/use_cases/requests/portfolio.py; poptimizer/use_cases/requests/raw.py; poptimizer/views/__init__.py; poptimizer/views/tg/__init__.py; poptimizer/views/tg/model.py; poptimizer/views/tg/tg.py; poptimizer/views/tg/view.py; poptimizer/views/utils.py; poptimizer/views/web/__init__.py; poptimizer/views/web/models.py; poptimizer/views/web/view.py; poptimizer/views/web/web.py,pyproject.toml,,pyproject.toml,,,
34bc9e1e355c3453d636,WLM1ke/poptimizer,https://github.com/WLM1ke/poptimizer,uv in /. for aiohttp - Update #1418998020,master,ba7782c74ccf48287a1caf229b4cfef7a9f57955,288a986b47e828d97fbcaca376b9df2b10b9cd7c,288a986b47e828d97fbcaca376b9df2b10b9cd7c; 288a986b47e828d97fbcaca376b9df2b10b9cd7c; 288a986b47e828d97fbcaca376b9df2b10b9cd7c; 288a986b47e828d97fbcaca376b9df2b10b9cd7c,4,d2b6100263f7323a37ef5721206f555c63600b14,13d 11:16:29,poptimizer/__main__.py; poptimizer/adapters/adapter.py; poptimizer/adapters/brokers/__init__.py; poptimizer/adapters/brokers/tinkoff.py; poptimizer/adapters/gmail.py; poptimizer/adapters/http.py; poptimizer/adapters/http_session.py; poptimizer/adapters/logger.py; poptimizer/adapters/migrations.py; poptimizer/adapters/mongo.py; poptimizer/adapters/tests/__init__.py; poptimizer/adapters/tests/test_adapter.py; poptimizer/cli/app.py; poptimizer/cli/config.py; poptimizer/cli/div.py; poptimizer/cli/income.py; poptimizer/cli/keychain.py; poptimizer/cli/metrics.py; poptimizer/cli/pdf.py; poptimizer/cli/risk.py; poptimizer/cli/safe.py; poptimizer/cli/stats.py; poptimizer/cli/tinkoff.py; poptimizer/consts.py; poptimizer/controllers/__init__.py; poptimizer/controllers/bus/__init__.py; poptimizer/controllers/bus/bus.py; poptimizer/controllers/bus/msg.py; poptimizer/controllers/bus/uow.py; poptimizer/controllers/server/__init__.py; poptimizer/controllers/server/server.py; poptimizer/core/__init__.py; poptimizer/core/consts.py; poptimizer/core/domain.py; poptimizer/core/errors.py; poptimizer/core/fsm.py; poptimizer/data/__init__.py; poptimizer/data/actions.py; poptimizer/data/clients/__init__.py; poptimizer/data/clients/cpi.py; poptimizer/data/clients/data.py; poptimizer/data/clients/memory.py; poptimizer/data/clients/migration.py; poptimizer/data/clients/reestry.py; poptimizer/data/clients/status.py; poptimizer/data/cpi/__init__.py; poptimizer/data/cpi/cpi.py; poptimizer/data/data.py; poptimizer/data/div/__init__.py; poptimizer/data/div/processed.py; poptimizer/data/div/raw.py; poptimizer/data/div/status.py; poptimizer/data/events.py; poptimizer/data/features/__init__.py; poptimizer/data/features/day.py; poptimizer/data/features/features.py; poptimizer/data/features/indexes.py; poptimizer/data/features/quotes.py; poptimizer/data/features/securities.py; poptimizer/data/moex/__init__.py; poptimizer/data/moex/index.py; poptimizer/data/moex/quotes.py; poptimizer/data/moex/securities.py; poptimizer/domain/__init__.py; poptimizer/domain/cpi.py; poptimizer/domain/div/__init__.py; poptimizer/domain/div/div.py; poptimizer/domain/div/raw.py; poptimizer/domain/div/reestry.py; poptimizer/domain/div/status.py; poptimizer/domain/div/tests/__init__.py; poptimizer/domain/div/tests/test_div.py; poptimizer/domain/div/tests/test_raw.py; poptimizer/domain/div/tests/test_reestry.py; poptimizer/domain/div/tests/test_status.py; poptimizer/domain/dl/__init__.py; poptimizer/domain/dl/data_loaders.py; poptimizer/domain/dl/datasets.py; poptimizer/domain/dl/features.py; poptimizer/domain/dl/ledoit_wolf.py; poptimizer/domain/dl/ledoit_wolf_nonlinear.py; poptimizer/domain/dl/risk.py; poptimizer/domain/dl/tests/__init__.py; poptimizer/domain/dl/tests/test_data_loader.py; poptimizer/domain/dl/wave_net/__init__.py; poptimizer/domain/dl/wave_net/backbone.py; poptimizer/domain/dl/wave_net/head.py; poptimizer/domain/dl/wave_net/inputs.py; poptimizer/domain/dl/wave_net/wave_net.py; poptimizer/domain/domain.py; poptimizer/domain/evolve/__init__.py; poptimizer/domain/evolve/evolve.py; poptimizer/domain/evolve/genetics.py; poptimizer/domain/evolve/genotype.py; poptimizer/domain/funds/__init__.py; poptimizer/domain/funds/funds.py; poptimizer/domain/moex/__init__.py; poptimizer/domain/moex/index.py; poptimizer/domain/moex/quotes.py; poptimizer/domain/moex/securities.py; poptimizer/domain/moex/tests/__init__.py; poptimizer/domain/moex/tests/test_index.py; poptimizer/domain/moex/tests/test_quotes.py; poptimizer/domain/moex/tests/test_securities.py; poptimizer/domain/moex/tests/test_trading_day.py; poptimizer/domain/moex/tests/test_usd.py; poptimizer/domain/moex/trading_day.py; poptimizer/domain/moex/usd.py; poptimizer/domain/portfolio/__init__.py; poptimizer/domain/portfolio/forecasts.py; poptimizer/domain/portfolio/portfolio.py; poptimizer/domain/tests/__init__.py; poptimizer/domain/tests/test_cpi.py; poptimizer/domain/tests/test_domain.py; poptimizer/errors.py; poptimizer/evolve/__init__.py; poptimizer/evolve/actions.py; poptimizer/evolve/dl/__init__.py; poptimizer/evolve/dl/builder.py; poptimizer/evolve/dl/data_loaders.py; poptimizer/evolve/dl/datasets.py; poptimizer/evolve/dl/ledoit_wolf.py; poptimizer/evolve/dl/ledoit_wolf_nonlinear.py; poptimizer/evolve/dl/risk.py; poptimizer/evolve/dl/tests/__init__.py; poptimizer/evolve/dl/tests/test_data_loader.py; poptimizer/evolve/dl/tests/test_trainer.py; poptimizer/evolve/dl/trainer.py; poptimizer/evolve/dl/wave_net/__init__.py; poptimizer/evolve/dl/wave_net/backbone.py; poptimizer/evolve/dl/wave_net/head.py; poptimizer/evolve/dl/wave_net/inputs.py; poptimizer/evolve/dl/wave_net/wave_net.py; poptimizer/evolve/events.py; poptimizer/evolve/evolve.py; poptimizer/evolve/models/__init__.py; poptimizer/evolve/models/evolve.py; poptimizer/evolve/models/genetics.py; poptimizer/evolve/models/genotype.py; poptimizer/forecast/__init__.py; poptimizer/forecast/actions.py; poptimizer/forecast/events.py; poptimizer/forecast/forecast.py; poptimizer/forecast/models/__init__.py; poptimizer/forecast/models/forecasts.py; poptimizer/fsm/__init__.py; poptimizer/fsm/graph.py; poptimizer/fsm/system.py; poptimizer/fsm/tx.py; poptimizer/fsm/uow.py; poptimizer/portfolio/__init__.py; poptimizer/portfolio/actions.py; poptimizer/portfolio/clients/__init__.py; poptimizer/portfolio/clients/tinkoff.py; poptimizer/portfolio/events.py; poptimizer/portfolio/models/__init__.py; poptimizer/portfolio/models/portfolio.py; poptimizer/portfolio/portfolio.py; poptimizer/reports/funds/__init__.py; poptimizer/reports/funds/funds.py; poptimizer/reports/income.py; poptimizer/reports/metrics.py; poptimizer/reports/pdf/lower.py; poptimizer/reports/pdf/pdf.py; poptimizer/reports/pdf/style.py; poptimizer/reports/pdf/upper.py; poptimizer/reports/risk.py; poptimizer/reports/stats.py; poptimizer/trading/__init__.py; poptimizer/trading/actions.py; poptimizer/trading/events.py; poptimizer/trading/models/__init__.py; poptimizer/trading/models/trading.py; poptimizer/trading/trading.py; poptimizer/use_cases/__init__.py; poptimizer/use_cases/cpi.py; poptimizer/use_cases/div/__init__.py; poptimizer/use_cases/div/div.py; poptimizer/use_cases/div/reestry.py; poptimizer/use_cases/div/status.py; poptimizer/use_cases/div/tests/__init__.py; poptimizer/use_cases/div/tests/test_div.py; poptimizer/use_cases/dl/__init__.py; poptimizer/use_cases/dl/builder.py; poptimizer/use_cases/dl/features/__init__.py; poptimizer/use_cases/dl/features/day.py; poptimizer/use_cases/dl/features/index.py; poptimizer/use_cases/dl/features/quotes.py; poptimizer/use_cases/dl/features/securities.py; poptimizer/use_cases/dl/tests/__init__.py; poptimizer/use_cases/dl/tests/test_trainer.py; poptimizer/use_cases/dl/trainer.py; poptimizer/use_cases/evolve/__init__.py; poptimizer/use_cases/evolve/evolve.py; poptimizer/use_cases/handler.py; poptimizer/use_cases/moex/__init__.py; poptimizer/use_cases/moex/data.py; poptimizer/use_cases/moex/index.py; poptimizer/use_cases/moex/quotes.py; poptimizer/use_cases/moex/securities.py; poptimizer/use_cases/moex/usd.py; poptimizer/use_cases/portfolio/__init__.py; poptimizer/use_cases/portfolio/forecasts.py; poptimizer/use_cases/portfolio/portfolio.py; poptimizer/use_cases/portfolio/positions.py; poptimizer/views/web/models.py; poptimizer/views/web/server.py; poptimizer/views/web/web.py,pyproject.toml,pyproject.toml,pyproject.toml,,,
bba77e1bb65ebadc7b02,WLM1ke/poptimizer,https://github.com/WLM1ke/poptimizer,uv in / for aiohttp - Update #1419535492,master,d2b6100263f7323a37ef5721206f555c63600b14,d2b6100263f7323a37ef5721206f555c63600b14,d2b6100263f7323a37ef5721206f555c63600b14; d2b6100263f7323a37ef5721206f555c63600b14; d2b6100263f7323a37ef5721206f555c63600b14; d2b6100263f7323a37ef5721206f555c63600b14; d2b6100263f7323a37ef5721206f555c63600b14; d2b6100263f7323a37ef5721206f555c63600b14,6,3455bf2a5e84ae0529ea48f23b4199d56f583bdb,0d 03:56:06,poptimizer/adapters/logger.py; poptimizer/cli/app.py; poptimizer/cli/tinkoff.py; poptimizer/clients/__init__.py; poptimizer/clients/cpi.py; poptimizer/clients/data.py; poptimizer/clients/memory.py; poptimizer/clients/migration.py; poptimizer/clients/reestry.py; poptimizer/clients/status.py; poptimizer/clients/tinkoff.py; poptimizer/data/clients/__init__.py; poptimizer/data/clients/cpi.py; poptimizer/data/clients/data.py; poptimizer/data/clients/memory.py; poptimizer/data/clients/migration.py; poptimizer/data/clients/reestry.py; poptimizer/data/clients/status.py; poptimizer/portfolio/clients/__init__.py; poptimizer/portfolio/clients/tinkoff.py; poptimizer/trading/models/trading.py,pyproject.toml,,pyproject.toml,,,
2c567374e59790faa543,aramis-lab/clinica,https://github.com/aramis-lab/clinica,Lint,dev,35abdba8b584dc28b16141ec958aa3b191477b76,93c6193a76f49d5e4f9fd23b7c999c71834f89c9,93c6193a76f49d5e4f9fd23b7c999c71834f89c9,1,d2753f7a65278cc32dd2e872adf8eeeb4de76a48,0d 20:26:04,clinica/pipelines/t1_linear/anat_linear_pipeline.py,,,,,,
9a62c7a31f62a6f42e0d,aramis-lab/clinica,https://github.com/aramis-lab/clinica,Unit Tests,adni_pet_step4,36af8e6ad02dab5f1f4c26de62006f8d5fe86a8c,79bc240c795a2486750bc446f34cb22189508e1c,79bc240c795a2486750bc446f34cb22189508e1c; 83d2a9bb0fb0a319008fac46018d584e8184fe55; 2ec3926ebbc865084a2bfbd87339094f89276814; b294e5db0089f4eeab68c5845a4cf66399dbe6c6; da1435bdf916f22504d2d808d1ef0475396ec6df,5,620289843b7a8f56dd00dd1488af09fb1f26ec5d,0d 04:36:46,clinica/converters/adni_to_bids/_converter.py; clinica/converters/adni_to_bids/_modality.py; clinica/converters/adni_to_bids/_utils.py; clinica/converters/adni_to_bids/cli.py; clinica/converters/adni_to_bids/modality_converters/_av45_fbb_pet.py; clinica/converters/adni_to_bids/modality_converters/_dwi.py; clinica/converters/adni_to_bids/modality_converters/_factory.py; clinica/converters/adni_to_bids/modality_converters/_fdg_pet.py; clinica/converters/adni_to_bids/modality_converters/_flair.py; clinica/converters/adni_to_bids/modality_converters/_fmap.py; clinica/converters/adni_to_bids/modality_converters/_fmri.py; clinica/converters/adni_to_bids/modality_converters/_pet_utils.py; clinica/converters/adni_to_bids/modality_converters/_pib_pet.py; clinica/converters/adni_to_bids/modality_converters/_t1.py; clinica/converters/adni_to_bids/modality_converters/_tau_pet.py; test/unittests/converters/adni_to_bids/modality_converters/test_adni_pet_utils.py; test/unittests/converters/adni_to_bids/test_adni_modality.py; test/unittests/converters/adni_to_bids/test_adni_utils.py,,,,,,
28588090bfa4adc1f122,aramis-lab/clinica,https://github.com/aramis-lab/clinica,Unit Tests,adni_pet_step4,a877dedb24dc075e0b97a8df8fd5a8c6f1660ee2,5c855c593581f66aa5aa52fc30fa9f9cd8a926b3,5c855c593581f66aa5aa52fc30fa9f9cd8a926b3,1,1ee6ee9963a8daeef3d6d0df45e0fbe87cb71d25,0d 00:03:47,clinica/converters/adni_to_bids/_modality.py; test/unittests/converters/adni_to_bids/test_adni_modality.py,,,,,,
bbc9ad2d310d5758ba5d,aramis-lab/clinica,https://github.com/aramis-lab/clinica,Unit Tests,adni_pet_step4,cd6ceccc4b28f19100403a7a08024140f6297992,1e73f4ee36c80a9d811d4e41af99b5916aa110f7,1e73f4ee36c80a9d811d4e41af99b5916aa110f7; a8255401f654d1c6ba76dc557b0b68729a67a66e; 2f3ba5e055d56baa9ea6eeb7f200aef2006ebc3f,3,79de8f8ad7d2d0e3dd782570ad55ea207ed6b1e1,6d 15:57:50,clinica/converters/adni_to_bids/_modality.py; clinica/converters/adni_to_bids/_utils.py; clinica/converters/adni_to_bids/modality_converters/_av45_fbb_pet.py; clinica/converters/adni_to_bids/modality_converters/_fdg_pet.py; clinica/converters/adni_to_bids/modality_converters/_image_path_utils.py; clinica/converters/adni_to_bids/modality_converters/_pib_pet.py; clinica/converters/adni_to_bids/modality_converters/_tau_pet.py; test/unittests/converters/adni_to_bids/test_adni_modality.py,,,,,,
235316ef38fd3e541395,aramis-lab/clinica,https://github.com/aramis-lab/clinica,Unit Tests,dev,35abdba8b584dc28b16141ec958aa3b191477b76,93c6193a76f49d5e4f9fd23b7c999c71834f89c9,93c6193a76f49d5e4f9fd23b7c999c71834f89c9,1,d2753f7a65278cc32dd2e872adf8eeeb4de76a48,0d 20:26:04,clinica/pipelines/t1_linear/anat_linear_pipeline.py,,,,,,
256ab8858a6ee70f3461,aramis-lab/clinica,https://github.com/aramis-lab/clinica,Unit Tests,feature-1505,d4cce0340c0c7e0b6f1ffff81834d328bf3f50bb,803870d186b5d6f1466e92c8908d0553dcaf2a38,803870d186b5d6f1466e92c8908d0553dcaf2a38,1,fcec7b945a0fee1ed275a2aae12d643751d70de4,0d 22:22:51,clinica/converters/genfi_to_bids/_utils.py; test/unittests/converters/test_genfi_to_bids_utils.py,,,,,,
a81b6dcb4980daebd9d1,aramis-lab/clinica,https://github.com/aramis-lab/clinica,Unit Tests,feature-1555,1838006e791799648b4514710d013d043ead3730,f7bb728a89206b3037f2fc04c5bd7f54fd9850cc,f7bb728a89206b3037f2fc04c5bd7f54fd9850cc; c812abf356bf3b22715e3321fde18535bac3e869,2,9612379dff3a8b2326384ca7f7ea4c5223951d9d,0d 07:04:50,test/unittests/converters/test_genfi_to_bids_utils.py,,,,,,
9430d3729a0397334fe6,aramis-lab/clinica,https://github.com/aramis-lab/clinica,Unit Tests,feature-1646,d16cce0bc5f4643c4aa67951011e0b24bec46f58,82fcc0b1a368a034c9eb52a3c65c8c56b1c61d93,82fcc0b1a368a034c9eb52a3c65c8c56b1c61d93,1,0b4b6ba80f4fa4ba6a7b5d7f19419d8d2bd3e3b7,0d 00:00:51,clinica/converters/genfi_to_bids/_utils.py; test/unittests/converters/test_genfi_to_bids_utils.py,,,,,,
1c44392c7285bf8a53d4,aramis-lab/clinica,https://github.com/aramis-lab/clinica,Unit Tests,fix_pet_s_again,b01b34ee5c7b55bde546a48b4ed160ed30e0d0cd,dce7fa68cf516a838b00098e461f5f4299a4179f,dce7fa68cf516a838b00098e461f5f4299a4179f,1,536d4006837d86625009f52ece063739f9adfbdf,0d 16:49:51,clinica/pipelines/pet_surface/pet_surface_utils.py,,,,,,
0d51fe6bb71d98d37651,aramis-lab/clinica,https://github.com/aramis-lab/clinica,Unit Tests,mris_expand,834c9ec7b35a6237ebd72aa9643d5785840388e4,9707bf29f10ca9ce0ce5aaf0fb237c32c0df6c97,9707bf29f10ca9ce0ce5aaf0fb237c32c0df6c97; 8e957256e3bde2f309bb053c5a5e333c712c4b80; e1280d397a3e0844b7d05e8b365e313ece4c63e6; 8d85cc7f22a50bed2ab0c2efb90583f85a02aa2c; c1c889d405b11e97b218399edcf77a919f16c1c3,5,6aa4fb89e2c8f96a7bbb944619c8886316fbceb1,1d 04:17:40,clinica/pipelines/pet_surface/pet_surface_utils.py; test/unittests/pipelines/pet_surface/test_pet_surface_utils.py,,,,,,
680c6f3f81497b7e32ae,aramis-lab/clinica,https://github.com/aramis-lab/clinica,Unit Tests,oasis_code_quality,a4668f8354b8d5935fb2712342ea49577e39eeec,06ae0733a307eb9b51074ff645a37ce68bf4d644,06ae0733a307eb9b51074ff645a37ce68bf4d644,1,771c8bea07fa38dfeb2756257f5b84cc6e80643e,0d 00:15:44,clinica/converters/oasis3_to_bids/_converter.py; clinica/converters/oasis3_to_bids/_utils.py; test/unittests/converters/test_oasis3_to_bids_utils.py,.github/workflows/test_converters.yml,.github/workflows/test_converters.yml,,,,
6926ec6ba901fdc3bfa2,aramis-lab/clinica,https://github.com/aramis-lab/clinica,Unit Tests,pet_break,3bc90d8bbeea9ce028cbf4c0d62798266ce3e172,b453726847a37c256487eab0b92e9a72f98540ea,b453726847a37c256487eab0b92e9a72f98540ea,1,70a636834b7cd2b0633531b86619769666996084,0d 00:06:55,test/unittests/pipelines/pet/test_pet_utils.py; test/unittests/pipelines/pet/test_pet_volume_utils.py,,,,,,
e7b1ecdd3fb34e9ddbec,aramis-lab/clinica,https://github.com/aramis-lab/clinica,Unit Tests,rework_subjects,2aa569d7df9e9cbc50634d3aca4bfd93a823e89f,7c95128528f152a5ec261a233bada251225479f4,7c95128528f152a5ec261a233bada251225479f4,1,fb01cea0e6633b9b99c2a2fdff5d9cf258e59d78,0d 00:00:12,clinica/converters/oasis3_to_bids/_utils.py; test/unittests/converters/test_oasis3_to_bids_utils.py,,,,,,
9eb7067e1e78143affdb,aramis-lab/clinica,https://github.com/aramis-lab/clinica,Unit Tests,spm25,49fb311878d877255f771ee4116f11685c2bf2be,bb853944d0b4645c856eef00f533b0b85f03a0b4,bb853944d0b4645c856eef00f533b0b85f03a0b4,1,85a376eb61515865e0459ea9d279e8e33f9b8e8b,0d 00:33:30,clinica/utils/spm.py,.github/workflows/test_instantiation.yml,.github/workflows/test_instantiation.yml,,,,
d3ee5547a14fdacecb60,aramis-lab/clinica,https://github.com/aramis-lab/clinica,Unit Tests,spm25,453cd9e1fbd945c51021e34a5503bb0a372f5204,9256963fa86a0578a6313d536f73a537e91f1517,9256963fa86a0578a6313d536f73a537e91f1517; ac4c5fa7a9a792704ec28a9a99bd065b4e5eb809; 7b15bfe557385341d561394a67d268ecb7e82467,3,d1155ed3755569f7f884539ffbf452aef1157ba1,0d 19:49:42,test/unittests/pipelines/t1_volume_create_dartel/test_t1_volume_create_dartel_pipeline.py; test/unittests/pipelines/t1_volume_dartel2mni/test_t1_volume_dartel2mni_pipeline.py; test/unittests/pipelines/t1_volume_register_dartel/test_t1_volume_register_dartel_pipeline.py; test/unittests/pipelines/t1_volume_tissue_segmentation/test_t1_volume_tissue_segmentation_pipeline.py,,,,,,
5bbdbb2693d0c004adf8,aramis-lab/clinica,https://github.com/aramis-lab/clinica,Unit Tests,spm_stat_surf,2b65b7c242e8e42ff92035a2225ef54edadb77bc,58149933aa0cce9ff7780a1fe11bf4562bc38271,58149933aa0cce9ff7780a1fe11bf4562bc38271; bbf027a44c4db192c8830bc15d6d9272c10b11b2; e61dfc720ad2aaa07bbbd68c2aa9ed28042fb780; 9eece6f21c18e38a64c6b466133aca428a387393,4,6dbf22657d02dbae20e955f3e6edbe4277d1bacf,0d 23:44:39,clinica/pipelines/statistics_volume/statistics_volume_utils.py; test/unittests/pipelines/statistics_volume/test_statistics_volume_utils.py,,,,,,
092dcd378dbbddac399b,aramis-lab/clinica,https://github.com/aramis-lab/clinica,Non Regression Tests - Converters,adni_pet_step4,652d3a1024c45ac8e331c35f27ea57b8fade13bd,2672775a153c2a7842e257402ad82be42357b4b0,2672775a153c2a7842e257402ad82be42357b4b0; 6163087ae93f48128e88edbc5296613161a9733c; 3b9b2a49dff1eaa1df166d717d4172b01ad93a7a; 3aae7e4018527b5cb83fdb772843cf754489fd4c; 83fd338e00ac122fe53d3f62a13d08551a12f2e9; 79bc240c795a2486750bc446f34cb22189508e1c; da1435bdf916f22504d2d808d1ef0475396ec6df; 1ee6ee9963a8daeef3d6d0df45e0fbe87cb71d25; f363a86194cf8cd55afdc3a9626e17a3a5a2a84d; cd6ceccc4b28f19100403a7a08024140f6297992; 2f3ba5e055d56baa9ea6eeb7f200aef2006ebc3f; 79de8f8ad7d2d0e3dd782570ad55ea207ed6b1e1,12,479b7741de78ba120906cc493ee12ae8b73fced4,111d 20:42:42,clinica/converters/adni_to_bids/_converter.py; clinica/converters/adni_to_bids/_modality.py; clinica/converters/adni_to_bids/_utils.py; clinica/converters/adni_to_bids/cli.py; clinica/converters/adni_to_bids/modality_converters/_av45_fbb_pet.py; clinica/converters/adni_to_bids/modality_converters/_dwi.py; clinica/converters/adni_to_bids/modality_converters/_factory.py; clinica/converters/adni_to_bids/modality_converters/_fdg_pet.py; clinica/converters/adni_to_bids/modality_converters/_flair.py; clinica/converters/adni_to_bids/modality_converters/_fmap.py; clinica/converters/adni_to_bids/modality_converters/_fmri.py; clinica/converters/adni_to_bids/modality_converters/_image_path_utils.py; clinica/converters/adni_to_bids/modality_converters/_pet_utils.py; clinica/converters/adni_to_bids/modality_converters/_pib_pet.py; clinica/converters/adni_to_bids/modality_converters/_t1.py; clinica/converters/adni_to_bids/modality_converters/_tau_pet.py; test/unittests/converters/adni_to_bids/modality_converters/test_adni_pet_utils.py; test/unittests/converters/adni_to_bids/modality_converters/test_fdg_pet.py; test/unittests/converters/adni_to_bids/modality_converters/test_pet_utils.py; test/unittests/converters/adni_to_bids/test_adni_modality.py,,,,,,
4e181efd242891256e29,aramis-lab/clinica,https://github.com/aramis-lab/clinica,Non Regression Tests - Converters,dev,f744eb00ef1f76178dbb9703877c5746b79d854f,0f6bee1642252f83e4a22c0b097933cfffed1c21,0f6bee1642252f83e4a22c0b097933cfffed1c21; 410d0faa4a13fb1760b6e87f0035012ebb840405; 1c8c0730372b898e163070d28a51d27a8e90e393,3,d16ca3d65c4542758da6f4840d441310ea9ba97a,2d 01:29:12,clinica/pipelines/pet/volume/pipeline.py,.github/workflows/lint.yaml; .github/workflows/publish.yaml; .github/workflows/stale.yaml; .github/workflows/test.yml,,,,,
3dd915916d9712c00d5c,aramis-lab/clinica,https://github.com/aramis-lab/clinica,Non Regression Tests - Converters,dev,1c577c91464d4d96eeaeba5e2fff8d1e9c8afb84,6e0bf6d3dd9f58153ee066fed5cd3360562b2790,6e0bf6d3dd9f58153ee066fed5cd3360562b2790,1,d8ae5e2acfc90d6c10bc0986406c00461538197d,4d 06:49:57,clinica/converters/ixi_to_bids/_utils.py; clinica/pipelines/pet/volume/pipeline.py; clinica/pipelines/pet/volume/utils.py; clinica/pipelines/t1_volume_tissue_segmentation/t1_volume_tissue_segmentation_utils.py; test/unittests/converters/test_ixi_to_bids_utils.py,.github/workflows/build_and_deploy.yml; .github/workflows/lint.yaml; .github/workflows/publish.yaml; .github/workflows/test.yml; .github/workflows/test_converters.yml; .github/workflows/test_instantiation.yml; .github/workflows/test_non_regression_fast.yml; .github/workflows/test_pipelines_anat.yml; .github/workflows/test_pipelines_anat_freesurfer.yml; .github/workflows/test_pipelines_dwi.yml; .github/workflows/test_pipelines_dwi_preprocessing.yml; .github/workflows/test_pipelines_pet.yml; poetry.lock,.github/workflows/build_and_deploy.yml; .github/workflows/lint.yaml; .github/workflows/publish.yaml; .github/workflows/test.yml; .github/workflows/test_converters.yml; .github/workflows/test_instantiation.yml; .github/workflows/test_non_regression_fast.yml; .github/workflows/test_pipelines_anat.yml; .github/workflows/test_pipelines_anat_freesurfer.yml; .github/workflows/test_pipelines_dwi.yml; .github/workflows/test_pipelines_dwi_preprocessing.yml; .github/workflows/test_pipelines_pet.yml; poetry.lock,,,,
58e1827849328d741cb2,aramis-lab/clinica,https://github.com/aramis-lab/clinica,Non Regression Tests - Converters,dev,f10e2d17fbc4c9eba1e5fa8af6374f337fb68826,cfc3fc04c81b17410622171878238e001208f81a,cfc3fc04c81b17410622171878238e001208f81a; 7906a6d7cfd8ec90489f9fcaca3bb8e7dea39e89; c7628959aa09156e3d0d50638540d79fba3491d2; 9746c988d712a80f7c628a2d7353dae7804b3122; 30dada716adabfb1afb5f882dcf8be22e3516593; 21dfa03e09a2fc619f50cf732ace2e5a2ffc9884; 50fbb7d57694a4c5478d941aa1db18e32d2ed816; 4bd9f4da8eadd85b1fbb49e2be2999c4d66b16a1; 362ff95246a418086f3e52af5c10a2888eebd171; 1464bf06a02f188db70a0bfacf17c9a2c2809b1a; 48a7750061e2edbda84f24d824c612599c47c92a; a99b04ad3af2afcda3e887f4dcbe63c3d6f4ea4a; 3b03b2ec9b6a1aca8956afb57cb9ce89f76dbc58; 664a0ebe20b59ca0f3fbe40e150793de88ab4e35; ff3c9eb1c011dba57c14b4803e293e320e461529; 0c1591645129ef624c64761242cf29aeb29ff6e8; 73225f75a71fe0bba9365c6fbd889790b33994de,17,cdab9a11e54bd02160406c4ecb7af586e46531e0,49d 01:31:53,clinica/converters/adni_to_bids/_utils.py; clinica/converters/adni_to_bids/modality_converters/_dwi.py; clinica/converters/adni_to_bids/modality_converters/_flair.py; clinica/converters/adni_to_bids/modality_converters/_fmap.py; clinica/converters/adni_to_bids/modality_converters/_fmri.py; clinica/converters/adni_to_bids/modality_converters/_t1.py; clinica/converters/genfi_to_bids/_converter.py; clinica/converters/genfi_to_bids/_utils.py; clinica/converters/genfi_to_bids/cli.py; clinica/iotools/center_nifti.py; clinica/iotools/data_handling/__init__.py; clinica/iotools/data_handling/_centering.py; clinica/pipelines/pet_surface/pet_surface_pipeline.py; clinica/pipelines/pet_surface/pet_surface_utils.py; clinica/pipelines/statistics_surface/_utils.py; clinica/pipelines/statistics_volume/statistics_volume_utils.py; clinica/pipelines/t1_volume_tissue_segmentation/t1_volume_tissue_segmentation_pipeline.py; clinica/pipelines/t1_volume_tissue_segmentation/t1_volume_tissue_segmentation_utils.py; clinica/utils/check_dependency.py; clinica/utils/image.py; clinica/utils/spm.py; test/instantiation/test_instantiate_all_pipelines.py; test/nonregression/pipelines/anat/test_t1_volume.py; test/nonregression/pipelines/pet/test_pet_surface.py; test/nonregression/pipelines/pet/test_pet_volume.py; test/nonregression/test_run_iotools.py; test/unittests/converters/test_genfi_to_bids_utils.py; test/unittests/iotools/test_describe.py; test/unittests/pipelines/pet/test_pet_volume_pipeline.py; test/unittests/pipelines/statistics_volume/test_statistics_volume_utils.py; test/unittests/pipelines/t1_volume_create_dartel/test_t1_volume_create_dartel_pipeline.py; test/unittests/pipelines/t1_volume_dartel2mni/test_t1_volume_dartel2mni_pipeline.py; test/unittests/pipelines/t1_volume_register_dartel/test_t1_volume_register_dartel_pipeline.py; test/unittests/pipelines/t1_volume_tissue_segmentation/test_t1_volume_tissue_segmentation_pipeline.py; test/unittests/utils/test_check_dependency.py; test/unittests/utils/test_image.py; test/unittests/utils/test_spm.py,.github/workflows/test.yml; .github/workflows/test_pipelines_pet.yml; .github/workflows/test_pipelines_pet_no_surface.yml; .github/workflows/test_pipelines_pet_surface.yml; poetry.lock; pyproject.toml,,,,,
e36305636eb8208a18ef,aramis-lab/clinica,https://github.com/aramis-lab/clinica,Non Regression Tests - Converters,dev,b78e0dc3e2a472f665b60d5146e288e5956aa604,bc855f8247c6de648ffaaa5c3a75055bbebd29ba,bc855f8247c6de648ffaaa5c3a75055bbebd29ba,1,e633afc89e672c4539a1c7e4587b1825deb26a9d,15d 00:21:11,clinica/converters/oasis3_to_bids/_utils.py,poetry.lock; pyproject.toml,,poetry.lock; pyproject.toml,,,
fc08a94c7efab35ea343,aramis-lab/clinica,https://github.com/aramis-lab/clinica,Non Regression Tests - Converters,feature-1505,d4cce0340c0c7e0b6f1ffff81834d328bf3f50bb,803870d186b5d6f1466e92c8908d0553dcaf2a38,803870d186b5d6f1466e92c8908d0553dcaf2a38,1,fcec7b945a0fee1ed275a2aae12d643751d70de4,0d 22:22:51,clinica/converters/genfi_to_bids/_utils.py; test/unittests/converters/test_genfi_to_bids_utils.py,,,,,,
f701bf790bb44e9f05f4,aramis-lab/clinica,https://github.com/aramis-lab/clinica,Non Regression Tests - Converters,feature-1656-1659-1660,5aa1884e20a9816ec8db32f34e8faa99e280736d,d40972efdbcdb895392634140c04b74e7caeedb3,d40972efdbcdb895392634140c04b74e7caeedb3; 75e595c5a5c834b71b41033a92d60f929c251cb1,2,c7d86a0a16b243d3c20934993ef3cd3e34cb8533,0d 22:05:31,clinica/converters/genfi_to_bids/_converter.py; clinica/converters/genfi_to_bids/_utils.py; clinica/converters/genfi_to_bids/cli.py; test/unittests/converters/test_genfi_to_bids_utils.py,,,,,,
ada968646a68928448de,aramis-lab/clinica,https://github.com/aramis-lab/clinica,Non Regression Tests - Converters,fix_mac_tiv,52b531bd03281a9412f951efb790fe95baa638ec,483e319359f1947499a3aa3c11e7da703858f017,483e319359f1947499a3aa3c11e7da703858f017,1,d872a6f4ccc522effae9473231cf9e12b8dad6b7,5d 22:47:59,clinica/utils/spm.py; test/unittests/utils/test_check_dependency.py; test/unittests/utils/test_spm.py,,,,,,
90a2f2ed37cbdda2c448,aramis-lab/clinica,https://github.com/aramis-lab/clinica,Non Regression Tests - Converters,mris_expand,e1280d397a3e0844b7d05e8b365e313ece4c63e6,c1c889d405b11e97b218399edcf77a919f16c1c3,c1c889d405b11e97b218399edcf77a919f16c1c3,1,6aa4fb89e2c8f96a7bbb944619c8886316fbceb1,0d 02:45:23,clinica/pipelines/pet_surface/pet_surface_utils.py; test/unittests/pipelines/pet_surface/test_pet_surface_utils.py,,,,,,
17d514d747d0ea3d80fb,aramis-lab/clinica,https://github.com/aramis-lab/clinica,Non Regression Tests - Converters,spm25,1925cd8269e8f9bb4e97774a074760151e62544c,032437de41a2bbfb04553c441dd0ed1a085d72bb,032437de41a2bbfb04553c441dd0ed1a085d72bb,1,c31157f4d5ad992c6dffe1f7b37ab9b4bbe012d7,0d 00:09:14,clinica/pipelines/t1_volume_tissue_segmentation/t1_volume_tissue_segmentation_pipeline.py; clinica/pipelines/t1_volume_tissue_segmentation/t1_volume_tissue_segmentation_utils.py,,,,,,
22767cb2a734eec37f1e,aramis-lab/clinica,https://github.com/aramis-lab/clinica,Non Regression Tests - Converters,spm25,49fb311878d877255f771ee4116f11685c2bf2be,453cd9e1fbd945c51021e34a5503bb0a372f5204,453cd9e1fbd945c51021e34a5503bb0a372f5204,1,9256963fa86a0578a6313d536f73a537e91f1517,0d 22:41:41,clinica/utils/spm.py,.github/workflows/test_instantiation.yml,.github/workflows/test_instantiation.yml,,,,
5c66457ef7e7c4ceadcb,aramis-lab/clinica,https://github.com/aramis-lab/clinica,Non Regression Tests - Converters,spm25,9256963fa86a0578a6313d536f73a537e91f1517,7b15bfe557385341d561394a67d268ecb7e82467,7b15bfe557385341d561394a67d268ecb7e82467,1,f37cd72b4252abcd44408022226e186a81bcb5ef,0d 00:22:23,clinica/utils/spm.py; test/unittests/pipelines/t1_volume_create_dartel/test_t1_volume_create_dartel_pipeline.py; test/unittests/pipelines/t1_volume_dartel2mni/test_t1_volume_dartel2mni_pipeline.py; test/unittests/pipelines/t1_volume_register_dartel/test_t1_volume_register_dartel_pipeline.py; test/unittests/pipelines/t1_volume_tissue_segmentation/test_t1_volume_tissue_segmentation_pipeline.py,.github/workflows/test_instantiation.yml,,.github/workflows/test_instantiation.yml,,,
8ba7427aa3ea6a22537a,aramis-lab/clinica,https://github.com/aramis-lab/clinica,Non Regression Tests - Converters,ukb_nonreg,5a3e05733e9449c24075b79159c5697747cc484c,7ab99310b73696356bbabdc1639db7dcae8b0c71,7ab99310b73696356bbabdc1639db7dcae8b0c71; 2c1fd9e2934e0b89a34c53c9beede32863850217,2,1685617ea503c672d11a2a8ac9b7a081ed6d9e78,0d 00:51:00,clinica/converters/ukb_to_bids/_utils.py; test/nonregression/test_run_converters.py; test/unittests/converters/test_ukb_to_bids_utils.py,,,,,,
743ef82b883a09df3427,aramis-lab/clinica,https://github.com/aramis-lab/clinica,Instantiation Tests,adni_pet_step4,2672775a153c2a7842e257402ad82be42357b4b0,6163087ae93f48128e88edbc5296613161a9733c,6163087ae93f48128e88edbc5296613161a9733c; 3b9b2a49dff1eaa1df166d717d4172b01ad93a7a; 83fd338e00ac122fe53d3f62a13d08551a12f2e9,3,79bc240c795a2486750bc446f34cb22189508e1c,3d 17:28:43,clinica/converters/adni_to_bids/_converter.py; clinica/converters/adni_to_bids/_utils.py; clinica/converters/adni_to_bids/cli.py; clinica/converters/adni_to_bids/modality_converters/_av45_fbb_pet.py; clinica/converters/adni_to_bids/modality_converters/_dwi.py; clinica/converters/adni_to_bids/modality_converters/_factory.py; clinica/converters/adni_to_bids/modality_converters/_fdg_pet.py; clinica/converters/adni_to_bids/modality_converters/_flair.py; clinica/converters/adni_to_bids/modality_converters/_fmap.py; clinica/converters/adni_to_bids/modality_converters/_fmri.py; clinica/converters/adni_to_bids/modality_converters/_pet_utils.py; clinica/converters/adni_to_bids/modality_converters/_pib_pet.py; clinica/converters/adni_to_bids/modality_converters/_t1.py; clinica/converters/adni_to_bids/modality_converters/_tau_pet.py; test/unittests/converters/adni_to_bids/modality_converters/test_adni_pet_utils.py; test/unittests/converters/adni_to_bids/modality_converters/test_fdg_pet.py; test/unittests/converters/adni_to_bids/test_adni_utils.py,,,,,,
2945d8ef7aefa9bafc5d,aramis-lab/clinica,https://github.com/aramis-lab/clinica,Instantiation Tests,adni_pet_step4,79bc240c795a2486750bc446f34cb22189508e1c,b294e5db0089f4eeab68c5845a4cf66399dbe6c6,b294e5db0089f4eeab68c5845a4cf66399dbe6c6,1,da1435bdf916f22504d2d808d1ef0475396ec6df,0d 00:04:30,clinica/converters/adni_to_bids/_converter.py; clinica/converters/adni_to_bids/_modality.py; clinica/converters/adni_to_bids/_utils.py; clinica/converters/adni_to_bids/cli.py; clinica/converters/adni_to_bids/modality_converters/_av45_fbb_pet.py; clinica/converters/adni_to_bids/modality_converters/_dwi.py; clinica/converters/adni_to_bids/modality_converters/_factory.py; clinica/converters/adni_to_bids/modality_converters/_fdg_pet.py; clinica/converters/adni_to_bids/modality_converters/_flair.py; clinica/converters/adni_to_bids/modality_converters/_fmap.py; clinica/converters/adni_to_bids/modality_converters/_fmri.py; clinica/converters/adni_to_bids/modality_converters/_pet_utils.py; clinica/converters/adni_to_bids/modality_converters/_pib_pet.py; clinica/converters/adni_to_bids/modality_converters/_t1.py; clinica/converters/adni_to_bids/modality_converters/_tau_pet.py; test/unittests/converters/adni_to_bids/test_adni_modality.py; test/unittests/converters/adni_to_bids/test_adni_utils.py,,,,,,
46761e4d551e0ef862f9,aramis-lab/clinica,https://github.com/aramis-lab/clinica,Instantiation Tests,adni_pet_step4,f363a86194cf8cd55afdc3a9626e17a3a5a2a84d,cd6ceccc4b28f19100403a7a08024140f6297992,cd6ceccc4b28f19100403a7a08024140f6297992,1,2f3ba5e055d56baa9ea6eeb7f200aef2006ebc3f,0d 01:18:10,clinica/converters/adni_to_bids/_modality.py; clinica/converters/adni_to_bids/_utils.py; clinica/converters/adni_to_bids/cli.py; clinica/converters/adni_to_bids/modality_converters/_av45_fbb_pet.py; clinica/converters/adni_to_bids/modality_converters/_fdg_pet.py; clinica/converters/adni_to_bids/modality_converters/_image_path_utils.py; clinica/converters/adni_to_bids/modality_converters/_pib_pet.py; clinica/converters/adni_to_bids/modality_converters/_tau_pet.py; test/unittests/converters/adni_to_bids/test_adni_modality.py,,,,,,
dfafb74c4088d3555fab,aramis-lab/clinica,https://github.com/aramis-lab/clinica,Instantiation Tests,dev,f744eb00ef1f76178dbb9703877c5746b79d854f,0f6bee1642252f83e4a22c0b097933cfffed1c21,0f6bee1642252f83e4a22c0b097933cfffed1c21; 1c8c0730372b898e163070d28a51d27a8e90e393,2,d16ca3d65c4542758da6f4840d441310ea9ba97a,2d 01:29:12,clinica/pipelines/pet/volume/pipeline.py,.github/workflows/lint.yaml; .github/workflows/publish.yaml; .github/workflows/stale.yaml; .github/workflows/test.yml,,,,,
60910ff84dd06afdf1f5,aramis-lab/clinica,https://github.com/aramis-lab/clinica,Instantiation Tests,dev,48a7750061e2edbda84f24d824c612599c47c92a,a99b04ad3af2afcda3e887f4dcbe63c3d6f4ea4a,a99b04ad3af2afcda3e887f4dcbe63c3d6f4ea4a,1,3b03b2ec9b6a1aca8956afb57cb9ce89f76dbc58,0d 04:12:36,,.github/workflows/test_instantiation.yml; .github/workflows/test_non_regression_fast.yml; .github/workflows/test_pipelines_anat.yml; .github/workflows/test_pipelines_pet_no_surface.yml; .github/workflows/test_pipelines_pet_surface.yml,,.github/workflows/test_instantiation.yml; .github/workflows/test_non_regression_fast.yml; .github/workflows/test_pipelines_anat.yml; .github/workflows/test_pipelines_pet_no_surface.yml; .github/workflows/test_pipelines_pet_surface.yml,,,
f7d52d14e7cccc450326,aramis-lab/clinica,https://github.com/aramis-lab/clinica,Instantiation Tests,dev,0c1591645129ef624c64761242cf29aeb29ff6e8,73225f75a71fe0bba9365c6fbd889790b33994de,73225f75a71fe0bba9365c6fbd889790b33994de,1,cdab9a11e54bd02160406c4ecb7af586e46531e0,13d 00:19:18,clinica/converters/adni_to_bids/_utils.py; clinica/converters/adni_to_bids/modality_converters/_dwi.py; clinica/converters/adni_to_bids/modality_converters/_flair.py; clinica/converters/adni_to_bids/modality_converters/_fmap.py; clinica/converters/adni_to_bids/modality_converters/_fmri.py; clinica/pipelines/statistics_surface/_utils.py; clinica/utils/image.py; test/unittests/utils/test_image.py,.github/workflows/test.yml; .pre-commit-config.yaml; poetry.lock; pyproject.toml,.github/workflows/test.yml; .pre-commit-config.yaml; poetry.lock; pyproject.toml,,,,
4317229deee990178b9f,aramis-lab/clinica,https://github.com/aramis-lab/clinica,Instantiation Tests,dev,35abdba8b584dc28b16141ec958aa3b191477b76,93c6193a76f49d5e4f9fd23b7c999c71834f89c9,93c6193a76f49d5e4f9fd23b7c999c71834f89c9,1,d2753f7a65278cc32dd2e872adf8eeeb4de76a48,0d 20:26:04,clinica/pipelines/t1_linear/anat_linear_pipeline.py,,,,,,
eeeec0d62cdbad5336ff,aramis-lab/clinica,https://github.com/aramis-lab/clinica,Instantiation Tests,feature-1505,d4cce0340c0c7e0b6f1ffff81834d328bf3f50bb,803870d186b5d6f1466e92c8908d0553dcaf2a38,803870d186b5d6f1466e92c8908d0553dcaf2a38,1,fcec7b945a0fee1ed275a2aae12d643751d70de4,0d 22:22:51,clinica/converters/genfi_to_bids/_utils.py; test/unittests/converters/test_genfi_to_bids_utils.py,,,,,,
f82f31db73bf97c6e407,aramis-lab/clinica,https://github.com/aramis-lab/clinica,Instantiation Tests,feature-1555,1838006e791799648b4514710d013d043ead3730,f7bb728a89206b3037f2fc04c5bd7f54fd9850cc,f7bb728a89206b3037f2fc04c5bd7f54fd9850cc; c812abf356bf3b22715e3321fde18535bac3e869,2,1bb26d1bd3f28fb69cda69870f10d96eccfd389b,0d 07:08:46,test/unittests/converters/test_genfi_to_bids_utils.py,,,,,,
5f42476008b6a7816da6,aramis-lab/clinica,https://github.com/aramis-lab/clinica,Instantiation Tests,feature-1560,a3e3beafdd07c678a9ca041839c0cea6291a5804,9d8f6047f4cfc18d404a9058e159ca75a7ea2a3f,9d8f6047f4cfc18d404a9058e159ca75a7ea2a3f,1,476c1c0c6333dbabbd93378a1371d37ecfff375f,12d 16:18:18,clinica/converters/ixi_to_bids/_utils.py; test/unittests/converters/test_ixi_to_bids_utils.py,,,,,,
2591f9afdf5821406fb1,aramis-lab/clinica,https://github.com/aramis-lab/clinica,Instantiation Tests,feature-1646,b7abf467d44abd26b9765ea96a3181576f183c78,7002f2b3cd1e5b35cf04dee617fc735c6c4290b5,7002f2b3cd1e5b35cf04dee617fc735c6c4290b5; 1befa054064c7f20c74381e589f3165a49cdc56d; c1c1a59b19c12c082b87c6c111598c83151736b1; 1d277acb0196b7e97aab07e48ae638392f5951ec; 76381e413a92a917d56c7f70e77e3768ff93eb98; 954c5f309edc3b229bd863e0bfe4fe779febed1a; 7469f5e0180c90c43438462ded5ea8686d1bc863; 1ebc2941f3e760658b84551129b6030e4f07ae87,8,a1195313a8d74e1f5888923d58afdb61fd36ea68,13d 01:07:19,clinica/converters/genfi_to_bids/_utils.py; test/nonregression/test_run_converters.py; test/unittests/converters/test_genfi_to_bids_utils.py,,,,,,
be6a731338f89076c2ed,aramis-lab/clinica,https://github.com/aramis-lab/clinica,Instantiation Tests,poetry_update,6e8193718ff93ed1e40998dbaaff66b702dcb34f,ea7e36898febb5e6e8d1b28785766c346e1f35f6,ea7e36898febb5e6e8d1b28785766c346e1f35f6; 19224cee2a8d1bbb3f855f48092cb7e13a9fb782,2,60ba8bbbf0714d2a58c886e89beb906353f60a6c,0d 02:04:31,clinica/converters/genfi_to_bids/_converter.py; clinica/converters/genfi_to_bids/_utils.py; clinica/converters/genfi_to_bids/cli.py; clinica/pipelines/statistics_surface/_utils.py; clinica/utils/image.py; test/nonregression/pipelines/anat/test_t1_volume.py; test/nonregression/pipelines/pet/test_pet_volume.py; test/unittests/converters/test_genfi_to_bids_utils.py; test/unittests/utils/test_image.py,.github/workflows/test.yml; .github/workflows/test_converters.yml; poetry.lock; pyproject.toml,.github/workflows/test_converters.yml,.github/workflows/test.yml; .github/workflows/test_converters.yml; poetry.lock; pyproject.toml,,,
54df87d75a7f3fde7995,aramis-lab/clinica,https://github.com/aramis-lab/clinica,Instantiation Tests,ukb_nonreg,5a3e05733e9449c24075b79159c5697747cc484c,7ab99310b73696356bbabdc1639db7dcae8b0c71,7ab99310b73696356bbabdc1639db7dcae8b0c71; 2c1fd9e2934e0b89a34c53c9beede32863850217,2,1685617ea503c672d11a2a8ac9b7a081ed6d9e78,0d 00:51:00,clinica/converters/ukb_to_bids/_utils.py; test/nonregression/test_run_converters.py; test/unittests/converters/test_ukb_to_bids_utils.py,,,,,,
8b2e02e125204d3d2009,aramis-lab/clinica,https://github.com/aramis-lab/clinica,Fast Non Regression Tests,dev,b23063e8c5408c4ff99181b5e2aa8b568dba2f5a,f744eb00ef1f76178dbb9703877c5746b79d854f,f744eb00ef1f76178dbb9703877c5746b79d854f; 0f6bee1642252f83e4a22c0b097933cfffed1c21; 410d0faa4a13fb1760b6e87f0035012ebb840405; 1c8c0730372b898e163070d28a51d27a8e90e393; d16ca3d65c4542758da6f4840d441310ea9ba97a; 1c577c91464d4d96eeaeba5e2fff8d1e9c8afb84; d8ae5e2acfc90d6c10bc0986406c00461538197d; dd390459b62bc8cae8b26ab1c2c22d0966710ce7; 50882e6ea4826237b7336410e8309f600b4df4cc; f0bb2f68d85fc63347f03d2d0207868529ec368e; 55f70a296339506c2405d695ec2f148ad2c44904; 1377db6aca848b477bc631f965e53a15d4c890da; f10e2d17fbc4c9eba1e5fa8af6374f337fb68826; cfc3fc04c81b17410622171878238e001208f81a; 7906a6d7cfd8ec90489f9fcaca3bb8e7dea39e89; c7628959aa09156e3d0d50638540d79fba3491d2,16,9746c988d712a80f7c628a2d7353dae7804b3122,125d 02:23:41,clinica/converters/adni_to_bids/_utils.py; clinica/converters/genfi_to_bids/_utils.py; clinica/converters/ixi_to_bids/_utils.py; clinica/dataset/caps/_dataset_description.py; clinica/iotools/center_nifti.py; clinica/iotools/data_handling/__init__.py; clinica/iotools/data_handling/_centering.py; clinica/pipelines/dwi/connectome/utils.py; clinica/pipelines/pet/volume/pipeline.py; clinica/pipelines/pet/volume/utils.py; clinica/pipelines/pet_surface/pet_surface_pipeline.py; clinica/pipelines/pet_surface/pet_surface_utils.py; clinica/pipelines/t1_volume_tissue_segmentation/t1_volume_tissue_segmentation_pipeline.py; clinica/pipelines/t1_volume_tissue_segmentation/t1_volume_tissue_segmentation_utils.py; clinica/utils/spm.py; test/conftest.py; test/nonregression/test_run_iotools.py; test/unittests/converters/test_genfi_to_bids_utils.py; test/unittests/converters/test_ixi_to_bids_utils.py; test/unittests/pipelines/dwi/test_connectome_utils.py; test/unittests/pipelines/pet/test_pet_utils.py; test/unittests/pipelines/pet/test_pet_volume_pipeline.py; test/unittests/pipelines/pet/test_pet_volume_utils.py; test/unittests/pipelines/t1_volume_create_dartel/test_t1_volume_create_dartel_pipeline.py; test/unittests/pipelines/t1_volume_dartel2mni/test_t1_volume_dartel2mni_pipeline.py; test/unittests/pipelines/t1_volume_register_dartel/test_t1_volume_register_dartel_pipeline.py; test/unittests/pipelines/t1_volume_tissue_segmentation/test_t1_volume_tissue_segmentation_pipeline.py,.github/workflows/build_and_deploy.yml; .github/workflows/lint.yaml; .github/workflows/publish.yaml; .github/workflows/stale.yaml; .github/workflows/test.yml; .github/workflows/test_converters.yml; .github/workflows/test_instantiation.yml; .github/workflows/test_non_regression_fast.yml; .github/workflows/test_pipelines_anat.yml; .github/workflows/test_pipelines_anat_freesurfer.yml; .github/workflows/test_pipelines_dwi.yml; .github/workflows/test_pipelines_dwi_preprocessing.yml; .github/workflows/test_pipelines_pet.yml; .github/workflows/test_pipelines_pet_no_surface.yml; .github/workflows/test_pipelines_pet_surface.yml; poetry.lock,,,,,
344071ba00087e1e6eee,aramis-lab/clinica,https://github.com/aramis-lab/clinica,Fast Non Regression Tests,dev,9746c988d712a80f7c628a2d7353dae7804b3122,30dada716adabfb1afb5f882dcf8be22e3516593,30dada716adabfb1afb5f882dcf8be22e3516593,1,21dfa03e09a2fc619f50cf732ace2e5a2ffc9884,0d 03:26:49,clinica/converters/adni_to_bids/_utils.py,,,,,,
ba91e6492e4aecdf053f,aramis-lab/clinica,https://github.com/aramis-lab/clinica,Fast Non Regression Tests,dev,0c1591645129ef624c64761242cf29aeb29ff6e8,73225f75a71fe0bba9365c6fbd889790b33994de,73225f75a71fe0bba9365c6fbd889790b33994de,1,cdab9a11e54bd02160406c4ecb7af586e46531e0,13d 00:19:18,clinica/converters/adni_to_bids/_utils.py; clinica/converters/adni_to_bids/modality_converters/_dwi.py; clinica/converters/adni_to_bids/modality_converters/_flair.py; clinica/converters/adni_to_bids/modality_converters/_fmap.py; clinica/converters/adni_to_bids/modality_converters/_fmri.py; clinica/pipelines/statistics_surface/_utils.py; clinica/utils/image.py; test/unittests/utils/test_image.py,.github/workflows/test.yml; .pre-commit-config.yaml; poetry.lock; pyproject.toml,.github/workflows/test.yml; .pre-commit-config.yaml; poetry.lock; pyproject.toml,,,,
dfbfdc87e053c54f0ba6,aramis-lab/clinica,https://github.com/aramis-lab/clinica,Fast Non Regression Tests,dev,b78e0dc3e2a472f665b60d5146e288e5956aa604,bc855f8247c6de648ffaaa5c3a75055bbebd29ba,bc855f8247c6de648ffaaa5c3a75055bbebd29ba,1,e633afc89e672c4539a1c7e4587b1825deb26a9d,15d 00:21:11,clinica/converters/oasis3_to_bids/_utils.py,poetry.lock; pyproject.toml,,poetry.lock; pyproject.toml,,,
587f33cd6fbd51ad0db6,aramis-lab/clinica,https://github.com/aramis-lab/clinica,Fast Non Regression Tests,dev,42b5e4a5c8594682618ecf7a0ea0bdf495f71df7,35abdba8b584dc28b16141ec958aa3b191477b76,35abdba8b584dc28b16141ec958aa3b191477b76; 93c6193a76f49d5e4f9fd23b7c999c71834f89c9,2,d2753f7a65278cc32dd2e872adf8eeeb4de76a48,9d 19:03:34,clinica/pipelines/t1_linear/anat_linear_pipeline.py,,,,,,
9ddd22f67018366a14c4,aramis-lab/clinica,https://github.com/aramis-lab/clinica,Anat Pipelines Tests,dev,093bca278afb614b72883094c3296e9f1d290f13,093bca278afb614b72883094c3296e9f1d290f13,093bca278afb614b72883094c3296e9f1d290f13,1,b23063e8c5408c4ff99181b5e2aa8b568dba2f5a,6d 23:59:19,clinica/converters/genfi_to_bids/_utils.py; test/unittests/converters/test_genfi_to_bids_utils.py,,,,,,
900f6c163ffe89c1f0ae,aramis-lab/clinica,https://github.com/aramis-lab/clinica,Anat Pipelines Tests,dev,d16ca3d65c4542758da6f4840d441310ea9ba97a,d16ca3d65c4542758da6f4840d441310ea9ba97a,d16ca3d65c4542758da6f4840d441310ea9ba97a,1,d16ca3d65c4542758da6f4840d441310ea9ba97a,21d 00:00:37,,,,,,,
a27f4cfe8a00579f5e3a,aramis-lab/clinica,https://github.com/aramis-lab/clinica,Anat Pipelines Tests,dev,d16ca3d65c4542758da6f4840d441310ea9ba97a,6e0bf6d3dd9f58153ee066fed5cd3360562b2790,6e0bf6d3dd9f58153ee066fed5cd3360562b2790; dd390459b62bc8cae8b26ab1c2c22d0966710ce7,2,dd390459b62bc8cae8b26ab1c2c22d0966710ce7,13d 23:59:17,clinica/converters/ixi_to_bids/_utils.py; clinica/pipelines/pet/volume/pipeline.py; clinica/pipelines/pet/volume/utils.py; clinica/pipelines/t1_volume_tissue_segmentation/t1_volume_tissue_segmentation_utils.py; test/unittests/converters/test_ixi_to_bids_utils.py,.github/workflows/build_and_deploy.yml; .github/workflows/lint.yaml; .github/workflows/publish.yaml; .github/workflows/test.yml; .github/workflows/test_converters.yml; .github/workflows/test_instantiation.yml; .github/workflows/test_non_regression_fast.yml; .github/workflows/test_pipelines_anat.yml; .github/workflows/test_pipelines_anat_freesurfer.yml; .github/workflows/test_pipelines_dwi.yml; .github/workflows/test_pipelines_dwi_preprocessing.yml; .github/workflows/test_pipelines_pet.yml; poetry.lock,.github/workflows/build_and_deploy.yml; .github/workflows/lint.yaml; .github/workflows/publish.yaml; .github/workflows/test.yml; .github/workflows/test_converters.yml; .github/workflows/test_instantiation.yml; .github/workflows/test_non_regression_fast.yml; .github/workflows/test_pipelines_anat.yml; .github/workflows/test_pipelines_anat_freesurfer.yml; .github/workflows/test_pipelines_dwi.yml; .github/workflows/test_pipelines_dwi_preprocessing.yml; .github/workflows/test_pipelines_pet.yml; poetry.lock,,,,
b8cb89c0d862588cfdab,aramis-lab/clinica,https://github.com/aramis-lab/clinica,Anat Pipelines Tests,dev,dd390459b62bc8cae8b26ab1c2c22d0966710ce7,50882e6ea4826237b7336410e8309f600b4df4cc,50882e6ea4826237b7336410e8309f600b4df4cc; 9746c988d712a80f7c628a2d7353dae7804b3122; 50fbb7d57694a4c5478d941aa1db18e32d2ed816; 48a7750061e2edbda84f24d824c612599c47c92a; 3b03b2ec9b6a1aca8956afb57cb9ce89f76dbc58,5,ff3c9eb1c011dba57c14b4803e293e320e461529,35d 00:09:22,clinica/converters/adni_to_bids/_utils.py; clinica/converters/adni_to_bids/modality_converters/_dwi.py; clinica/converters/adni_to_bids/modality_converters/_flair.py; clinica/converters/adni_to_bids/modality_converters/_fmap.py; clinica/converters/adni_to_bids/modality_converters/_fmri.py; clinica/converters/adni_to_bids/modality_converters/_t1.py; clinica/converters/genfi_to_bids/_utils.py; clinica/dataset/caps/_dataset_description.py; clinica/iotools/center_nifti.py; clinica/iotools/data_handling/__init__.py; clinica/iotools/data_handling/_centering.py; clinica/pipelines/dwi/connectome/utils.py; clinica/pipelines/pet/volume/utils.py; clinica/pipelines/pet_surface/pet_surface_pipeline.py; clinica/pipelines/pet_surface/pet_surface_utils.py; clinica/pipelines/statistics_volume/statistics_volume_utils.py; clinica/pipelines/t1_volume_tissue_segmentation/t1_volume_tissue_segmentation_pipeline.py; clinica/pipelines/t1_volume_tissue_segmentation/t1_volume_tissue_segmentation_utils.py; clinica/utils/check_dependency.py; clinica/utils/spm.py; test/instantiation/test_instantiate_all_pipelines.py; test/nonregression/pipelines/anat/test_t1_volume.py; test/nonregression/pipelines/pet/test_pet_surface.py; test/nonregression/pipelines/pet/test_pet_volume.py; test/nonregression/test_run_iotools.py; test/unittests/converters/test_genfi_to_bids_utils.py; test/unittests/iotools/test_describe.py; test/unittests/pipelines/dwi/test_connectome_utils.py; test/unittests/pipelines/pet/test_pet_utils.py; test/unittests/pipelines/pet/test_pet_volume_pipeline.py; test/unittests/pipelines/pet/test_pet_volume_utils.py; test/unittests/pipelines/statistics_volume/test_statistics_volume_utils.py; test/unittests/pipelines/t1_volume_create_dartel/test_t1_volume_create_dartel_pipeline.py; test/unittests/pipelines/t1_volume_dartel2mni/test_t1_volume_dartel2mni_pipeline.py; test/unittests/pipelines/t1_volume_register_dartel/test_t1_volume_register_dartel_pipeline.py; test/unittests/pipelines/t1_volume_tissue_segmentation/test_t1_volume_tissue_segmentation_pipeline.py; test/unittests/utils/test_check_dependency.py; test/unittests/utils/test_spm.py,.github/workflows/test_pipelines_pet.yml; .github/workflows/test_pipelines_pet_no_surface.yml; .github/workflows/test_pipelines_pet_surface.yml; poetry.lock,poetry.lock,poetry.lock,,,
7f349c0800789845094b,aramis-lab/clinica,https://github.com/aramis-lab/clinica,Anat Pipelines Tests,dev,ff3c9eb1c011dba57c14b4803e293e320e461529,73225f75a71fe0bba9365c6fbd889790b33994de,73225f75a71fe0bba9365c6fbd889790b33994de; 73225f75a71fe0bba9365c6fbd889790b33994de; 6781cd96eab93d8813d97e5db06d4237298b2993; f3e554274bf17c00621b49e42f053c1c22590bc0,4,f3e554274bf17c00621b49e42f053c1c22590bc0,28d 00:04:44,clinica/converters/adni_to_bids/_utils.py; clinica/converters/adni_to_bids/modality_converters/_dwi.py; clinica/converters/adni_to_bids/modality_converters/_flair.py; clinica/converters/adni_to_bids/modality_converters/_fmap.py; clinica/converters/adni_to_bids/modality_converters/_fmri.py; clinica/converters/genfi_to_bids/_converter.py; clinica/converters/genfi_to_bids/_utils.py; clinica/converters/genfi_to_bids/cli.py; clinica/pipelines/statistics_surface/_utils.py; clinica/utils/image.py; test/nonregression/test_run_converters.py; test/unittests/converters/test_genfi_to_bids_utils.py; test/unittests/utils/test_image.py,.github/workflows/test.yml; poetry.lock; pyproject.toml,.github/workflows/test.yml; poetry.lock; pyproject.toml,,,,
4465af57d6af0deaed0f,aramis-lab/clinica,https://github.com/aramis-lab/clinica,DWI Pipelines Tests,dev,d16ca3d65c4542758da6f4840d441310ea9ba97a,d16ca3d65c4542758da6f4840d441310ea9ba97a,d16ca3d65c4542758da6f4840d441310ea9ba97a,1,d16ca3d65c4542758da6f4840d441310ea9ba97a,21d 00:00:21,,,,,,,
d3535226a67039b9b0f0,aramis-lab/clinica,https://github.com/aramis-lab/clinica,DWI Pipelines Tests,dev,0c1591645129ef624c64761242cf29aeb29ff6e8,73225f75a71fe0bba9365c6fbd889790b33994de,73225f75a71fe0bba9365c6fbd889790b33994de; 73225f75a71fe0bba9365c6fbd889790b33994de,2,f3e554274bf17c00621b49e42f053c1c22590bc0,14d 00:01:16,clinica/converters/adni_to_bids/_utils.py; clinica/converters/adni_to_bids/modality_converters/_dwi.py; clinica/converters/adni_to_bids/modality_converters/_flair.py; clinica/converters/adni_to_bids/modality_converters/_fmap.py; clinica/converters/adni_to_bids/modality_converters/_fmri.py; clinica/converters/genfi_to_bids/_converter.py; clinica/converters/genfi_to_bids/_utils.py; clinica/converters/genfi_to_bids/cli.py; clinica/pipelines/statistics_surface/_utils.py; clinica/utils/image.py; test/nonregression/test_run_converters.py; test/unittests/converters/test_genfi_to_bids_utils.py; test/unittests/utils/test_image.py,.github/workflows/test.yml; .pre-commit-config.yaml; poetry.lock; pyproject.toml,.github/workflows/test.yml; .pre-commit-config.yaml; poetry.lock; pyproject.toml,poetry.lock; pyproject.toml,,,
3932e1e05619595d2e67,aramis-lab/clinica,https://github.com/aramis-lab/clinica,DWI Pipelines Tests,dev,bc855f8247c6de648ffaaa5c3a75055bbebd29ba,bc855f8247c6de648ffaaa5c3a75055bbebd29ba,bc855f8247c6de648ffaaa5c3a75055bbebd29ba,1,e633afc89e672c4539a1c7e4587b1825deb26a9d,7d 00:12:57,,poetry.lock; pyproject.toml,,poetry.lock; pyproject.toml,,,
08cae8d4e67cb176d80b,aramis-lab/clinica,https://github.com/aramis-lab/clinica,Build and Deloy Documentation,dev,093bca278afb614b72883094c3296e9f1d290f13,b23063e8c5408c4ff99181b5e2aa8b568dba2f5a,b23063e8c5408c4ff99181b5e2aa8b568dba2f5a; f744eb00ef1f76178dbb9703877c5746b79d854f; 1c8c0730372b898e163070d28a51d27a8e90e393; d16ca3d65c4542758da6f4840d441310ea9ba97a; 1c577c91464d4d96eeaeba5e2fff8d1e9c8afb84; d9f5cc087995f6e6523860943e9aa17d819ef1f2; 9a2aa2934ce96954494dab0eb40ebb3602af3129; 6e0bf6d3dd9f58153ee066fed5cd3360562b2790; 6efa6f55d1b65be013692e6b86f16697ff4e3191; d8ae5e2acfc90d6c10bc0986406c00461538197d; dd390459b62bc8cae8b26ab1c2c22d0966710ce7; 50882e6ea4826237b7336410e8309f600b4df4cc; f0bb2f68d85fc63347f03d2d0207868529ec368e; 55f70a296339506c2405d695ec2f148ad2c44904; e4fa68fb237bc21877d78037545fad392636d788; 1377db6aca848b477bc631f965e53a15d4c890da; f10e2d17fbc4c9eba1e5fa8af6374f337fb68826; cfc3fc04c81b17410622171878238e001208f81a; f3d1c175dbd6972e549b6d9e76e37d142abf5e21; 7906a6d7cfd8ec90489f9fcaca3bb8e7dea39e89; c6e6fcd258d8b6c0741a48442dba0da0eec89c79; c7628959aa09156e3d0d50638540d79fba3491d2; 9746c988d712a80f7c628a2d7353dae7804b3122; 30dada716adabfb1afb5f882dcf8be22e3516593; 21dfa03e09a2fc619f50cf732ace2e5a2ffc9884; 50fbb7d57694a4c5478d941aa1db18e32d2ed816; 4bd9f4da8eadd85b1fbb49e2be2999c4d66b16a1; 362ff95246a418086f3e52af5c10a2888eebd171; 1464bf06a02f188db70a0bfacf17c9a2c2809b1a,29,48a7750061e2edbda84f24d824c612599c47c92a,147d 07:16:17,clinica/converters/adni_to_bids/_utils.py; clinica/converters/adni_to_bids/modality_converters/_dwi.py; clinica/converters/adni_to_bids/modality_converters/_flair.py; clinica/converters/adni_to_bids/modality_converters/_fmap.py; clinica/converters/adni_to_bids/modality_converters/_fmri.py; clinica/converters/adni_to_bids/modality_converters/_t1.py; clinica/converters/genfi_to_bids/_utils.py; clinica/converters/ixi_to_bids/_utils.py; clinica/dataset/caps/_dataset_description.py; clinica/iotools/center_nifti.py; clinica/iotools/data_handling/__init__.py; clinica/iotools/data_handling/_centering.py; clinica/pipelines/dwi/connectome/utils.py; clinica/pipelines/pet/volume/pipeline.py; clinica/pipelines/pet/volume/utils.py; clinica/pipelines/pet_surface/pet_surface_pipeline.py; clinica/pipelines/pet_surface/pet_surface_utils.py; clinica/pipelines/statistics_volume/statistics_volume_utils.py; clinica/pipelines/t1_volume_tissue_segmentation/t1_volume_tissue_segmentation_pipeline.py; clinica/pipelines/t1_volume_tissue_segmentation/t1_volume_tissue_segmentation_utils.py; clinica/utils/check_dependency.py; clinica/utils/spm.py; test/conftest.py; test/instantiation/test_instantiate_all_pipelines.py; test/nonregression/pipelines/pet/test_pet_surface.py; test/nonregression/test_run_iotools.py; test/unittests/converters/test_genfi_to_bids_utils.py; test/unittests/converters/test_ixi_to_bids_utils.py; test/unittests/iotools/test_describe.py; test/unittests/pipelines/dwi/test_connectome_utils.py; test/unittests/pipelines/pet/test_pet_utils.py; test/unittests/pipelines/pet/test_pet_volume_pipeline.py; test/unittests/pipelines/pet/test_pet_volume_utils.py; test/unittests/pipelines/statistics_volume/test_statistics_volume_utils.py; test/unittests/pipelines/t1_volume_create_dartel/test_t1_volume_create_dartel_pipeline.py; test/unittests/pipelines/t1_volume_dartel2mni/test_t1_volume_dartel2mni_pipeline.py; test/unittests/pipelines/t1_volume_register_dartel/test_t1_volume_register_dartel_pipeline.py; test/unittests/pipelines/t1_volume_tissue_segmentation/test_t1_volume_tissue_segmentation_pipeline.py; test/unittests/utils/test_check_dependency.py; test/unittests/utils/test_spm.py,.github/workflows/build_and_deploy.yml; .github/workflows/lint.yaml; .github/workflows/publish.yaml; .github/workflows/stale.yaml; .github/workflows/test.yml; .github/workflows/test_converters.yml; .github/workflows/test_instantiation.yml; .github/workflows/test_non_regression_fast.yml; .github/workflows/test_pipelines_anat.yml; .github/workflows/test_pipelines_anat_freesurfer.yml; .github/workflows/test_pipelines_dwi.yml; .github/workflows/test_pipelines_dwi_preprocessing.yml; .github/workflows/test_pipelines_pet.yml; .github/workflows/test_pipelines_pet_no_surface.yml; .github/workflows/test_pipelines_pet_surface.yml; poetry.lock,,,,,
a0b3640115c3be68addb,aramis-lab/clinica,https://github.com/aramis-lab/clinica,Build and Deloy Documentation,dev,a99b04ad3af2afcda3e887f4dcbe63c3d6f4ea4a,3b03b2ec9b6a1aca8956afb57cb9ce89f76dbc58,3b03b2ec9b6a1aca8956afb57cb9ce89f76dbc58,1,664a0ebe20b59ca0f3fbe40e150793de88ab4e35,2d 20:29:47,test/nonregression/pipelines/anat/test_t1_volume.py; test/nonregression/pipelines/pet/test_pet_volume.py,.github/workflows/test_instantiation.yml; .github/workflows/test_non_regression_fast.yml; .github/workflows/test_pipelines_anat.yml; .github/workflows/test_pipelines_pet_no_surface.yml; .github/workflows/test_pipelines_pet_surface.yml,.github/workflows/test_instantiation.yml; .github/workflows/test_non_regression_fast.yml; .github/workflows/test_pipelines_anat.yml; .github/workflows/test_pipelines_pet_no_surface.yml; .github/workflows/test_pipelines_pet_surface.yml,,,,
b9dfd8d5515da4d75b5c,aramis-lab/clinica,https://github.com/aramis-lab/clinica,Build and Deloy Documentation,feature-1560,9d8f6047f4cfc18d404a9058e159ca75a7ea2a3f,9d2fe288fb51c2a2ab12142829c8a3b7b946740f,9d2fe288fb51c2a2ab12142829c8a3b7b946740f,1,476c1c0c6333dbabbd93378a1371d37ecfff375f,5d 23:44:51,clinica/converters/ixi_to_bids/_utils.py; test/unittests/converters/test_ixi_to_bids_utils.py,,,,,,
ba58bb8e912d5eac6751,aramis-lab/clinica,https://github.com/aramis-lab/clinica,github_actions in /. - Update #1077630622,dev,43d47c99d3499286edd5673f12456395ed2dbeaf,43d47c99d3499286edd5673f12456395ed2dbeaf,43d47c99d3499286edd5673f12456395ed2dbeaf,1,43d47c99d3499286edd5673f12456395ed2dbeaf,0d 00:38:14,,,,,,,
f05ee2d45853579c26ba,aramis-lab/clinica,https://github.com/aramis-lab/clinica,github_actions in /. - Update #1176958665,dev,d9f5cc087995f6e6523860943e9aa17d819ef1f2,d9f5cc087995f6e6523860943e9aa17d819ef1f2,d9f5cc087995f6e6523860943e9aa17d819ef1f2,1,d9f5cc087995f6e6523860943e9aa17d819ef1f2,2d 04:53:10,,,,,,,
5eaccb140920eca1ab82,aramis-lab/clinica,https://github.com/aramis-lab/clinica,github_actions in /. - Update #1330138854,dev,3318a46814aee023d51e22d70ee9ad96c6200d29,3318a46814aee023d51e22d70ee9ad96c6200d29,3318a46814aee023d51e22d70ee9ad96c6200d29; 3318a46814aee023d51e22d70ee9ad96c6200d29,2,3318a46814aee023d51e22d70ee9ad96c6200d29,6d 12:30:34,,,,,,,
5f1b734b8fa86ad8540d,aramis-lab/clinica,https://github.com/aramis-lab/clinica,github_actions in /. - Update #1372641090,dev,bc855f8247c6de648ffaaa5c3a75055bbebd29ba,bc855f8247c6de648ffaaa5c3a75055bbebd29ba,bc855f8247c6de648ffaaa5c3a75055bbebd29ba,1,bc855f8247c6de648ffaaa5c3a75055bbebd29ba,6d 04:46:41,,,,,,,
bef916bf944749fdd6b4,aramis-lab/clinica,https://github.com/aramis-lab/clinica,github_actions in /. - Update #1383408169,dev,bc855f8247c6de648ffaaa5c3a75055bbebd29ba,988269416895cc900bd58d5d5bbf2eb3f05dd364,988269416895cc900bd58d5d5bbf2eb3f05dd364; e633afc89e672c4539a1c7e4587b1825deb26a9d,2,e633afc89e672c4539a1c7e4587b1825deb26a9d,5d 08:26:33,,poetry.lock; pyproject.toml,poetry.lock,,,,
04dcba3311dac89dc90a,aramis-lab/clinica,https://github.com/aramis-lab/clinica,github_actions in /. - Update #1486374514,dev,d2753f7a65278cc32dd2e872adf8eeeb4de76a48,d2753f7a65278cc32dd2e872adf8eeeb4de76a48,d2753f7a65278cc32dd2e872adf8eeeb4de76a48; d2753f7a65278cc32dd2e872adf8eeeb4de76a48; d2753f7a65278cc32dd2e872adf8eeeb4de76a48,3,6fb94fb546970a9097c023a44022cf8b4fd77a8c,5d 18:51:40,,.github/workflows/lint.yaml; .github/workflows/publish.yaml; .github/workflows/test.yml; poetry.lock,,.github/workflows/lint.yaml; .github/workflows/publish.yaml; .github/workflows/test.yml; poetry.lock,,,
4ddd570b115e592dfed6,aramis-lab/clinica,https://github.com/aramis-lab/clinica,PET Pipelines Tests,dev,0c1591645129ef624c64761242cf29aeb29ff6e8,73225f75a71fe0bba9365c6fbd889790b33994de,73225f75a71fe0bba9365c6fbd889790b33994de,1,cdab9a11e54bd02160406c4ecb7af586e46531e0,7d 00:00:04,clinica/converters/adni_to_bids/_utils.py; clinica/converters/adni_to_bids/modality_converters/_dwi.py; clinica/converters/adni_to_bids/modality_converters/_flair.py; clinica/converters/adni_to_bids/modality_converters/_fmap.py; clinica/converters/adni_to_bids/modality_converters/_fmri.py; clinica/pipelines/statistics_surface/_utils.py; clinica/utils/image.py; test/unittests/utils/test_image.py,.github/workflows/test.yml; .pre-commit-config.yaml; poetry.lock; pyproject.toml,.github/workflows/test.yml; .pre-commit-config.yaml; poetry.lock; pyproject.toml,,,,
9922d41cff5c031c503f,business-science/pytimetk,https://github.com/business-science/pytimetk,timetk-checks,master,e610d3e2537d442f10965fbcd161880d2457377d,f79d9d9015c62ae3343b4a453d324159fd31f1e8,f79d9d9015c62ae3343b4a453d324159fd31f1e8; aa0be9db12c8952f21098c33d42afa535c194693; 2720eb1cbb248ff65ddaacc039d218060197e954; 08a01a0cd497da205d9a47f8ba035acca03e592c; 58b4a5bfcfb542a7949687f9e5314e675e233f77; fc6b4d1c2e037d757c5d3629f451e14487ecbf73; 136833215c90f814c5aa50524ee63004ff980101; e2c8ab0feb4c76e01e9b812dfa1e162b86d790a0; 0445ef1b12d79aa46822ea5da8603fb2b543c7c0,9,a3221f821413e43f8c0604b00d53eba2118a392e,0d 01:42:03,scripts/generate_pandas_stubs.py; src/pytimetk/__init__.py; typings/pandas/core/frame.pyi; typings/pandas/core/groupby/generic.pyi,pyproject.toml,pyproject.toml,pyproject.toml; stub-packages/pandas-stubs-pytimetk/pyproject.toml,,,
512939f062c2e8f37b99,business-science/pytimetk,https://github.com/business-science/pytimetk,timetk-checks,master,a3221f821413e43f8c0604b00d53eba2118a392e,012e6ecfe1e13a449d6ea472850fafc225434998,012e6ecfe1e13a449d6ea472850fafc225434998; bec770d00f752660ef7e339d942121bde1684aba,2,f5c8f8bd6fa6d4727921b6faaf07744d5791ed04,0d 00:23:23,src/pytimetk/__init__.py; src/pytimetk/core/anomalize.py; src/pytimetk/core/apply_by_time.py; src/pytimetk/core/correlationfunnel.py; src/pytimetk/core/filter_by_time.py; src/pytimetk/core/future.py; src/pytimetk/core/pad.py; src/pytimetk/core/summarize_by_time.py; src/pytimetk/core/ts_features.py; src/pytimetk/core/ts_summary.py; src/pytimetk/feature_engineering/__init__.py; src/pytimetk/feature_engineering/diffs.py; src/pytimetk/feature_engineering/ewm.py; src/pytimetk/feature_engineering/expanding.py; src/pytimetk/feature_engineering/expanding_apply.py; src/pytimetk/feature_engineering/fourier.py; src/pytimetk/feature_engineering/hilbert.py; src/pytimetk/feature_engineering/holiday_signature.py; src/pytimetk/feature_engineering/lags.py; src/pytimetk/feature_engineering/leads.py; src/pytimetk/feature_engineering/pct_change.py; src/pytimetk/feature_engineering/rolling.py; src/pytimetk/feature_engineering/rolling_apply.py; src/pytimetk/feature_engineering/spline.py; src/pytimetk/feature_engineering/timeseries_signature.py; src/pytimetk/feature_engineering/wavelet.py; src/pytimetk/finance/adx.py; src/pytimetk/finance/atr.py; src/pytimetk/finance/bbands.py; src/pytimetk/finance/cmo.py; src/pytimetk/finance/drawdown.py; src/pytimetk/finance/ewma_volatility.py; src/pytimetk/finance/fip_momentum.py; src/pytimetk/finance/hurst_exponent.py; src/pytimetk/finance/macd.py; src/pytimetk/finance/ppo.py; src/pytimetk/finance/qsmomentum.py; src/pytimetk/finance/regime_detection.py; src/pytimetk/finance/roc.py; src/pytimetk/finance/rolling_risk_metrics.py; src/pytimetk/finance/rsi.py; src/pytimetk/finance/stochastic_oscillator.py; src/pytimetk/plot/plot_anomalies.py; src/pytimetk/plot/plot_anomalies_cleaned.py; src/pytimetk/plot/plot_anomalies_decomp.py; src/pytimetk/plot/plot_timeseries.py; src/pytimetk/utils/memory_helpers.py; src/pytimetk/utils/pandas_helpers.py; src/pytimetk/utils/parallel_helpers.py; tests/feature_engineering/test_spline.py,poetry.lock; pyproject.toml,poetry.lock; pyproject.toml,poetry.lock; pyproject.toml,,,
6594e4306eb577fdadd5,business-science/pytimetk,https://github.com/business-science/pytimetk,timetk-checks,master,4988014efdbe5f252c0645510c165490c405dc4f,f318361c912a126b69f7b9f3f51f104dfcdacdc4,f318361c912a126b69f7b9f3f51f104dfcdacdc4,1,8c987bde323abd53ea3f9e22a093fa29e70dd8a4,0d 00:35:37,src/pytimetk/core/apply_by_time.py; src/pytimetk/core/filter_by_time.py; src/pytimetk/core/future.py; src/pytimetk/core/pad.py; src/pytimetk/core/summarize_by_time.py; src/pytimetk/feature_engineering/diffs.py; src/pytimetk/feature_engineering/ewm.py; src/pytimetk/feature_engineering/expanding.py; src/pytimetk/feature_engineering/lags.py; src/pytimetk/feature_engineering/leads.py; src/pytimetk/feature_engineering/pct_change.py; src/pytimetk/feature_engineering/rolling.py; src/pytimetk/finance/adx.py; src/pytimetk/finance/atr.py; src/pytimetk/finance/bbands.py; src/pytimetk/finance/cmo.py; src/pytimetk/finance/drawdown.py; src/pytimetk/finance/ewma_volatility.py; src/pytimetk/finance/fip_momentum.py; src/pytimetk/finance/hurst_exponent.py; src/pytimetk/finance/macd.py; src/pytimetk/finance/ppo.py; src/pytimetk/finance/qsmomentum.py; src/pytimetk/finance/regime_detection.py; src/pytimetk/finance/roc.py; src/pytimetk/finance/rolling_risk_metrics.py; src/pytimetk/finance/rsi.py; src/pytimetk/finance/stochastic_oscillator.py; src/pytimetk/utils/__init__.py; src/pytimetk/utils/checks.py; src/pytimetk/utils/dataframe_ops.py; src/pytimetk/utils/gpu_support.py; src/pytimetk/utils/polars_helpers.py,poetry.lock; pyproject.toml,pyproject.toml,poetry.lock; pyproject.toml,,,
0a33161c8e88085687e8,business-science/pytimetk,https://github.com/business-science/pytimetk,timetk-checks,master,2148ef6976b4372e26ef97878b5658c059a78ba4,b7414a3156b6e2a9ebb1353fce2b4afdf86f43cc,b7414a3156b6e2a9ebb1353fce2b4afdf86f43cc,1,af193079b3f9a1a4611aa6a47e8cf9476bfff727,0d 00:20:37,src/pytimetk/core/apply_by_time.py; src/pytimetk/core/correlationfunnel.py; src/pytimetk/core/filter_by_time.py; src/pytimetk/core/future.py; src/pytimetk/core/pad.py; src/pytimetk/core/summarize_by_time.py; src/pytimetk/core/ts_features.py; src/pytimetk/feature_engineering/diffs.py; src/pytimetk/feature_engineering/ewm.py; src/pytimetk/feature_engineering/expanding.py; src/pytimetk/feature_engineering/expanding_apply.py; src/pytimetk/feature_engineering/fourier.py; src/pytimetk/feature_engineering/holiday_signature.py; src/pytimetk/feature_engineering/lags.py; src/pytimetk/feature_engineering/leads.py; src/pytimetk/feature_engineering/rolling.py; src/pytimetk/feature_engineering/rolling_apply.py; src/pytimetk/feature_engineering/spline.py; src/pytimetk/feature_engineering/timeseries_signature.py; src/pytimetk/feature_store/store.py; src/pytimetk/finance/adx.py; src/pytimetk/finance/atr.py; src/pytimetk/finance/bbands.py; src/pytimetk/finance/cmo.py; src/pytimetk/finance/drawdown.py; src/pytimetk/finance/ewma_volatility.py; src/pytimetk/finance/fip_momentum.py; src/pytimetk/finance/hurst_exponent.py; src/pytimetk/finance/macd.py; src/pytimetk/finance/ppo.py; src/pytimetk/finance/qsmomentum.py; src/pytimetk/finance/regime_detection.py; src/pytimetk/finance/roc.py; src/pytimetk/finance/rolling_risk_metrics.py; src/pytimetk/finance/rsi.py; src/pytimetk/finance/stochastic_oscillator.py; src/pytimetk/plot/plot_anomalies.py; src/pytimetk/plot/plot_anomalies_cleaned.py; src/pytimetk/plot/plot_anomalies_decomp.py; src/pytimetk/plot/plot_timeseries.py; src/pytimetk/polars_namespace.py; src/pytimetk/utils/checks.py; src/pytimetk/utils/dataframe_ops.py; src/pytimetk/utils/memory_helpers.py; src/pytimetk/utils/pandas_helpers.py,,,,,,
f2603ce87a21ae10c816,business-science/pytimetk,https://github.com/business-science/pytimetk,timetk-checks,master,2a4e615d11b324b6d2a068c819ef1eece071a6d1,c703dfaf39b41b6c1c5ad7d4f29a1a02bcac41d8,c703dfaf39b41b6c1c5ad7d4f29a1a02bcac41d8,1,16e5f1b45f53c10898a028b8ca4cd68d1afb1457,0d 00:07:17,src/pytimetk/core/future.py; src/pytimetk/core/ts_features.py; src/pytimetk/feature_engineering/expanding.py; src/pytimetk/feature_engineering/expanding_apply.py; src/pytimetk/feature_engineering/rolling.py; src/pytimetk/feature_engineering/rolling_apply.py; src/pytimetk/utils/parallel_helpers.py; src/pytimetk/utils/ray_helpers.py; tests/conftest.py,poetry.lock; pyproject.toml,poetry.lock; pyproject.toml,poetry.lock; pyproject.toml,,,
71a7a869ded8b75a43fc,business-science/pytimetk,https://github.com/business-science/pytimetk,timetk-checks,master,cbf124b3a95832db92c134d5a494343271570471,0434b3702af828e8f8321a402a6e35c099525515,0434b3702af828e8f8321a402a6e35c099525515; 2483e72908748239ccf3f769e1801072615c260d; 121755861942cbefccea282fba07c79b5906f6d9; cb1ff1c562853d4d124531475b589982bc1a9634; d732ff0a04ad2b1a42818fc60f7ce4068e0fafa2; 81066a83769c2ad571bbd4c4d9ed36604fc4c516; cfc738b8142e52b92dcbc5553540ba785a3dacb3; ef537249b3297d1e05e80bd253726451be0b2439; afaf342cb8f729b14d66c980eea9705a8f82bc65; 92fdddbdbbe4d857f3b1dcfd2a288153dce89288; 8b9b044434ff770556f0c8374430353d5188dcab,11,d7fa925344a478fa11fb2f3f10047f50a360d049,0d 06:06:28,src/pytimetk/__init__.py; src/pytimetk/core/acf_diagnostics.py; src/pytimetk/core/seasonal_diagnostics.py; src/pytimetk/feature_engineering/fourier.py; src/pytimetk/feature_engineering/hilbert.py; src/pytimetk/feature_engineering/wavelet.py; src/pytimetk/finance/regime_detection.py; src/pytimetk/plot/plot_acf_diagnostics.py; src/pytimetk/plot/plot_timeseries.py; src/pytimetk/plot/theme.py; tests/core/test_seasonal_diagnostics.py; tests/feature_engineering/test_fourier.py; tests/feature_engineering/test_hilbert.py; tests/feature_engineering/test_wavelet.py; tests/finance/test_regime_detection.py,poetry.lock; pyproject.toml,pyproject.toml,poetry.lock; pyproject.toml,,,
3cef3a9af369373db990,business-science/pytimetk,https://github.com/business-science/pytimetk,timetk-checks,master,a6156303bc6cf25a7d083a69f3ef4339f4573e1d,90b72c4737d1535b1be82675416dbdb25a9996d7,90b72c4737d1535b1be82675416dbdb25a9996d7; c50126029dbe3a49d900e2d41e9c98f9ea7d7a11; 460e032315b8612b59016eb6cbb51135601d186c,3,c472ba5406791fbe7b37c902f18f7d5be64b46a5,0d 00:25:31,src/pytimetk/finance/adx.py; src/pytimetk/finance/atr.py; src/pytimetk/finance/bbands.py; src/pytimetk/finance/ewma_volatility.py; src/pytimetk/finance/hurst_exponent.py; src/pytimetk/finance/rolling_risk_metrics.py; src/pytimetk/finance/rsi.py; tests/finance/test_finance_backend_regressions.py; tests/finance/test_rolling_risk_metrics.py,pyproject.toml,,,,,
05211c5fdfd6fbb1958d,business-science/pytimetk,https://github.com/business-science/pytimetk,pandas-checks,master,e610d3e2537d442f10965fbcd161880d2457377d,f79d9d9015c62ae3343b4a453d324159fd31f1e8,f79d9d9015c62ae3343b4a453d324159fd31f1e8; aa0be9db12c8952f21098c33d42afa535c194693; 2720eb1cbb248ff65ddaacc039d218060197e954; 08a01a0cd497da205d9a47f8ba035acca03e592c; 58b4a5bfcfb542a7949687f9e5314e675e233f77; fc6b4d1c2e037d757c5d3629f451e14487ecbf73; 136833215c90f814c5aa50524ee63004ff980101; e2c8ab0feb4c76e01e9b812dfa1e162b86d790a0; 0445ef1b12d79aa46822ea5da8603fb2b543c7c0,9,a3221f821413e43f8c0604b00d53eba2118a392e,0d 01:42:03,scripts/generate_pandas_stubs.py; src/pytimetk/__init__.py; typings/pandas/core/frame.pyi; typings/pandas/core/groupby/generic.pyi,pyproject.toml,pyproject.toml,pyproject.toml; stub-packages/pandas-stubs-pytimetk/pyproject.toml,,,
0aaea82d79578ccdf2af,business-science/pytimetk,https://github.com/business-science/pytimetk,pandas-checks,master,a3221f821413e43f8c0604b00d53eba2118a392e,012e6ecfe1e13a449d6ea472850fafc225434998,012e6ecfe1e13a449d6ea472850fafc225434998; bec770d00f752660ef7e339d942121bde1684aba,2,f5c8f8bd6fa6d4727921b6faaf07744d5791ed04,0d 00:23:23,src/pytimetk/__init__.py; src/pytimetk/core/anomalize.py; src/pytimetk/core/apply_by_time.py; src/pytimetk/core/correlationfunnel.py; src/pytimetk/core/filter_by_time.py; src/pytimetk/core/future.py; src/pytimetk/core/pad.py; src/pytimetk/core/summarize_by_time.py; src/pytimetk/core/ts_features.py; src/pytimetk/core/ts_summary.py; src/pytimetk/feature_engineering/__init__.py; src/pytimetk/feature_engineering/diffs.py; src/pytimetk/feature_engineering/ewm.py; src/pytimetk/feature_engineering/expanding.py; src/pytimetk/feature_engineering/expanding_apply.py; src/pytimetk/feature_engineering/fourier.py; src/pytimetk/feature_engineering/hilbert.py; src/pytimetk/feature_engineering/holiday_signature.py; src/pytimetk/feature_engineering/lags.py; src/pytimetk/feature_engineering/leads.py; src/pytimetk/feature_engineering/pct_change.py; src/pytimetk/feature_engineering/rolling.py; src/pytimetk/feature_engineering/rolling_apply.py; src/pytimetk/feature_engineering/spline.py; src/pytimetk/feature_engineering/timeseries_signature.py; src/pytimetk/feature_engineering/wavelet.py; src/pytimetk/finance/adx.py; src/pytimetk/finance/atr.py; src/pytimetk/finance/bbands.py; src/pytimetk/finance/cmo.py; src/pytimetk/finance/drawdown.py; src/pytimetk/finance/ewma_volatility.py; src/pytimetk/finance/fip_momentum.py; src/pytimetk/finance/hurst_exponent.py; src/pytimetk/finance/macd.py; src/pytimetk/finance/ppo.py; src/pytimetk/finance/qsmomentum.py; src/pytimetk/finance/regime_detection.py; src/pytimetk/finance/roc.py; src/pytimetk/finance/rolling_risk_metrics.py; src/pytimetk/finance/rsi.py; src/pytimetk/finance/stochastic_oscillator.py; src/pytimetk/plot/plot_anomalies.py; src/pytimetk/plot/plot_anomalies_cleaned.py; src/pytimetk/plot/plot_anomalies_decomp.py; src/pytimetk/plot/plot_timeseries.py; src/pytimetk/utils/memory_helpers.py; src/pytimetk/utils/pandas_helpers.py; src/pytimetk/utils/parallel_helpers.py; tests/feature_engineering/test_spline.py,poetry.lock; pyproject.toml,poetry.lock; pyproject.toml,poetry.lock; pyproject.toml,,,
1d0865697ad961b56014,business-science/pytimetk,https://github.com/business-science/pytimetk,pandas-checks,master,4988014efdbe5f252c0645510c165490c405dc4f,f318361c912a126b69f7b9f3f51f104dfcdacdc4,f318361c912a126b69f7b9f3f51f104dfcdacdc4,1,8c987bde323abd53ea3f9e22a093fa29e70dd8a4,0d 00:35:37,src/pytimetk/core/apply_by_time.py; src/pytimetk/core/filter_by_time.py; src/pytimetk/core/future.py; src/pytimetk/core/pad.py; src/pytimetk/core/summarize_by_time.py; src/pytimetk/feature_engineering/diffs.py; src/pytimetk/feature_engineering/ewm.py; src/pytimetk/feature_engineering/expanding.py; src/pytimetk/feature_engineering/lags.py; src/pytimetk/feature_engineering/leads.py; src/pytimetk/feature_engineering/pct_change.py; src/pytimetk/feature_engineering/rolling.py; src/pytimetk/finance/adx.py; src/pytimetk/finance/atr.py; src/pytimetk/finance/bbands.py; src/pytimetk/finance/cmo.py; src/pytimetk/finance/drawdown.py; src/pytimetk/finance/ewma_volatility.py; src/pytimetk/finance/fip_momentum.py; src/pytimetk/finance/hurst_exponent.py; src/pytimetk/finance/macd.py; src/pytimetk/finance/ppo.py; src/pytimetk/finance/qsmomentum.py; src/pytimetk/finance/regime_detection.py; src/pytimetk/finance/roc.py; src/pytimetk/finance/rolling_risk_metrics.py; src/pytimetk/finance/rsi.py; src/pytimetk/finance/stochastic_oscillator.py; src/pytimetk/utils/__init__.py; src/pytimetk/utils/checks.py; src/pytimetk/utils/dataframe_ops.py; src/pytimetk/utils/gpu_support.py; src/pytimetk/utils/polars_helpers.py,poetry.lock; pyproject.toml,pyproject.toml,poetry.lock; pyproject.toml,,,
8e319d59e8ce0e6e8a1d,business-science/pytimetk,https://github.com/business-science/pytimetk,pandas-checks,master,2148ef6976b4372e26ef97878b5658c059a78ba4,b7414a3156b6e2a9ebb1353fce2b4afdf86f43cc,b7414a3156b6e2a9ebb1353fce2b4afdf86f43cc,1,af193079b3f9a1a4611aa6a47e8cf9476bfff727,0d 00:20:37,src/pytimetk/core/apply_by_time.py; src/pytimetk/core/correlationfunnel.py; src/pytimetk/core/filter_by_time.py; src/pytimetk/core/future.py; src/pytimetk/core/pad.py; src/pytimetk/core/summarize_by_time.py; src/pytimetk/core/ts_features.py; src/pytimetk/feature_engineering/diffs.py; src/pytimetk/feature_engineering/ewm.py; src/pytimetk/feature_engineering/expanding.py; src/pytimetk/feature_engineering/expanding_apply.py; src/pytimetk/feature_engineering/fourier.py; src/pytimetk/feature_engineering/holiday_signature.py; src/pytimetk/feature_engineering/lags.py; src/pytimetk/feature_engineering/leads.py; src/pytimetk/feature_engineering/rolling.py; src/pytimetk/feature_engineering/rolling_apply.py; src/pytimetk/feature_engineering/spline.py; src/pytimetk/feature_engineering/timeseries_signature.py; src/pytimetk/feature_store/store.py; src/pytimetk/finance/adx.py; src/pytimetk/finance/atr.py; src/pytimetk/finance/bbands.py; src/pytimetk/finance/cmo.py; src/pytimetk/finance/drawdown.py; src/pytimetk/finance/ewma_volatility.py; src/pytimetk/finance/fip_momentum.py; src/pytimetk/finance/hurst_exponent.py; src/pytimetk/finance/macd.py; src/pytimetk/finance/ppo.py; src/pytimetk/finance/qsmomentum.py; src/pytimetk/finance/regime_detection.py; src/pytimetk/finance/roc.py; src/pytimetk/finance/rolling_risk_metrics.py; src/pytimetk/finance/rsi.py; src/pytimetk/finance/stochastic_oscillator.py; src/pytimetk/plot/plot_anomalies.py; src/pytimetk/plot/plot_anomalies_cleaned.py; src/pytimetk/plot/plot_anomalies_decomp.py; src/pytimetk/plot/plot_timeseries.py; src/pytimetk/polars_namespace.py; src/pytimetk/utils/checks.py; src/pytimetk/utils/dataframe_ops.py; src/pytimetk/utils/memory_helpers.py; src/pytimetk/utils/pandas_helpers.py,,,,,,
499b754e379d8c712dda,business-science/pytimetk,https://github.com/business-science/pytimetk,pandas-checks,master,2a4e615d11b324b6d2a068c819ef1eece071a6d1,c703dfaf39b41b6c1c5ad7d4f29a1a02bcac41d8,c703dfaf39b41b6c1c5ad7d4f29a1a02bcac41d8,1,16e5f1b45f53c10898a028b8ca4cd68d1afb1457,0d 00:07:17,src/pytimetk/core/future.py; src/pytimetk/core/ts_features.py; src/pytimetk/feature_engineering/expanding.py; src/pytimetk/feature_engineering/expanding_apply.py; src/pytimetk/feature_engineering/rolling.py; src/pytimetk/feature_engineering/rolling_apply.py; src/pytimetk/utils/parallel_helpers.py; src/pytimetk/utils/ray_helpers.py; tests/conftest.py,poetry.lock; pyproject.toml,poetry.lock; pyproject.toml,poetry.lock; pyproject.toml,,,
dc05047f16100a8eeb42,business-science/pytimetk,https://github.com/business-science/pytimetk,pandas-checks,master,cbf124b3a95832db92c134d5a494343271570471,0434b3702af828e8f8321a402a6e35c099525515,0434b3702af828e8f8321a402a6e35c099525515; 2483e72908748239ccf3f769e1801072615c260d; 121755861942cbefccea282fba07c79b5906f6d9; cb1ff1c562853d4d124531475b589982bc1a9634; d732ff0a04ad2b1a42818fc60f7ce4068e0fafa2; 81066a83769c2ad571bbd4c4d9ed36604fc4c516; cfc738b8142e52b92dcbc5553540ba785a3dacb3; ef537249b3297d1e05e80bd253726451be0b2439; afaf342cb8f729b14d66c980eea9705a8f82bc65; 92fdddbdbbe4d857f3b1dcfd2a288153dce89288; 8b9b044434ff770556f0c8374430353d5188dcab,11,d7fa925344a478fa11fb2f3f10047f50a360d049,0d 06:06:28,src/pytimetk/__init__.py; src/pytimetk/core/acf_diagnostics.py; src/pytimetk/core/seasonal_diagnostics.py; src/pytimetk/feature_engineering/fourier.py; src/pytimetk/feature_engineering/hilbert.py; src/pytimetk/feature_engineering/wavelet.py; src/pytimetk/finance/regime_detection.py; src/pytimetk/plot/plot_acf_diagnostics.py; src/pytimetk/plot/plot_timeseries.py; src/pytimetk/plot/theme.py; tests/core/test_seasonal_diagnostics.py; tests/feature_engineering/test_fourier.py; tests/feature_engineering/test_hilbert.py; tests/feature_engineering/test_wavelet.py; tests/finance/test_regime_detection.py,poetry.lock; pyproject.toml,pyproject.toml,poetry.lock; pyproject.toml,,,
d71cd9539bf334a8c3f2,business-science/pytimetk,https://github.com/business-science/pytimetk,pandas-checks,master,51491ec325e660ee8f2ef91a91686346492ec7eb,51491ec325e660ee8f2ef91a91686346492ec7eb,51491ec325e660ee8f2ef91a91686346492ec7eb; 51491ec325e660ee8f2ef91a91686346492ec7eb; 738f0dc73937e878d6d077a000ba000e26f2b788; 68321d3f5d9613482ad0375fc870d7234bf04caf; 0c73628213c1fb8034bc6b368d6a5db59031e02e; 626ef3ade68da71c1b834934fcaab4fdc0f81d58; 27a47363c7e25f2718bc7feaffd4579bb68c94d1; 72a59b6e2e1a77a582db8aa0395f0b96331c8c07,8,aea0bcbd829a4ea4c8920d0f6293ff657b3388e4,57d 21:15:37,src/pytimetk/core/apply_by_time.py; src/pytimetk/core/frequency.py; src/pytimetk/core/stl_diagnostics.py; src/pytimetk/core/summarize_by_time.py; src/pytimetk/datasets/get_datasets.py; src/pytimetk/feature_engineering/ewm.py; src/pytimetk/finance/macd.py; src/pytimetk/finance/ppo.py; src/pytimetk/utils/checks.py; src/pytimetk/utils/dataframe_ops.py; src/pytimetk/utils/datetime_helpers.py; src/pytimetk/utils/pandas_flavor_compat.py; src/pytimetk/utils/parallel_helpers.py; src/pytimetk/utils/polars_helpers.py; src/pytimetk/utils/string_helpers.py,.github/workflows/pandas-checks.yaml; .github/workflows/polars-checks.yaml; .github/workflows/timetk-checks.yaml; poetry.lock; pyproject.toml,,,,,
75a02e79585f6f7df89a,business-science/pytimetk,https://github.com/business-science/pytimetk,pandas-checks,master,a6156303bc6cf25a7d083a69f3ef4339f4573e1d,90b72c4737d1535b1be82675416dbdb25a9996d7,90b72c4737d1535b1be82675416dbdb25a9996d7; c50126029dbe3a49d900e2d41e9c98f9ea7d7a11; 460e032315b8612b59016eb6cbb51135601d186c,3,c472ba5406791fbe7b37c902f18f7d5be64b46a5,0d 00:25:29,src/pytimetk/finance/adx.py; src/pytimetk/finance/atr.py; src/pytimetk/finance/bbands.py; src/pytimetk/finance/ewma_volatility.py; src/pytimetk/finance/hurst_exponent.py; src/pytimetk/finance/rolling_risk_metrics.py; src/pytimetk/finance/rsi.py; tests/finance/test_finance_backend_regressions.py; tests/finance/test_rolling_risk_metrics.py,pyproject.toml,,,,,
aeccd2105b469f228925,business-science/pytimetk,https://github.com/business-science/pytimetk,polars-checks,master,e610d3e2537d442f10965fbcd161880d2457377d,f79d9d9015c62ae3343b4a453d324159fd31f1e8,f79d9d9015c62ae3343b4a453d324159fd31f1e8; aa0be9db12c8952f21098c33d42afa535c194693; 2720eb1cbb248ff65ddaacc039d218060197e954; 08a01a0cd497da205d9a47f8ba035acca03e592c; 58b4a5bfcfb542a7949687f9e5314e675e233f77; fc6b4d1c2e037d757c5d3629f451e14487ecbf73; 136833215c90f814c5aa50524ee63004ff980101; e2c8ab0feb4c76e01e9b812dfa1e162b86d790a0; 0445ef1b12d79aa46822ea5da8603fb2b543c7c0,9,a3221f821413e43f8c0604b00d53eba2118a392e,0d 01:42:03,scripts/generate_pandas_stubs.py; src/pytimetk/__init__.py; typings/pandas/core/frame.pyi; typings/pandas/core/groupby/generic.pyi,pyproject.toml,pyproject.toml,pyproject.toml; stub-packages/pandas-stubs-pytimetk/pyproject.toml,,,
ab82a6a2b86a6725f487,business-science/pytimetk,https://github.com/business-science/pytimetk,polars-checks,master,a3221f821413e43f8c0604b00d53eba2118a392e,012e6ecfe1e13a449d6ea472850fafc225434998,012e6ecfe1e13a449d6ea472850fafc225434998; bec770d00f752660ef7e339d942121bde1684aba,2,f5c8f8bd6fa6d4727921b6faaf07744d5791ed04,0d 00:23:22,src/pytimetk/__init__.py; src/pytimetk/core/anomalize.py; src/pytimetk/core/apply_by_time.py; src/pytimetk/core/correlationfunnel.py; src/pytimetk/core/filter_by_time.py; src/pytimetk/core/future.py; src/pytimetk/core/pad.py; src/pytimetk/core/summarize_by_time.py; src/pytimetk/core/ts_features.py; src/pytimetk/core/ts_summary.py; src/pytimetk/feature_engineering/__init__.py; src/pytimetk/feature_engineering/diffs.py; src/pytimetk/feature_engineering/ewm.py; src/pytimetk/feature_engineering/expanding.py; src/pytimetk/feature_engineering/expanding_apply.py; src/pytimetk/feature_engineering/fourier.py; src/pytimetk/feature_engineering/hilbert.py; src/pytimetk/feature_engineering/holiday_signature.py; src/pytimetk/feature_engineering/lags.py; src/pytimetk/feature_engineering/leads.py; src/pytimetk/feature_engineering/pct_change.py; src/pytimetk/feature_engineering/rolling.py; src/pytimetk/feature_engineering/rolling_apply.py; src/pytimetk/feature_engineering/spline.py; src/pytimetk/feature_engineering/timeseries_signature.py; src/pytimetk/feature_engineering/wavelet.py; src/pytimetk/finance/adx.py; src/pytimetk/finance/atr.py; src/pytimetk/finance/bbands.py; src/pytimetk/finance/cmo.py; src/pytimetk/finance/drawdown.py; src/pytimetk/finance/ewma_volatility.py; src/pytimetk/finance/fip_momentum.py; src/pytimetk/finance/hurst_exponent.py; src/pytimetk/finance/macd.py; src/pytimetk/finance/ppo.py; src/pytimetk/finance/qsmomentum.py; src/pytimetk/finance/regime_detection.py; src/pytimetk/finance/roc.py; src/pytimetk/finance/rolling_risk_metrics.py; src/pytimetk/finance/rsi.py; src/pytimetk/finance/stochastic_oscillator.py; src/pytimetk/plot/plot_anomalies.py; src/pytimetk/plot/plot_anomalies_cleaned.py; src/pytimetk/plot/plot_anomalies_decomp.py; src/pytimetk/plot/plot_timeseries.py; src/pytimetk/utils/memory_helpers.py; src/pytimetk/utils/pandas_helpers.py; src/pytimetk/utils/parallel_helpers.py; tests/feature_engineering/test_spline.py,poetry.lock; pyproject.toml,poetry.lock; pyproject.toml,poetry.lock; pyproject.toml,,,
bc9e097feec2510d96c7,business-science/pytimetk,https://github.com/business-science/pytimetk,polars-checks,master,26c525037b9b33ba5dc8108accda53f027bb7c28,02a16cc761a79e0f76b1e4a0d9fda39a7168093d,02a16cc761a79e0f76b1e4a0d9fda39a7168093d; 8a14c7d98841774e0f222ad25c2c7cc4f433862d; d378e2e1cea3aba4972d4702d27b38c483ffa04b; 2dc166ce4476fdd94d01f839da2619183699ee64; d80c2fe3bdf6baad35660b8e6d1a965855a5aed3; e5ebbf7650729c49482c279a2a2a08ef4e31d717; b62afeff44234fd4000f22a9042aa9a494b3ab32; f990bfff25ca9c847300e3d6a2781ac690330c2d; a5303f03d63553720ab0842e751fe860452ec847; 6dd0ba625f43ac35452c7efefd0969a510e756a3; 5237d1e2eda3e455be5ba8e476e065d8f87b0689; 3d1226998d6ac4f566722700dae8616720e73ed8; ea80367f9436ff5b8e0f1822cb73071682f86b8c; 9a16f7bc75bda801a35f03b4dba95d1c59895368; 79b8c287eae847d2ee0124d8dcffe311b4e5e94f; 7156ac83d3be691dc5d9d7d1f92a60228ee185a1; 5fb50262eda932e3bd72590252a05a1b6e5ae2d0; 20a08620dca3e5e9137724b1207b396a3c5acd7b; ad581d7fc36f498360034450f8cf45f5bc682b4e; a6254d6d3c985112ac4b476fb5422cdb5b477244; 7a756b1f57501b874742ca612597516b4019006d; 8f5b3937ba1e2b113b90999fd275d265e43c2a96; 3a92c52c55cf9ffc3eb38440efdd885b8752d0c4; b3c9bcbe5dde49fc9f3916165cf5a82a12045cf8; 0b77bd5387bea764ce1d88b9042888b6a33fb2d4; 92aa01614c8e080ea4275b83ee7d8466bf14eb11; 382bedfda61b1fb7b7b25eef21fc33d571505990; 73b6203352ad44cb27f4d09350992b23a637ea67; a66ceaf99134b32165ea027676745bcd8b8e7604; 70e8a975ce432c68e9dfdef2ca7c16c3ecce1b06,30,796c2c7848b2a2ac674a3ce596331eda18622a16,1d 19:16:24,src/pytimetk/__init__.py; src/pytimetk/_polars_compat.py; src/pytimetk/core/anomalize.py; src/pytimetk/core/apply_by_time.py; src/pytimetk/core/correlationfunnel.py; src/pytimetk/core/filter_by_time.py; src/pytimetk/core/frequency.py; src/pytimetk/core/future.py; src/pytimetk/core/make_timeseries_sequence.py; src/pytimetk/core/pad.py; src/pytimetk/core/summarize_by_time.py; src/pytimetk/core/ts_features.py; src/pytimetk/core/ts_summary.py; src/pytimetk/feature_engineering/diffs.py; src/pytimetk/feature_engineering/ewm.py; src/pytimetk/feature_engineering/expanding.py; src/pytimetk/feature_engineering/expanding_apply.py; src/pytimetk/feature_engineering/fourier.py; src/pytimetk/feature_engineering/hilbert.py; src/pytimetk/feature_engineering/holiday_signature.py; src/pytimetk/feature_engineering/lags.py; src/pytimetk/feature_engineering/pct_change.py; src/pytimetk/feature_engineering/rolling.py; src/pytimetk/feature_engineering/rolling_apply.py; src/pytimetk/feature_engineering/spline.py; src/pytimetk/feature_engineering/timeseries_signature.py; src/pytimetk/feature_engineering/wavelet.py; src/pytimetk/feature_store/__init__.py; src/pytimetk/feature_store/mlflow_integration.py; src/pytimetk/feature_store/store.py; src/pytimetk/finance/adx.py; src/pytimetk/finance/atr.py; src/pytimetk/finance/bbands.py; src/pytimetk/finance/cmo.py; src/pytimetk/finance/drawdown.py; src/pytimetk/finance/ewma_volatility.py; src/pytimetk/finance/fip_momentum.py; src/pytimetk/finance/hurst_exponent.py; src/pytimetk/finance/macd.py; src/pytimetk/finance/ppo.py; src/pytimetk/finance/qsmomentum.py; src/pytimetk/finance/regime_detection.py; src/pytimetk/finance/roc.py; src/pytimetk/finance/rolling_risk_metrics.py; src/pytimetk/finance/rsi.py; src/pytimetk/finance/stochastic_oscillator.py; src/pytimetk/plot/plot_anomalies.py; src/pytimetk/plot/plot_anomalies_cleaned.py; src/pytimetk/plot/plot_anomalies_decomp.py; src/pytimetk/plot/plot_correlation_funnel.py; src/pytimetk/plot/plot_timeseries.py; src/pytimetk/polars_namespace.py; src/pytimetk/utils/dataframe_ops.py; tests/conftest.py; tests/core/test_anomalize.py; tests/core/test_apply_by_time.py; tests/core/test_correlationfunnel.py; tests/core/test_filter_by_time.py; tests/core/test_future_frame.py; tests/core/test_get_frequency_summary.py; tests/core/test_get_seasonal_frequency.py; tests/core/test_get_trend_frequency.py; tests/core/test_holiday_signature.py; tests/core/test_make_timeseries_sequence.py; tests/core/test_pad_by_time.py; tests/core/test_summarize_by_time.py; tests/core/test_timeseries_tables.py; tests/core/test_ts_features.py; tests/core/test_ts_summary.py; tests/feature_engineering/test_docstring_examples.py; tests/feature_engineering/test_ewm.py; tests/feature_engineering/test_expanding_apply.py; tests/feature_engineering/test_fourier.py; tests/feature_engineering/test_hilbert.py; tests/feature_engineering/test_timeseries_signature.py; tests/feature_engineering/test_wavelet.py; tests/feature_store/test_feature_store.py; tests/feature_store/test_mlflow_integration.py; tests/finance/test_docstring_examples.py; tests/finance/test_drawdown.py; tests/finance/test_polars_namespace.py; tests/finance/test_regime_detection.py; tests/finance/test_stochastic_oscillator.py; tests/plot/test_anomalies_plots.py; tests/plot/test_plot_correlation_funnel.py; tests/plot/test_plot_timeseries.py,,,,,,
8e5a8acd8eb61f87a396,business-science/pytimetk,https://github.com/business-science/pytimetk,polars-checks,master,4988014efdbe5f252c0645510c165490c405dc4f,f318361c912a126b69f7b9f3f51f104dfcdacdc4,f318361c912a126b69f7b9f3f51f104dfcdacdc4,1,8c987bde323abd53ea3f9e22a093fa29e70dd8a4,0d 00:35:37,src/pytimetk/core/apply_by_time.py; src/pytimetk/core/filter_by_time.py; src/pytimetk/core/future.py; src/pytimetk/core/pad.py; src/pytimetk/core/summarize_by_time.py; src/pytimetk/feature_engineering/diffs.py; src/pytimetk/feature_engineering/ewm.py; src/pytimetk/feature_engineering/expanding.py; src/pytimetk/feature_engineering/lags.py; src/pytimetk/feature_engineering/leads.py; src/pytimetk/feature_engineering/pct_change.py; src/pytimetk/feature_engineering/rolling.py; src/pytimetk/finance/adx.py; src/pytimetk/finance/atr.py; src/pytimetk/finance/bbands.py; src/pytimetk/finance/cmo.py; src/pytimetk/finance/drawdown.py; src/pytimetk/finance/ewma_volatility.py; src/pytimetk/finance/fip_momentum.py; src/pytimetk/finance/hurst_exponent.py; src/pytimetk/finance/macd.py; src/pytimetk/finance/ppo.py; src/pytimetk/finance/qsmomentum.py; src/pytimetk/finance/regime_detection.py; src/pytimetk/finance/roc.py; src/pytimetk/finance/rolling_risk_metrics.py; src/pytimetk/finance/rsi.py; src/pytimetk/finance/stochastic_oscillator.py; src/pytimetk/utils/__init__.py; src/pytimetk/utils/checks.py; src/pytimetk/utils/dataframe_ops.py; src/pytimetk/utils/gpu_support.py; src/pytimetk/utils/polars_helpers.py,poetry.lock; pyproject.toml,pyproject.toml,poetry.lock; pyproject.toml,,,
3bc78d69a5cd46433a4c,business-science/pytimetk,https://github.com/business-science/pytimetk,polars-checks,master,2148ef6976b4372e26ef97878b5658c059a78ba4,b7414a3156b6e2a9ebb1353fce2b4afdf86f43cc,b7414a3156b6e2a9ebb1353fce2b4afdf86f43cc,1,af193079b3f9a1a4611aa6a47e8cf9476bfff727,0d 00:20:37,src/pytimetk/core/apply_by_time.py; src/pytimetk/core/correlationfunnel.py; src/pytimetk/core/filter_by_time.py; src/pytimetk/core/future.py; src/pytimetk/core/pad.py; src/pytimetk/core/summarize_by_time.py; src/pytimetk/core/ts_features.py; src/pytimetk/feature_engineering/diffs.py; src/pytimetk/feature_engineering/ewm.py; src/pytimetk/feature_engineering/expanding.py; src/pytimetk/feature_engineering/expanding_apply.py; src/pytimetk/feature_engineering/fourier.py; src/pytimetk/feature_engineering/holiday_signature.py; src/pytimetk/feature_engineering/lags.py; src/pytimetk/feature_engineering/leads.py; src/pytimetk/feature_engineering/rolling.py; src/pytimetk/feature_engineering/rolling_apply.py; src/pytimetk/feature_engineering/spline.py; src/pytimetk/feature_engineering/timeseries_signature.py; src/pytimetk/feature_store/store.py; src/pytimetk/finance/adx.py; src/pytimetk/finance/atr.py; src/pytimetk/finance/bbands.py; src/pytimetk/finance/cmo.py; src/pytimetk/finance/drawdown.py; src/pytimetk/finance/ewma_volatility.py; src/pytimetk/finance/fip_momentum.py; src/pytimetk/finance/hurst_exponent.py; src/pytimetk/finance/macd.py; src/pytimetk/finance/ppo.py; src/pytimetk/finance/qsmomentum.py; src/pytimetk/finance/regime_detection.py; src/pytimetk/finance/roc.py; src/pytimetk/finance/rolling_risk_metrics.py; src/pytimetk/finance/rsi.py; src/pytimetk/finance/stochastic_oscillator.py; src/pytimetk/plot/plot_anomalies.py; src/pytimetk/plot/plot_anomalies_cleaned.py; src/pytimetk/plot/plot_anomalies_decomp.py; src/pytimetk/plot/plot_timeseries.py; src/pytimetk/polars_namespace.py; src/pytimetk/utils/checks.py; src/pytimetk/utils/dataframe_ops.py; src/pytimetk/utils/memory_helpers.py; src/pytimetk/utils/pandas_helpers.py,,,,,,
0f5e0cf857651efe3d57,business-science/pytimetk,https://github.com/business-science/pytimetk,polars-checks,master,2a4e615d11b324b6d2a068c819ef1eece071a6d1,c703dfaf39b41b6c1c5ad7d4f29a1a02bcac41d8,c703dfaf39b41b6c1c5ad7d4f29a1a02bcac41d8,1,16e5f1b45f53c10898a028b8ca4cd68d1afb1457,0d 00:07:17,src/pytimetk/core/future.py; src/pytimetk/core/ts_features.py; src/pytimetk/feature_engineering/expanding.py; src/pytimetk/feature_engineering/expanding_apply.py; src/pytimetk/feature_engineering/rolling.py; src/pytimetk/feature_engineering/rolling_apply.py; src/pytimetk/utils/parallel_helpers.py; src/pytimetk/utils/ray_helpers.py; tests/conftest.py,poetry.lock; pyproject.toml,poetry.lock; pyproject.toml,poetry.lock; pyproject.toml,,,
a81d2e5c483fa0efa8e2,business-science/pytimetk,https://github.com/business-science/pytimetk,polars-checks,master,cbf124b3a95832db92c134d5a494343271570471,0434b3702af828e8f8321a402a6e35c099525515,0434b3702af828e8f8321a402a6e35c099525515; 2483e72908748239ccf3f769e1801072615c260d; 121755861942cbefccea282fba07c79b5906f6d9; cb1ff1c562853d4d124531475b589982bc1a9634; d732ff0a04ad2b1a42818fc60f7ce4068e0fafa2; 81066a83769c2ad571bbd4c4d9ed36604fc4c516; cfc738b8142e52b92dcbc5553540ba785a3dacb3; ef537249b3297d1e05e80bd253726451be0b2439; afaf342cb8f729b14d66c980eea9705a8f82bc65; 92fdddbdbbe4d857f3b1dcfd2a288153dce89288; 8b9b044434ff770556f0c8374430353d5188dcab,11,d7fa925344a478fa11fb2f3f10047f50a360d049,0d 06:06:28,src/pytimetk/__init__.py; src/pytimetk/core/acf_diagnostics.py; src/pytimetk/core/seasonal_diagnostics.py; src/pytimetk/feature_engineering/fourier.py; src/pytimetk/feature_engineering/hilbert.py; src/pytimetk/feature_engineering/wavelet.py; src/pytimetk/finance/regime_detection.py; src/pytimetk/plot/plot_acf_diagnostics.py; src/pytimetk/plot/plot_timeseries.py; src/pytimetk/plot/theme.py; tests/core/test_seasonal_diagnostics.py; tests/feature_engineering/test_fourier.py; tests/feature_engineering/test_hilbert.py; tests/feature_engineering/test_wavelet.py; tests/finance/test_regime_detection.py,poetry.lock; pyproject.toml,pyproject.toml,poetry.lock; pyproject.toml,,,
a3458fac5eeb98dec8ae,business-science/pytimetk,https://github.com/business-science/pytimetk,polars-checks,master,ef02f156a7584dc2a7df4811ec0ee84b59eed229,935d9ed0113c83778453f144546bcf420b99d83d,935d9ed0113c83778453f144546bcf420b99d83d,1,51491ec325e660ee8f2ef91a91686346492ec7eb,0d 00:57:24,,.github/workflows/pandas-checks.yaml; .github/workflows/polars-checks.yaml; .github/workflows/timetk-checks.yaml; pyproject.toml,pyproject.toml,.github/workflows/pandas-checks.yaml; .github/workflows/polars-checks.yaml; .github/workflows/timetk-checks.yaml,,,
f3ec0818e76d8a3f8dea,business-science/pytimetk,https://github.com/business-science/pytimetk,polars-checks,master,51491ec325e660ee8f2ef91a91686346492ec7eb,51491ec325e660ee8f2ef91a91686346492ec7eb,51491ec325e660ee8f2ef91a91686346492ec7eb; 51491ec325e660ee8f2ef91a91686346492ec7eb; 738f0dc73937e878d6d077a000ba000e26f2b788; 68321d3f5d9613482ad0375fc870d7234bf04caf,4,0c73628213c1fb8034bc6b368d6a5db59031e02e,57d 18:59:37,,.github/workflows/pandas-checks.yaml; .github/workflows/polars-checks.yaml; .github/workflows/timetk-checks.yaml; poetry.lock; pyproject.toml,,.github/workflows/pandas-checks.yaml; .github/workflows/polars-checks.yaml,,,
eb0bfca54a01a14841fb,business-science/pytimetk,https://github.com/business-science/pytimetk,polars-checks,master,a6156303bc6cf25a7d083a69f3ef4339f4573e1d,90b72c4737d1535b1be82675416dbdb25a9996d7,90b72c4737d1535b1be82675416dbdb25a9996d7; c50126029dbe3a49d900e2d41e9c98f9ea7d7a11; 460e032315b8612b59016eb6cbb51135601d186c,3,c472ba5406791fbe7b37c902f18f7d5be64b46a5,0d 00:25:31,src/pytimetk/finance/adx.py; src/pytimetk/finance/atr.py; src/pytimetk/finance/bbands.py; src/pytimetk/finance/ewma_volatility.py; src/pytimetk/finance/hurst_exponent.py; src/pytimetk/finance/rolling_risk_metrics.py; src/pytimetk/finance/rsi.py; tests/finance/test_finance_backend_regressions.py; tests/finance/test_rolling_risk_metrics.py,pyproject.toml,,,,,
3f490cca8268b9b0fcc3,deepdoctection/deepdoctection,https://github.com/deepdoctection/deepdoctection,Mark stale issues and pull requests,master,6087ecf01e2e78c377203c656b4e75fb1d8e5c37,6087ecf01e2e78c377203c656b4e75fb1d8e5c37,6087ecf01e2e78c377203c656b4e75fb1d8e5c37,1,6087ecf01e2e78c377203c656b4e75fb1d8e5c37,0d 22:43:18,,,,,,,
ea3f4b47d3b0749b4211,deepdoctection/deepdoctection,https://github.com/deepdoctection/deepdoctection,Tests,master,150e9ad4d5776561ec3fea323dcce3b170db5b0b,f274a9d0f868c55b10994315bf92e06f3b2073ca,f274a9d0f868c55b10994315bf92e06f3b2073ca,1,0e8868a837f2c6c62be4b0697a339f079b82b7c5,11d 20:23:57,deepdoctection/__init__.py; deepdoctection/analyzer/__init__.py; deepdoctection/analyzer/config.py; deepdoctection/analyzer/dd.py; deepdoctection/analyzer/factory.py; deepdoctection/configs/__init__.py; deepdoctection/dataflow/__init__.py; deepdoctection/dataflow/base.py; deepdoctection/dataflow/common.py; deepdoctection/dataflow/custom.py; deepdoctection/dataflow/custom_serialize.py; deepdoctection/dataflow/parallel_map.py; deepdoctection/dataflow/serialize.py; deepdoctection/dataflow/stats.py; deepdoctection/datapoint/__init__.py; deepdoctection/datapoint/annotation.py; deepdoctection/datapoint/box.py; deepdoctection/datapoint/convert.py; deepdoctection/datapoint/image.py; deepdoctection/datapoint/view.py; deepdoctection/datasets/__init__.py; deepdoctection/datasets/adapter.py; deepdoctection/datasets/base.py; deepdoctection/datasets/dataflow_builder.py; deepdoctection/datasets/info.py; deepdoctection/datasets/instances/__init__.py; deepdoctection/datasets/instances/doclaynet.py; deepdoctection/datasets/instances/fintabnet.py; deepdoctection/datasets/instances/funsd.py; deepdoctection/datasets/instances/iiitar13k.py; deepdoctection/datasets/instances/layouttest.py; deepdoctection/datasets/instances/publaynet.py; deepdoctection/datasets/instances/pubtables1m.py; deepdoctection/datasets/instances/pubtabnet.py; deepdoctection/datasets/instances/rvlcdip.py; deepdoctection/datasets/instances/xfund.py; deepdoctection/datasets/instances/xsl/__init__.py; deepdoctection/datasets/registry.py; deepdoctection/datasets/save.py; deepdoctection/eval/__init__.py; deepdoctection/eval/accmetric.py; deepdoctection/eval/base.py; deepdoctection/eval/cocometric.py; deepdoctection/eval/eval.py; deepdoctection/eval/registry.py; deepdoctection/eval/tedsmetric.py; deepdoctection/eval/tp_eval_callback.py; deepdoctection/extern/__init__.py; deepdoctection/extern/base.py; deepdoctection/extern/d2detect.py; deepdoctection/extern/deskew.py; deepdoctection/extern/doctrocr.py; deepdoctection/extern/fastlang.py; deepdoctection/extern/hfdetr.py; deepdoctection/extern/hflayoutlm.py; deepdoctection/extern/hflm.py; deepdoctection/extern/model.py; deepdoctection/extern/pdftext.py; deepdoctection/extern/pt/__init__.py; deepdoctection/extern/pt/nms.py; deepdoctection/extern/pt/ptutils.py; deepdoctection/extern/tessocr.py; deepdoctection/extern/texocr.py; deepdoctection/extern/tp/__init__.py; deepdoctection/extern/tp/tfutils.py; deepdoctection/extern/tp/tpcompat.py; deepdoctection/extern/tp/tpfrcnn/__init__.py; deepdoctection/extern/tp/tpfrcnn/common.py; deepdoctection/extern/tp/tpfrcnn/config/__init__.py; deepdoctection/extern/tp/tpfrcnn/config/config.py; deepdoctection/extern/tp/tpfrcnn/modeling/__init__.py; deepdoctection/extern/tp/tpfrcnn/modeling/backbone.py; deepdoctection/extern/tp/tpfrcnn/modeling/generalized_rcnn.py; deepdoctection/extern/tp/tpfrcnn/modeling/model_box.py; deepdoctection/extern/tp/tpfrcnn/modeling/model_cascade.py; deepdoctection/extern/tp/tpfrcnn/modeling/model_fpn.py; deepdoctection/extern/tp/tpfrcnn/modeling/model_frcnn.py; deepdoctection/extern/tp/tpfrcnn/modeling/model_mrcnn.py; deepdoctection/extern/tp/tpfrcnn/modeling/model_rpn.py; deepdoctection/extern/tp/tpfrcnn/predict.py; deepdoctection/extern/tp/tpfrcnn/preproc.py; deepdoctection/extern/tp/tpfrcnn/utils/__init__.py; deepdoctection/extern/tp/tpfrcnn/utils/box_ops.py; deepdoctection/extern/tp/tpfrcnn/utils/np_box_ops.py; deepdoctection/extern/tpdetect.py; deepdoctection/mapper/__init__.py; deepdoctection/mapper/cats.py; deepdoctection/mapper/cocostruct.py; deepdoctection/mapper/d2struct.py; deepdoctection/mapper/hfstruct.py; deepdoctection/mapper/laylmstruct.py; deepdoctection/mapper/maputils.py; deepdoctection/mapper/match.py; deepdoctection/mapper/misc.py; deepdoctection/mapper/pascalstruct.py; deepdoctection/mapper/prodigystruct.py; deepdoctection/mapper/pubstruct.py; deepdoctection/mapper/tpstruct.py; deepdoctection/mapper/xfundstruct.py; deepdoctection/pipe/__init__.py; deepdoctection/pipe/anngen.py; deepdoctection/pipe/base.py; deepdoctection/pipe/common.py; deepdoctection/pipe/concurrency.py; deepdoctection/pipe/doctectionpipe.py; deepdoctection/pipe/language.py; deepdoctection/pipe/layout.py; deepdoctection/pipe/lm.py; deepdoctection/pipe/order.py; deepdoctection/pipe/refine.py; deepdoctection/pipe/registry.py; deepdoctection/pipe/segment.py; deepdoctection/pipe/sub_layout.py; deepdoctection/pipe/text.py; deepdoctection/pipe/transform.py; deepdoctection/train/__init__.py; deepdoctection/train/d2_frcnn_train.py; deepdoctection/train/hf_detr_train.py; deepdoctection/train/hf_layoutlm_train.py; deepdoctection/train/tp_frcnn_train.py; deepdoctection/utils/__init__.py; deepdoctection/utils/concurrency.py; deepdoctection/utils/context.py; deepdoctection/utils/develop.py; deepdoctection/utils/env_info.py; deepdoctection/utils/error.py; deepdoctection/utils/file_utils.py; deepdoctection/utils/fs.py; deepdoctection/utils/identifier.py; deepdoctection/utils/logger.py; deepdoctection/utils/metacfg.py; deepdoctection/utils/mocks.py; deepdoctection/utils/pdf_utils.py; deepdoctection/utils/settings.py; deepdoctection/utils/tqdm.py; deepdoctection/utils/transform.py; deepdoctection/utils/types.py; deepdoctection/utils/utils.py; deepdoctection/utils/viz.py; packages/__init__.py; packages/dd_core/__init__.py; packages/dd_core/src/dd_core/__init__.py; packages/dd_core/src/dd_core/dataflow/__init__.py; packages/dd_core/src/dd_core/dataflow/base.py; packages/dd_core/src/dd_core/dataflow/common.py; packages/dd_core/src/dd_core/dataflow/custom.py; packages/dd_core/src/dd_core/dataflow/custom_serialize.py; packages/dd_core/src/dd_core/dataflow/parallel_map.py; packages/dd_core/src/dd_core/dataflow/serialize.py; packages/dd_core/src/dd_core/dataflow/stats.py; packages/dd_core/src/dd_core/datapoint/__init__.py; packages/dd_core/src/dd_core/datapoint/annotation.py; packages/dd_core/src/dd_core/datapoint/box.py; packages/dd_core/src/dd_core/datapoint/convert.py; packages/dd_core/src/dd_core/datapoint/image.py; packages/dd_core/src/dd_core/datapoint/view.py; packages/dd_core/src/dd_core/mapper/__init__.py; packages/dd_core/src/dd_core/mapper/cats.py; packages/dd_core/src/dd_core/mapper/cocostruct.py; packages/dd_core/src/dd_core/mapper/d2struct.py; packages/dd_core/src/dd_core/mapper/hfstruct.py; packages/dd_core/src/dd_core/mapper/laylmstruct.py; packages/dd_core/src/dd_core/mapper/maputils.py; packages/dd_core/src/dd_core/mapper/match.py; packages/dd_core/src/dd_core/mapper/misc.py; packages/dd_core/src/dd_core/mapper/nms.py; packages/dd_core/src/dd_core/mapper/pascalstruct.py; packages/dd_core/src/dd_core/mapper/prodigystruct.py; packages/dd_core/src/dd_core/mapper/pubstruct.py; packages/dd_core/src/dd_core/mapper/wandbstruct.py; packages/dd_core/src/dd_core/mapper/xfundstruct.py; packages/dd_core/src/dd_core/utils/__init__.py; packages/dd_core/src/dd_core/utils/concurrency.py; packages/dd_core/src/dd_core/utils/context.py; packages/dd_core/src/dd_core/utils/develop.py; packages/dd_core/src/dd_core/utils/env_info.py; packages/dd_core/src/dd_core/utils/error.py; packages/dd_core/src/dd_core/utils/file_utils.py; packages/dd_core/src/dd_core/utils/fs.py; packages/dd_core/src/dd_core/utils/identifier.py; packages/dd_core/src/dd_core/utils/logger.py; packages/dd_core/src/dd_core/utils/metacfg.py; packages/dd_core/src/dd_core/utils/object_types.py; packages/dd_core/src/dd_core/utils/pdf_utils.py; packages/dd_core/src/dd_core/utils/ptutils.py; packages/dd_core/src/dd_core/utils/tqdm.py; packages/dd_core/src/dd_core/utils/transform.py; packages/dd_core/src/dd_core/utils/types.py; packages/dd_core/src/dd_core/utils/utils.py; packages/dd_core/src/dd_core/utils/viz.py; packages/dd_core/tests/__init__.py; packages/dd_core/tests/conftest.py; packages/dd_core/tests/data.py; packages/dd_core/tests/dataflow/__init__.py; packages/dd_core/tests/dataflow/conftest.py; packages/dd_core/tests/dataflow/test_common.py; packages/dd_core/tests/dataflow/test_custom.py; packages/dd_core/tests/dataflow/test_custom_serialize.py; packages/dd_core/tests/dataflow/test_parallel_map.py; packages/dd_core/tests/dataflow/test_stats.py; packages/dd_core/tests/datapoint/__init__.py; packages/dd_core/tests/datapoint/annotation/__init__.py; packages/dd_core/tests/datapoint/annotation/test_ann_cat.py; packages/dd_core/tests/datapoint/annotation/test_ann_cont.py; packages/dd_core/tests/datapoint/annotation/test_ann_ids.py; packages/dd_core/tests/datapoint/annotation/test_ann_img.py; packages/dd_core/tests/datapoint/annotation/test_ann_misc.py; packages/dd_core/tests/datapoint/box/__init__.py; packages/dd_core/tests/datapoint/box/test_box_equality.py; packages/dd_core/tests/datapoint/box/test_box_export.py; packages/dd_core/tests/datapoint/box/test_box_geom.py; packages/dd_core/tests/datapoint/box/test_box_init_validate.py; packages/dd_core/tests/datapoint/box/test_box_np_box.py; packages/dd_core/tests/datapoint/box/test_box_setters.py; packages/dd_core/tests/datapoint/box/test_box_transform.py; packages/dd_core/tests/datapoint/conftest.py; packages/dd_core/tests/datapoint/image/__init__.py; packages/dd_core/tests/datapoint/image/test_image_annotations.py; packages/dd_core/tests/datapoint/image/test_image_hierarchy.py; packages/dd_core/tests/datapoint/image/test_image_initialization.py; packages/dd_core/tests/datapoint/image/test_image_pdf.py; packages/dd_core/tests/datapoint/image/test_image_pixel_operations.py; packages/dd_core/tests/datapoint/image/test_image_properties.py; packages/dd_core/tests/datapoint/image/test_image_removal.py; packages/dd_core/tests/datapoint/image/test_image_serialization.py; packages/dd_core/tests/datapoint/image/test_image_state.py; packages/dd_core/tests/datapoint/image/test_image_summary.py; packages/dd_core/tests/datapoint/test_convert.py; packages/dd_core/tests/datapoint/view/__init__.py; packages/dd_core/tests/datapoint/view/conftest.py; packages/dd_core/tests/datapoint/view/test_image_annotation_base_view.py; packages/dd_core/tests/datapoint/view/test_layout_views.py; packages/dd_core/tests/datapoint/view/test_page_annotations.py; packages/dd_core/tests/datapoint/view/test_page_factory.py; packages/dd_core/tests/datapoint/view/test_page_methods.py; packages/dd_core/tests/datapoint/view/test_page_properties.py; packages/dd_core/tests/datapoint/view/test_page_text.py; packages/dd_core/tests/datapoint/view/test_table_views.py; packages/dd_core/tests/datapoint/view/test_view_relationships.py; packages/dd_core/tests/mapper/__init__.py; packages/dd_core/tests/mapper/conftest.py; packages/dd_core/tests/mapper/data.py; packages/dd_core/tests/mapper/test_cats.py; packages/dd_core/tests/mapper/test_cocostruct.py; packages/dd_core/tests/mapper/test_d2struct.py; packages/dd_core/tests/mapper/test_hfstruct.py; packages/dd_core/tests/mapper/test_laylmstruct.py; packages/dd_core/tests/mapper/test_maputils.py; packages/dd_core/tests/mapper/test_match.py; packages/dd_core/tests/mapper/test_nms.py; packages/dd_core/tests/mapper/test_pascalstruct.py; packages/dd_core/tests/mapper/test_prodigystruct.py; packages/dd_core/tests/mapper/test_pubstruct.py; packages/dd_core/tests/mapper/test_wandbstruct.py; packages/dd_core/tests/mapper/test_xfundstruct.py; packages/dd_core/tests/utils/__init__.py; packages/dd_core/tests/utils/conftest.py; packages/dd_core/tests/utils/test_pdf_utils.py; packages/dd_core/tests/utils/test_transform.py; packages/dd_core/tests/utils/test_viz.py; packages/dd_datasets/src/dd_datasets/__init__.py; packages/dd_datasets/src/dd_datasets/adapter.py; packages/dd_datasets/src/dd_datasets/base.py; packages/dd_datasets/src/dd_datasets/dataflow_builder.py; packages/dd_datasets/src/dd_datasets/info.py; packages/dd_datasets/src/dd_datasets/instances/__init__.py; packages/dd_datasets/src/dd_datasets/instances/doclaynet.py; packages/dd_datasets/src/dd_datasets/instances/fintabnet.py; packages/dd_datasets/src/dd_datasets/instances/funsd.py; packages/dd_datasets/src/dd_datasets/instances/iiitar13k.py; packages/dd_datasets/src/dd_datasets/instances/layouttest.py; packages/dd_datasets/src/dd_datasets/instances/publaynet.py; packages/dd_datasets/src/dd_datasets/instances/pubtables1m.py; packages/dd_datasets/src/dd_datasets/instances/pubtabnet.py; packages/dd_datasets/src/dd_datasets/instances/rvlcdip.py; packages/dd_datasets/src/dd_datasets/instances/xfund.py; packages/dd_datasets/src/dd_datasets/instances/xsl/__init__.py; packages/dd_datasets/src/dd_datasets/registry.py; packages/dd_datasets/src/dd_datasets/save.py; packages/dd_datasets/tests/__init__.py; packages/dd_datasets/tests/conftest.py; packages/dd_datasets/tests/datasets/instances/__init__.py; packages/dd_datasets/tests/datasets/instances/test_doclaynet.py; packages/dd_datasets/tests/datasets/instances/test_fintabnet.py; packages/dd_datasets/tests/datasets/instances/test_funsd.py; packages/dd_datasets/tests/datasets/instances/test_iiitar13k.py; packages/dd_datasets/tests/datasets/instances/test_layouttest.py; packages/dd_datasets/tests/datasets/instances/test_publaynet.py; packages/dd_datasets/tests/datasets/instances/test_pubtables1m.py; packages/dd_datasets/tests/datasets/instances/test_pubtabnet.py; packages/dd_datasets/tests/datasets/instances/test_rvlcdip.py; packages/dd_datasets/tests/datasets/test_adapter.py; packages/dd_datasets/tests/datasets/test_base.py; packages/dd_datasets/tests/datasets/test_info.py; packages/dd_datasets/tests/datasets/test_registry.py; packages/deepdoctection/src/deepdoctection/__init__.py; packages/deepdoctection/src/deepdoctection/analyzer/__init__.py; packages/deepdoctection/src/deepdoctection/analyzer/config.py; packages/deepdoctection/src/deepdoctection/analyzer/dd.py; packages/deepdoctection/src/deepdoctection/analyzer/factory.py; packages/deepdoctection/src/deepdoctection/configs/__init__.py; packages/deepdoctection/src/deepdoctection/eval/__init__.py; packages/deepdoctection/src/deepdoctection/eval/accmetric.py; packages/deepdoctection/src/deepdoctection/eval/base.py; packages/deepdoctection/src/deepdoctection/eval/cocometric.py; packages/deepdoctection/src/deepdoctection/eval/eval.py; packages/deepdoctection/src/deepdoctection/eval/registry.py; packages/deepdoctection/src/deepdoctection/eval/tedsmetric.py; packages/deepdoctection/src/deepdoctection/extern/__init__.py; packages/deepdoctection/src/deepdoctection/extern/base.py; packages/deepdoctection/src/deepdoctection/extern/d2detect.py; packages/deepdoctection/src/deepdoctection/extern/deskew.py; packages/deepdoctection/src/deepdoctection/extern/doctrocr.py; packages/deepdoctection/src/deepdoctection/extern/hfdetr.py; packages/deepdoctection/src/deepdoctection/extern/hflayoutlm.py; packages/deepdoctection/src/deepdoctection/extern/hflm.py; packages/deepdoctection/src/deepdoctection/extern/model.py; packages/deepdoctection/src/deepdoctection/extern/pdftext.py; packages/deepdoctection/src/deepdoctection/extern/tessocr.py; packages/deepdoctection/src/deepdoctection/extern/texocr.py; packages/deepdoctection/src/deepdoctection/pipe/__init__.py; packages/deepdoctection/src/deepdoctection/pipe/anngen.py; packages/deepdoctection/src/deepdoctection/pipe/base.py; packages/deepdoctection/src/deepdoctection/pipe/common.py; packages/deepdoctection/src/deepdoctection/pipe/concurrency.py; packages/deepdoctection/src/deepdoctection/pipe/doctectionpipe.py; packages/deepdoctection/src/deepdoctection/pipe/language.py; packages/deepdoctection/src/deepdoctection/pipe/layout.py; packages/deepdoctection/src/deepdoctection/pipe/lm.py; packages/deepdoctection/src/deepdoctection/pipe/order.py; packages/deepdoctection/src/deepdoctection/pipe/refine.py; packages/deepdoctection/src/deepdoctection/pipe/registry.py; packages/deepdoctection/src/deepdoctection/pipe/segment.py; packages/deepdoctection/src/deepdoctection/pipe/sub_layout.py; packages/deepdoctection/src/deepdoctection/pipe/text.py; packages/deepdoctection/src/deepdoctection/pipe/transform.py; packages/deepdoctection/src/deepdoctection/train/__init__.py; packages/deepdoctection/src/deepdoctection/train/d2_frcnn_train.py; packages/deepdoctection/src/deepdoctection/train/hf_detr_train.py; packages/deepdoctection/src/deepdoctection/train/hf_layoutlm_train.py; packages/deepdoctection/tests/__init__.py; packages/deepdoctection/tests/analyzer/__init__.py; packages/deepdoctection/tests/analyzer/test_dd.py; packages/deepdoctection/tests/conftest.py; packages/deepdoctection/tests/eval/__init__.py; packages/deepdoctection/tests/eval/conftest.py; packages/deepdoctection/tests/eval/test_accmetric.py; packages/deepdoctection/tests/eval/test_cocometric.py; packages/deepdoctection/tests/eval/test_eval.py; packages/deepdoctection/tests/eval/test_registry.py; packages/deepdoctection/tests/eval/test_tedsmetric.py; packages/deepdoctection/tests/extern/__init__.py; packages/deepdoctection/tests/extern/conftest.py; packages/deepdoctection/tests/extern/test_base.py; packages/deepdoctection/tests/extern/test_d2detect.py; packages/deepdoctection/tests/extern/test_d2detect_integration.py; packages/deepdoctection/tests/extern/test_deskew.py; packages/deepdoctection/tests/extern/test_doctr.py; packages/deepdoctection/tests/extern/test_doctr_integration.py; packages/deepdoctection/tests/extern/test_hfdetr.py; packages/deepdoctection/tests/extern/test_hfdetr_integration.py; packages/deepdoctection/tests/extern/test_hflm.py; packages/deepdoctection/tests/extern/test_hflm_integration.py; packages/deepdoctection/tests/extern/test_layoutlm.py; packages/deepdoctection/tests/extern/test_layoutlm_integration.py; packages/deepdoctection/tests/extern/test_model.py; packages/deepdoctection/tests/extern/test_pdftext.py; packages/deepdoctection/tests/extern/test_tessocr.py; packages/deepdoctection/tests/extern/test_texocr.py; packages/deepdoctection/tests/pipe/__init__.py; packages/deepdoctection/tests/pipe/conftest.py; packages/deepdoctection/tests/pipe/test_anngen.py; packages/deepdoctection/tests/pipe/test_common.py; packages/deepdoctection/tests/pipe/test_doctectionpipe.py; packages/deepdoctection/tests/pipe/test_language.py; packages/deepdoctection/tests/pipe/test_layout.py; packages/deepdoctection/tests/pipe/test_lm.py; packages/deepdoctection/tests/pipe/test_order.py; packages/deepdoctection/tests/pipe/test_refine.py; packages/deepdoctection/tests/pipe/test_segment.py; packages/deepdoctection/tests/pipe/test_sub_layout.py; packages/deepdoctection/tests/pipe/test_text.py; packages/deepdoctection/tests/pipe/test_transform.py; packages/shared_test_utils/src/shared_test_utils/__init__.py; packages/shared_test_utils/src/shared_test_utils/add_asset.py; packages/shared_test_utils/src/shared_test_utils/assets.py; packages/shared_test_utils/src/shared_test_utils/collector.py; scripts/reduce_tp.py; scripts/tp2d2.py; setup.py; tests/__init__.py; tests/analyzer/__init__.py; tests/analyzer/test_dd.py; tests/analyzer/test_dd_legacy.py; tests/conftest.py; tests/data.py; tests/dataflow/__init__.py; tests/dataflow/conftest.py; tests/dataflow/test_common.py; tests/dataflow/test_custom.py; tests/dataflow/test_custom_serialize.py; tests/dataflow/test_parallel_map.py; tests/dataflow/test_stats.py; tests/datapoint/__init__.py; tests/datapoint/conftest.py; tests/datapoint/test_annotation.py; tests/datapoint/test_box.py; tests/datapoint/test_convert.py; tests/datapoint/test_image.py; tests/datapoint/test_view.py; tests/datasets/__init__.py; tests/datasets/instances/__init__.py; tests/datasets/instances/conftest.py; tests/datasets/instances/test_doclaynet.py; tests/datasets/instances/test_fintabnet.py; tests/datasets/instances/test_funsd.py; tests/datasets/instances/test_iiitar13k.py; tests/datasets/instances/test_layouttest.py; tests/datasets/instances/test_publaynet.py; tests/datasets/instances/test_pubtables1m.py; tests/datasets/instances/test_pubtabnet.py; tests/datasets/instances/test_rvlcdip.py; tests/datasets/test_adapter.py; tests/datasets/test_info.py; tests/datasets/test_registry.py; tests/eval/__init__.py; tests/eval/conftest.py; tests/eval/test_accmetric.py; tests/eval/test_cocometric.py; tests/eval/test_eval.py; tests/eval/test_registry.py; tests/eval/test_tedsmetric.py; tests/extern/__init__.py; tests/extern/conftest.py; tests/extern/data.py; tests/extern/test_base.py; tests/extern/test_deskew.py; tests/extern/test_doctrocr.py; tests/extern/test_fastlang.py; tests/extern/test_hfdetr.py; tests/extern/test_hflayoutlm.py; tests/extern/test_hflm.py; tests/extern/test_model.py; tests/extern/test_pdftext.py; tests/extern/test_tessocr.py; tests/extern/test_texocr.py; tests/extern/test_tpdetect.py; tests/mapper/__init__.py; tests/mapper/conftest.py; tests/mapper/data.py; tests/mapper/test_cats.py; tests/mapper/test_cocostruct.py; tests/mapper/test_d2struct.py; tests/mapper/test_hfstruct.py; tests/mapper/test_iiitar13k.py; tests/mapper/test_laylmstruct.py; tests/mapper/test_match.py; tests/mapper/test_misc.py; tests/mapper/test_prodigystruct.py; tests/mapper/test_pubstruct.py; tests/mapper/test_tpstruct.py; tests/mapper/test_utils.py; tests/mapper/test_xfundstruct.py; tests/pipe/__init__.py; tests/pipe/test_anngen.py; tests/pipe/test_common.py; tests/pipe/test_doctectionpipe.py; tests/pipe/test_language.py; tests/pipe/test_layout.py; tests/pipe/test_lm.py; tests/pipe/test_order.py; tests/pipe/test_refine.py; tests/pipe/test_registry.py; tests/pipe/test_segment.py; tests/pipe/test_sub_layout.py; tests/pipe/test_text.py; tests/pipe/test_transform.py; tests/test_utils.py; tests/train/__init__.py; tests/train/conftest.py; tests/train/test_d2_frcnn_train.py; tests/train/test_tp_frcnn_train.py; tests/utils/__init__.py; tests/utils/test_transform.py; tests_d2/__init__.py; tests_d2/conftest.py; tests_d2/test_d2detect.py,.github/workflows/docker.yaml; .github/workflows/package.yaml; .github/workflows/style.yaml; .github/workflows/test_package.yml; .github/workflows/tests.yaml; docker/gpu/Dockerfile; docker/gpu/docker-compose.yaml; docker/pytorch-cpu-jupyter/Dockerfile; docker/pytorch-cpu/Dockerfile; docker/pytorch-gpu/Dockerfile; docker/pytorch-gpu/docker-compose.yaml; packages/dd_core/pyproject.toml; packages/dd_core/requirements.txt; packages/dd_datasets/pyproject.toml; packages/dd_datasets/requirements.txt; packages/deepdoctection/pyproject.toml; packages/deepdoctection/requirements.txt; packages/pyproject.toml; packages/shared_test_utils/pyproject.toml; packages/tox.ini; setup.cfg; setup.py,.github/workflows/test_package.yml,.github/workflows/docker.yaml; .github/workflows/package.yaml; .github/workflows/style.yaml; .github/workflows/test_package.yml; .github/workflows/tests.yaml; docker/gpu/Dockerfile; docker/gpu/docker-compose.yaml; docker/pytorch-cpu-jupyter/Dockerfile; docker/pytorch-cpu/Dockerfile; docker/pytorch-gpu/Dockerfile; docker/pytorch-gpu/docker-compose.yaml; packages/dd_core/pyproject.toml; packages/dd_core/requirements.txt; packages/dd_datasets/pyproject.toml; packages/dd_datasets/requirements.txt; packages/deepdoctection/pyproject.toml; packages/deepdoctection/requirements.txt; packages/pyproject.toml; packages/shared_test_utils/pyproject.toml; packages/tox.ini; setup.cfg; setup.py,,,
d4bd11af36f1830b29f9,deepdoctection/deepdoctection,https://github.com/deepdoctection/deepdoctection,Tests,master,4bd9e77555d95ed67f75aed8bbefa36887ef32a9,65e7d42d03f1e7df875881e8ee54b3b59df41eec,65e7d42d03f1e7df875881e8ee54b3b59df41eec,1,7ce96467deb964046476411a91f14c9ffa504fcb,0d 00:04:16,packages/dd_core/src/dd_core/__init__.py; packages/dd_core/src/dd_core/datapoint/annotation.py; packages/dd_core/src/dd_core/datapoint/image.py; packages/dd_datasets/src/dd_datasets/__init__.py; packages/deepdoctection/src/deepdoctection/__init__.py,packages/dd_core/pyproject.toml; packages/dd_datasets/pyproject.toml; packages/deepdoctection/pyproject.toml,packages/dd_core/pyproject.toml; packages/dd_datasets/pyproject.toml; packages/deepdoctection/pyproject.toml,packages/deepdoctection/pyproject.toml,,,
41810369024ade4e068c,deepdoctection/deepdoctection,https://github.com/deepdoctection/deepdoctection,Tests,version_1.0,bab61b82bd2320a288052ac1e11b238e9c4c0484,8a11c0a234b69afdfab3f89b0e5cb44264e8711b,8a11c0a234b69afdfab3f89b0e5cb44264e8711b,1,957f548c6d67989a2b6eb18e53ad3c09cf8b7d58,1d 01:08:03,packages/dd_core/src/dd_core/__init__.py; packages/dd_core/src/dd_core/datapoint/__init__.py; packages/dd_core/src/dd_core/datapoint/annotation.py; packages/dd_core/src/dd_core/datapoint/box.py; packages/dd_core/src/dd_core/datapoint/image.py; packages/dd_core/src/dd_core/datapoint/view.py; packages/dd_core/src/dd_core/mapper/laylmstruct.py; packages/dd_core/src/dd_core/mapper/pubstruct.py; packages/dd_core/src/dd_core/utils/__init__.py; packages/dd_core/src/dd_core/utils/concurrency.py; packages/dd_core/src/dd_core/utils/env_info.py; packages/dd_core/src/dd_core/utils/error.py; packages/dd_core/src/dd_core/utils/logger.py; packages/dd_core/src/dd_core/utils/pdf_utils.py; packages/dd_core/tests/datapoint/box/test_box_equality.py; packages/dd_datasets/src/dd_datasets/__init__.py; packages/dd_datasets/src/dd_datasets/base.py; packages/deepdoctection/src/deepdoctection/__init__.py; packages/deepdoctection/src/deepdoctection/analyzer/config.py; packages/deepdoctection/src/deepdoctection/analyzer/dd.py; packages/deepdoctection/src/deepdoctection/analyzer/factory.py; packages/deepdoctection/src/deepdoctection/eval/eval.py; packages/deepdoctection/src/deepdoctection/extern/doctrocr.py; packages/deepdoctection/src/deepdoctection/extern/hflayoutlm.py; packages/deepdoctection/src/deepdoctection/extern/hflm.py; packages/deepdoctection/src/deepdoctection/extern/model.py; packages/deepdoctection/src/deepdoctection/extern/texocr.py; packages/deepdoctection/src/deepdoctection/pipe/doctectionpipe.py; packages/deepdoctection/src/deepdoctection/pipe/lm.py; packages/deepdoctection/src/deepdoctection/train/hf_layoutlm_train.py; packages/deepdoctection/tests/extern/test_hflm.py; packages/deepdoctection/tests/extern/test_hflm_integration.py; packages/deepdoctection/tests/extern/test_layoutlm.py; packages/deepdoctection/tests/extern/test_layoutlm_integration.py,.github/workflows/docker.yaml; packages/deepdoctection/pyproject.toml; packages/pyproject.toml,.github/workflows/docker.yaml; packages/deepdoctection/pyproject.toml; packages/pyproject.toml,,,,
4f639b0937ebdbb3c469,deepdoctection/deepdoctection,https://github.com/deepdoctection/deepdoctection,Tests,version_1.0.6,0ce5412b760911ba3b7979d40cf3a7376fd1fff1,330c1aa2da2b84da782fc3f41eb4eba04158620b,330c1aa2da2b84da782fc3f41eb4eba04158620b; 35dbfd113771413fdab6f0a1db040730352bff83,2,376f1cb2daf3efd78d560e040937bc70aa6a72e2,0d 07:52:27,packages/dd_core/src/dd_core/datapoint/annotation.py; packages/dd_core/src/dd_core/datapoint/view.py; packages/dd_core/tests/datapoint/annotation/test_ann_cont.py,packages/pyproject.toml,,,,,
77d9c9b4c2205358abd3,deepdoctection/deepdoctection,https://github.com/deepdoctection/deepdoctection,Tests,version_1.2.6,309400f19e507d35612dad3cff442762d1a2eb09,7ade9875ad5349a21ba20921c51f412e50ad1210,7ade9875ad5349a21ba20921c51f412e50ad1210,1,966c23602874ee3265fd0c9805e042d7839127ec,0d 00:43:18,packages/dd_core/src/dd_core/__init__.py; packages/dd_core/src/dd_core/datapoint/annotation.py; packages/dd_core/src/dd_core/datapoint/view.py; packages/dd_core/src/dd_core/doc.py; packages/dd_core/tests/datapoint/annotation/test_ann_misc.py; packages/dd_core/tests/test_doc.py; packages/dd_datasets/src/dd_datasets/__init__.py; packages/deepdoctection/src/deepdoctection/__init__.py; packages/deepdoctection/src/deepdoctection/pipe/anngen.py; packages/deepdoctection/src/deepdoctection/pipe/refine.py; packages/deepdoctection/src/deepdoctection/pipe/segment.py; packages/deepdoctection/tests/pipe/test_refine.py,docker/gpu/Dockerfile; packages/dd_core/pyproject.toml; packages/dd_datasets/pyproject.toml; packages/deepdoctection/pyproject.toml; packages/pyproject.toml,docker/gpu/Dockerfile; packages/dd_core/pyproject.toml; packages/dd_datasets/pyproject.toml; packages/deepdoctection/pyproject.toml; packages/pyproject.toml,,,,
8e935e9528088c6d9e61,deepdoctection/deepdoctection,https://github.com/deepdoctection/deepdoctection,style,master,003a35e0530466614fcc9490bfd8677a1fc39674,1ec1fd0a13518d73815ef7eb70d7b02d7f697e5f,1ec1fd0a13518d73815ef7eb70d7b02d7f697e5f,1,bf1f1695135ece7a29e849984beb463031995319,0d 00:07:49,deepdoctection/__init__.py; deepdoctection/analyzer/config.py; deepdoctection/datapoint/view.py; deepdoctection/extern/model.py,,,,,,
8b429134324dbf0e4774,deepdoctection/deepdoctection,https://github.com/deepdoctection/deepdoctection,style,master,4bd9e77555d95ed67f75aed8bbefa36887ef32a9,65e7d42d03f1e7df875881e8ee54b3b59df41eec,65e7d42d03f1e7df875881e8ee54b3b59df41eec; 7ce96467deb964046476411a91f14c9ffa504fcb,2,119bbb55a066695c3dc97a4b0467e24eff890ad5,0d 00:09:16,packages/dd_core/src/dd_core/__init__.py; packages/dd_core/src/dd_core/datapoint/annotation.py; packages/dd_core/src/dd_core/datapoint/image.py; packages/dd_datasets/src/dd_datasets/__init__.py; packages/deepdoctection/src/deepdoctection/__init__.py,packages/dd_core/pyproject.toml; packages/dd_datasets/pyproject.toml; packages/deepdoctection/pyproject.toml,packages/dd_core/pyproject.toml; packages/dd_datasets/pyproject.toml; packages/deepdoctection/pyproject.toml,,,,
204897a8d2c3c54179fa,deepdoctection/deepdoctection,https://github.com/deepdoctection/deepdoctection,style,master,4a20ae83cdd66e2002d1a173fb97301ff751cee2,ac65b6b8ae81e52f587740d56968ffb17d02c1c4,ac65b6b8ae81e52f587740d56968ffb17d02c1c4,1,155798f7f5947c56f6d3ac299f3ba1abe336e217,0d 00:13:36,packages/dd_core/src/dd_core/__init__.py; packages/dd_core/src/dd_core/datapoint/view.py; packages/dd_datasets/src/dd_datasets/__init__.py; packages/deepdoctection/src/deepdoctection/__init__.py,.github/workflows/docker.yaml; docker/gpu/Dockerfile; packages/dd_core/pyproject.toml; packages/dd_datasets/pyproject.toml; packages/deepdoctection/pyproject.toml,.github/workflows/docker.yaml; docker/gpu/Dockerfile; packages/dd_core/pyproject.toml; packages/dd_datasets/pyproject.toml; packages/deepdoctection/pyproject.toml,,,,
a5f7ed6ac04bffa7fb4f,deepdoctection/deepdoctection,https://github.com/deepdoctection/deepdoctection,style,master,155798f7f5947c56f6d3ac299f3ba1abe336e217,77c54baeb0e29cc9ab06c1c692e5f69c6f553f24,77c54baeb0e29cc9ab06c1c692e5f69c6f553f24,1,d77c178c1baf98f20401859b554babca9c030339,0d 00:32:07,packages/dd_core/src/dd_core/__init__.py; packages/dd_core/src/dd_core/datapoint/annotation.py; packages/dd_datasets/src/dd_datasets/__init__.py; packages/deepdoctection/src/deepdoctection/__init__.py; packages/deepdoctection/src/deepdoctection/extern/d2detect.py,docker/gpu/Dockerfile; packages/dd_core/pyproject.toml; packages/dd_datasets/pyproject.toml; packages/deepdoctection/pyproject.toml,docker/gpu/Dockerfile; packages/dd_core/pyproject.toml; packages/dd_datasets/pyproject.toml; packages/deepdoctection/pyproject.toml,,,,
af97a7e6c5317afadcdb,deepdoctection/deepdoctection,https://github.com/deepdoctection/deepdoctection,style,master,6d180ba6323a1b2d85051975f2819e8a90ddcf7a,f3487e4935d0caa2996ce99ebfac1c0b315fe564,f3487e4935d0caa2996ce99ebfac1c0b315fe564,1,a2e5e3a0dae7e9b5e909d3e59b2160c4a3776ca9,0d 00:02:00,packages/dd_core/src/dd_core/__init__.py; packages/dd_core/src/dd_core/doc.py; packages/dd_core/src/dd_core/utils/object_types.py; packages/dd_core/src/dd_core/utils/pdf_utils.py; packages/dd_core/tests/test_session_id_removal_integration.py; packages/dd_core/tests/utils/test_object_types.py; packages/dd_datasets/src/dd_datasets/__init__.py; packages/deepdoctection/src/deepdoctection/__init__.py,docker/gpu/Dockerfile; packages/dd_core/pyproject.toml; packages/dd_datasets/pyproject.toml; packages/deepdoctection/pyproject.toml,docker/gpu/Dockerfile; packages/dd_core/pyproject.toml; packages/dd_datasets/pyproject.toml; packages/deepdoctection/pyproject.toml,,,,
3e9bbf546dbccd690bae,deepdoctection/deepdoctection,https://github.com/deepdoctection/deepdoctection,style,master,9dbe9f5843adc3cd1c2d6601bf05a87101f4af70,e7a817e45357a8abd53151dfc8cd8c2c793b4362,e7a817e45357a8abd53151dfc8cd8c2c793b4362,1,9f99563bba623fd876d3305b8ebf3810ac7b9e84,0d 00:10:41,packages/dd_core/src/dd_core/__init__.py; packages/dd_core/src/dd_core/datapoint/__init__.py; packages/dd_core/src/dd_core/datapoint/image.py; packages/dd_core/src/dd_core/doc.py; packages/dd_core/tests/datapoint/image/test_image_extras.py; packages/dd_datasets/src/dd_datasets/__init__.py; packages/deepdoctection/src/deepdoctection/__init__.py; packages/deepdoctection/src/deepdoctection/pipe/anngen.py; packages/deepdoctection/tests/pipe/test_anngen.py,docker/gpu/Dockerfile; packages/dd_core/pyproject.toml; packages/dd_datasets/pyproject.toml; packages/deepdoctection/pyproject.toml; packages/pyproject.toml,docker/gpu/Dockerfile; packages/dd_core/pyproject.toml; packages/dd_datasets/pyproject.toml; packages/deepdoctection/pyproject.toml; packages/pyproject.toml,,,,
9a048e99c3304cd2e5e6,deepdoctection/deepdoctection,https://github.com/deepdoctection/deepdoctection,style,v.0.44.0,515d433a7672e5361620d6cbab0d1a12335ff796,954120960a07dec98e3f64ef9ae7fcab275e48c8,954120960a07dec98e3f64ef9ae7fcab275e48c8,1,50927357cfa98850c8d34f5e9797db00db5c475d,0d 00:00:36,tests/analyzer/test_dd.py,,,,,,
772cbedf3f0f81af796c,deepdoctection/deepdoctection,https://github.com/deepdoctection/deepdoctection,style,version_0.45.1,a431fc1c205d358b84984d3e38fbce6fd5ab8247,e27725892335abc35f408194a0c14b67bce1f6ae,e27725892335abc35f408194a0c14b67bce1f6ae,1,00ea6eca3b50b44abb2b8d85de5e2468d394a0af,0d 00:14:34,deepdoctection/datapoint/box.py; deepdoctection/datapoint/view.py; deepdoctection/pipe/order.py; deepdoctection/pipe/text.py,,,,,,
2086b5809917ed2642ad,deepdoctection/deepdoctection,https://github.com/deepdoctection/deepdoctection,style,version_0.45.1,0547a30d57b8c28739a2fd50335d64a0a7b147d1,f65a7c1fc55ed75dc8cd3cc5580e58f6ed1e33ad,f65a7c1fc55ed75dc8cd3cc5580e58f6ed1e33ad,1,0fc24357b1c675c19b2e47a4f02203139f9b15ae,0d 17:38:44,deepdoctection/datapoint/image.py; deepdoctection/datapoint/view.py; deepdoctection/extern/base.py; deepdoctection/extern/tessocr.py; deepdoctection/pipe/text.py; deepdoctection/pipe/transform.py; deepdoctection/utils/logger.py; deepdoctection/utils/transform.py,,,,,,
627259135ad6ba2a9f0c,deepdoctection/deepdoctection,https://github.com/deepdoctection/deepdoctection,style,version_1.0,55a68e83e67a8105e8ffa08e34c71e8a3bddec26,7ac934c3fb142da9804ddc333770c79b35bee263,7ac934c3fb142da9804ddc333770c79b35bee263,1,f0b044aece68ef7e9dd1eb9386abfb2e61f78b3e,0d 00:03:38,packages/dd_core/tests/datapoint/image/test_image_pdf.py; packages/deepdoctection/tests/extern/test_tessocr.py,.github/workflows/tests.yaml,.github/workflows/tests.yaml,,,,
08d64e3f19a8430fcd31,deepdoctection/deepdoctection,https://github.com/deepdoctection/deepdoctection,style,version_1.2.0,e4cbb35bcc2e9ab942f533be179bee5ff78829e7,fddbee3de436598455cd514b896232897f14a2a8,fddbee3de436598455cd514b896232897f14a2a8; 425140cf4761188716eb545f94b0a611dd8cae5c,2,39d748c948b3b2199c27add1c9dae851fe721939,1d 02:08:20,packages/dd_core/src/dd_core/__init__.py; packages/dd_core/src/dd_core/datapoint/annotation.py; packages/dd_core/src/dd_core/doc.py; packages/dd_core/src/dd_core/utils/env_info.py; packages/dd_core/tests/test_doc.py; packages/dd_datasets/src/dd_datasets/__init__.py; packages/deepdoctection/src/deepdoctection/__init__.py,docker/gpu/Dockerfile; packages/dd_core/pyproject.toml; packages/dd_datasets/pyproject.toml; packages/deepdoctection/pyproject.toml,,docker/gpu/Dockerfile; packages/dd_core/pyproject.toml; packages/dd_datasets/pyproject.toml; packages/deepdoctection/pyproject.toml,,,
ad67ba6d0798d880c0b9,deepdoctection/deepdoctection,https://github.com/deepdoctection/deepdoctection,style,version_1.2.2,aadfbd039dd67d9f0e05a82844987222cafe188f,001cd3e30fabcdb17cbb68a952006cafe371238e,001cd3e30fabcdb17cbb68a952006cafe371238e,1,007fd4b21d971b1049e7b98168ca2dcfe58ee77d,0d 02:00:00,packages/dd_core/src/dd_core/__init__.py; packages/dd_core/src/dd_core/datapoint/annotation.py; packages/dd_core/src/dd_core/datapoint/image.py; packages/dd_core/src/dd_core/datapoint/view.py; packages/dd_core/src/dd_core/doc.py; packages/dd_core/tests/datapoint/annotation/test_ann_cat.py; packages/dd_core/tests/datapoint/annotation/test_session_id_backward_compat.py; packages/dd_core/tests/datapoint/view/test_image_annotation_base_view.py; packages/dd_core/tests/test_session_id_removal_integration.py; packages/dd_datasets/src/dd_datasets/__init__.py; packages/deepdoctection/src/deepdoctection/__init__.py; packages/deepdoctection/src/deepdoctection/pipe/anngen.py; packages/deepdoctection/src/deepdoctection/pipe/base.py; packages/deepdoctection/src/deepdoctection/pipe/common.py; packages/deepdoctection/src/deepdoctection/pipe/doctectionpipe.py,docker/gpu/Dockerfile; packages/dd_core/pyproject.toml; packages/dd_datasets/pyproject.toml; packages/deepdoctection/pyproject.toml,docker/gpu/Dockerfile; packages/dd_core/pyproject.toml; packages/dd_datasets/pyproject.toml; packages/deepdoctection/pyproject.toml,,,,
811bcc97e7f1320162d1,deepdoctection/deepdoctection,https://github.com/deepdoctection/deepdoctection,Publish Docker image,master,0ccc7ee7a1739b03445085c2a3c40abd2b3e415d,4a20ae83cdd66e2002d1a173fb97301ff751cee2,4a20ae83cdd66e2002d1a173fb97301ff751cee2; 155798f7f5947c56f6d3ac299f3ba1abe336e217,2,d77c178c1baf98f20401859b554babca9c030339,1d 17:27:37,packages/dd_core/__init__.py; packages/dd_core/src/dd_core/__init__.py; packages/dd_core/src/dd_core/datapoint/annotation.py; packages/dd_core/src/dd_core/datapoint/image.py; packages/dd_core/src/dd_core/datapoint/view.py; packages/dd_core/src/dd_core/utils/env_info.py; packages/dd_core/src/dd_core/utils/file_utils.py; packages/dd_core/tests/datapoint/conftest.py; packages/dd_core/tests/mapper/conftest.py; packages/dd_datasets/src/dd_datasets/__init__.py; packages/deepdoctection/src/deepdoctection/__init__.py; packages/deepdoctection/src/deepdoctection/extern/d2detect.py,.github/workflows/docker.yaml; docker/gpu/Dockerfile; docs/requirements.txt; packages/dd_core/pyproject.toml; packages/dd_datasets/pyproject.toml; packages/deepdoctection/pyproject.toml,docker/gpu/Dockerfile; docs/requirements.txt; packages/dd_core/pyproject.toml; packages/dd_datasets/pyproject.toml; packages/deepdoctection/pyproject.toml,docker/gpu/Dockerfile; packages/dd_core/pyproject.toml; packages/dd_datasets/pyproject.toml; packages/deepdoctection/pyproject.toml,,,
6176b0b3aa2dae52321d,deepdoctection/deepdoctection,https://github.com/deepdoctection/deepdoctection,Publish Docker image,master,fb4bbb0176d4686eb2023a1c7334c8ed7875eced,092b1affff0281c6fcc5fc830bdd7c8e024f72fe,092b1affff0281c6fcc5fc830bdd7c8e024f72fe,1,092b1affff0281c6fcc5fc830bdd7c8e024f72fe,0d 00:57:38,packages/dd_core/src/dd_core/__init__.py; packages/dd_core/src/dd_core/dataflow/custom_serialize.py; packages/dd_core/src/dd_core/datapoint/annotation.py; packages/dd_core/src/dd_core/datapoint/view.py; packages/dd_core/src/dd_core/mapper/maputils.py; packages/dd_core/src/dd_core/mapper/misc.py; packages/dd_core/src/dd_core/utils/env_info.py; packages/dd_datasets/src/dd_datasets/__init__.py; packages/deepdoctection/src/deepdoctection/__init__.py; packages/deepdoctection/src/deepdoctection/extern/hfdetr.py; packages/deepdoctection/src/deepdoctection/extern/hflm.py; packages/deepdoctection/src/deepdoctection/pipe/base.py; packages/deepdoctection/src/deepdoctection/pipe/doctectionpipe.py; packages/deepdoctection/src/deepdoctection/pipe/order.py; packages/deepdoctection/src/deepdoctection/train/hf_detr_train.py; packages/deepdoctection/tests/eval/test_eval.py; packages/shared_test_utils/src/shared_test_utils/assets.py; packages/shared_test_utils/src/shared_test_utils/collector.py,docker/gpu/Dockerfile; packages/dd_core/pyproject.toml; packages/dd_datasets/pyproject.toml; packages/deepdoctection/pyproject.toml,docker/gpu/Dockerfile; packages/dd_core/pyproject.toml; packages/dd_datasets/pyproject.toml; packages/deepdoctection/pyproject.toml,,,,
a1222223c677adb87ddb,deepdoctection/deepdoctection,https://github.com/deepdoctection/deepdoctection,Publish Docker image,master,9dbe9f5843adc3cd1c2d6601bf05a87101f4af70,9f99563bba623fd876d3305b8ebf3810ac7b9e84,9f99563bba623fd876d3305b8ebf3810ac7b9e84,1,55ee533d8e5cd11d7a459809f9624c1580e03be6,8d 22:05:49,packages/dd_core/src/dd_core/__init__.py; packages/dd_core/src/dd_core/datapoint/__init__.py; packages/dd_core/src/dd_core/datapoint/image.py; packages/dd_core/src/dd_core/doc.py; packages/dd_core/tests/datapoint/image/test_image_extras.py; packages/dd_datasets/src/dd_datasets/__init__.py; packages/deepdoctection/src/deepdoctection/__init__.py; packages/deepdoctection/src/deepdoctection/pipe/anngen.py; packages/deepdoctection/tests/pipe/test_anngen.py,.github/workflows/tests.yaml; docker/gpu/Dockerfile; packages/dd_core/pyproject.toml; packages/dd_datasets/pyproject.toml; packages/deepdoctection/pyproject.toml; packages/pyproject.toml; packages/tox.ini,docker/gpu/Dockerfile; packages/dd_core/pyproject.toml; packages/dd_datasets/pyproject.toml; packages/deepdoctection/pyproject.toml; packages/pyproject.toml,.github/workflows/tests.yaml; docker/gpu/Dockerfile; packages/dd_core/pyproject.toml; packages/dd_datasets/pyproject.toml; packages/deepdoctection/pyproject.toml; packages/tox.ini,,,
20061c4c3d44b0c4c1b6,huggingface/accelerate,https://github.com/huggingface/accelerate,Quality Check,device_mesh-guard,4fb6cff23f775f3e1d2d6efc801d8133bc82ff74,0422db7e1040518ea3278459b009ee44a66292e8,0422db7e1040518ea3278459b009ee44a66292e8,1,4cda0868c697eee8aef25d17561b29812233dd61,0d 00:14:31,src/accelerate/parallelism_config.py; tests/test_dataclasses.py,,,,,,
760a67831f86a7f0107b,huggingface/accelerate,https://github.com/huggingface/accelerate,Quality Check,device_mesh_parallelism_config,c80aae08e84263e69a574cf74db0e8bf3178fe79,c8a2ae567e128d4e3db3cbfa73c313c8ebd59a95,c8a2ae567e128d4e3db3cbfa73c313c8ebd59a95; ec59f84d6659208982df230ef393e80b977e2e07,2,c570f7c362f4c06058cee78b261dd1f890280632,0d 00:38:29,src/accelerate/parallelism_config.py; tests/test_dataclasses.py,,,,,,
580c5e5d3fdb97686065,huggingface/accelerate,https://github.com/huggingface/accelerate,Quality Check,feat-trainer-nd-parallel,c874c37d37fd1bfd5ab3faf016a54a5afb7673f0,638759bba33c45e93308049f8819a2a01f57b22f,638759bba33c45e93308049f8819a2a01f57b22f,1,83afaf4aab426e53206763b3e9fdf7bbcec9d698,0d 22:15:05,examples/torch_native_parallelism/fsdp2_fp8.py; examples/torch_native_parallelism/nd_parallel_trainer.py; examples/torch_native_parallelism/utils.py,,,,,,
1c43cd529f402cea7e42,huggingface/accelerate,https://github.com/huggingface/accelerate,Quality Check,feat/context-parallel,1daa26b12f7fe3526e68e6c2865fd7a9746543ee,1593bc9fe02718817bea2b7f6da19575822a1fbb,1593bc9fe02718817bea2b7f6da19575822a1fbb,1,e7dc541aed9bf2678ba57681b90f7034842dee2a,0d 00:04:08,examples/fsdp2/nd_parallel.py; examples/fsdp2/utils.py,,,,,,
bfdd1d61a4e84ce65c87,huggingface/accelerate,https://github.com/huggingface/accelerate,Quality Check,feat/context-parallel,e7dc541aed9bf2678ba57681b90f7034842dee2a,fbeb303b37980efb65f9bcc84ac0a1d1ac619436,fbeb303b37980efb65f9bcc84ac0a1d1ac619436,1,b2e3be1eeba511232f87c7b45fdc4d78379bf2b8,0d 00:03:05,examples/fsdp2/nd_parallel_prepared_device_mesh.py; src/accelerate/accelerator.py; src/accelerate/commands/launch.py; src/accelerate/state.py; src/accelerate/utils/dataclasses.py; src/accelerate/utils/launch.py,,,,,,
547fa605cace62fa2a33,huggingface/accelerate,https://github.com/huggingface/accelerate,Quality Check,fix-is-initialized-bnb,81b2681a850181fa313f1482b740b3e1be131ca0,ca53b926b6290dcc51508807e2ea35bb434e5c2b,ca53b926b6290dcc51508807e2ea35bb434e5c2b,1,b91dc6faa7ab6bb7b4e90cf5ec4608a64bc50d9b,0d 00:09:09,src/accelerate/utils/modeling.py,,,,,,
6688ccf5e3798fbf53b8,huggingface/accelerate,https://github.com/huggingface/accelerate,Quality Check,fix-tests,eb334a23bd023f984a2d54db11731f207652d566,9fa6d872fa600e48ef94f9966d3c4af0a4e4a331,9fa6d872fa600e48ef94f9966d3c4af0a4e4a331,1,fcffbc82e757f88997c6ca83eb7acebea708e3e0,0d 00:15:31,src/accelerate/test_utils/scripts/external_deps/test_ds_multiple_model.py,.github/workflows/build-docker-images-release.yml,,.github/workflows/build-docker-images-release.yml,,,
4eee3738257c4d692b2a,huggingface/accelerate,https://github.com/huggingface/accelerate,Run Tests,alst-integration,a3969042ca853b41b93069e637b925e5297a2ee5,a2388cdb873ddd35452ea2acb26f86f30499440a,a2388cdb873ddd35452ea2acb26f86f30499440a; e6e243f36178a533ab32bb4b6e01f4557470574e,2,380747cabf6f9bc65c73218044146a892ac522c1,12d 17:13:45,examples/alst_ulysses_sequence_parallelism/cp-alst.py; src/accelerate/accelerator.py; src/accelerate/commands/launch.py; src/accelerate/parallelism_config.py; src/accelerate/state.py; src/accelerate/test_utils/scripts/external_deps/test_ds_alst_ulysses_sp.py; src/accelerate/utils/dataclasses.py; src/accelerate/utils/launch.py; tests/deepspeed/test_alst_ulysses_sp.py; tests/test_dataclasses.py,,,,,,
5dc45ea4e5f9320889f4,huggingface/accelerate,https://github.com/huggingface/accelerate,Run Tests,feat-trainer-nd-parallel,c874c37d37fd1bfd5ab3faf016a54a5afb7673f0,638759bba33c45e93308049f8819a2a01f57b22f,638759bba33c45e93308049f8819a2a01f57b22f,1,83afaf4aab426e53206763b3e9fdf7bbcec9d698,0d 22:15:05,examples/torch_native_parallelism/fsdp2_fp8.py; examples/torch_native_parallelism/nd_parallel_trainer.py; examples/torch_native_parallelism/utils.py,,,,,,
307895626490aab545f4,huggingface/accelerate,https://github.com/huggingface/accelerate,Run Tests,feat/context-parallel,352873f93190423393218107091fda29d323a4f7,bcc3b295dcfcb8c94fb40391afd24a704b318c6a,bcc3b295dcfcb8c94fb40391afd24a704b318c6a,1,1188e8b82193205f2d0206633c515f116287a42b,0d 00:13:52,src/accelerate/accelerator.py; src/accelerate/big_modeling.py; src/accelerate/utils/dataclasses.py; tests/test_dataclasses.py,,,,,,
5118070869ed6c801104,huggingface/accelerate,https://github.com/huggingface/accelerate,Run Tests,feat/context-parallel,1daa26b12f7fe3526e68e6c2865fd7a9746543ee,1593bc9fe02718817bea2b7f6da19575822a1fbb,1593bc9fe02718817bea2b7f6da19575822a1fbb,1,e7dc541aed9bf2678ba57681b90f7034842dee2a,0d 00:04:08,examples/fsdp2/nd_parallel.py; examples/fsdp2/utils.py,,,,,,
6777f57eb24f15e76187,huggingface/accelerate,https://github.com/huggingface/accelerate,Run Tests,feat/context-parallel,e7dc541aed9bf2678ba57681b90f7034842dee2a,fbeb303b37980efb65f9bcc84ac0a1d1ac619436,fbeb303b37980efb65f9bcc84ac0a1d1ac619436,1,b2e3be1eeba511232f87c7b45fdc4d78379bf2b8,0d 00:03:05,examples/fsdp2/nd_parallel_prepared_device_mesh.py; src/accelerate/accelerator.py; src/accelerate/commands/launch.py; src/accelerate/state.py; src/accelerate/utils/dataclasses.py; src/accelerate/utils/launch.py,,,,,,
725a6a06de0e28cd7797,huggingface/accelerate,https://github.com/huggingface/accelerate,Run Tests,fix-all-tests,56f71b1818503b4521fcba170fca2264f2604346,ccf8a8a0e1eea83ade81a7c0889d7580efc7bdeb,ccf8a8a0e1eea83ade81a7c0889d7580efc7bdeb; 5ca6e8e45e54807443c88bbf4928dadf9a7a5d2c; e8350e8ec138c633cfe9a727213a0c519b6bd369,3,694eee89736bf47580067a9ee9dc233aa6b1b362,0d 00:53:43,setup.py; src/accelerate/launchers.py; src/accelerate/test_utils/scripts/external_deps/test_peak_memory_usage.py; src/accelerate/test_utils/scripts/test_sync.py,.github/workflows/nightly.yml; setup.py,,,,,
82e31f990df180f3d4cc,huggingface/accelerate,https://github.com/huggingface/accelerate,Run Tests,fix-tests,eb334a23bd023f984a2d54db11731f207652d566,9fa6d872fa600e48ef94f9966d3c4af0a4e4a331,9fa6d872fa600e48ef94f9966d3c4af0a4e4a331,1,fcffbc82e757f88997c6ca83eb7acebea708e3e0,0d 00:15:31,src/accelerate/test_utils/scripts/external_deps/test_ds_multiple_model.py,.github/workflows/build-docker-images-release.yml,,.github/workflows/build-docker-images-release.yml,,,
c2b8b030de9ac6e84692,huggingface/accelerate,https://github.com/huggingface/accelerate,Run Tests,main,d18d018a62de41bb8e04f2ef81ed497eaf389eb9,7b09246a05506b1c968c9ad08b67ea1160120a0f,7b09246a05506b1c968c9ad08b67ea1160120a0f,1,6d1b97d83f8f68fb3a0e4f8afb74224e578fe752,4d 04:50:46,examples/torch_native_parallelism/nd_parallel_trainer.py; examples/torch_native_parallelism/utils.py; src/accelerate/accelerator.py; src/accelerate/commands/config/update.py; src/accelerate/commands/launch.py; src/accelerate/commands/to_fsdp2.py; src/accelerate/data_loader.py; src/accelerate/state.py; src/accelerate/test_utils/scripts/external_deps/test_peak_memory_usage.py; src/accelerate/test_utils/scripts/test_ops.py; src/accelerate/test_utils/testing.py; src/accelerate/tracking.py; src/accelerate/utils/bnb.py; src/accelerate/utils/dataclasses.py; src/accelerate/utils/environment.py; src/accelerate/utils/fsdp_utils.py; src/accelerate/utils/imports.py; src/accelerate/utils/megatron_lm.py; src/accelerate/utils/operations.py; tests/fsdp/test_fsdp.py; tests/test_cli.py,,,,,,
1e60e0918497d758bc8b,huggingface/accelerate,https://github.com/huggingface/accelerate,Run Tests,remove-parallelismconfig-in-partialstate,da4bb9efdeeaeaafcee4202567f619f2e4d32c99,e8cf04de57c3a831b335e162e0fc94cdebfbb233,e8cf04de57c3a831b335e162e0fc94cdebfbb233; e217ffc6431ccd69d47a37e02006c002d7f8f4e1,2,29a6fd360f1feeeadb66103ec048fa869dfd117d,0d 00:21:57,src/accelerate/accelerator.py; src/accelerate/parallelism_config.py; src/accelerate/state.py; src/accelerate/utils/launch.py,,,,,,
0367650b60aeb8dd417f,huggingface/accelerate,https://github.com/huggingface/accelerate,Run Tests,test/doc-bucket-push,913c203ba259a7af2af2eee8aa870a5b268850f4,38ae3ace981ce915dbcb20de1659954e8d9d68d9,38ae3ace981ce915dbcb20de1659954e8d9d68d9,1,6344092f96849983967c20fb36b70cca91319ab4,0d 00:27:13,,.github/workflows/upload_pr_documentation.yml,.github/workflows/upload_pr_documentation.yml,.github/workflows/upload_pr_documentation.yml,,,
5e26a273fe2fa86f7bb7,huggingface/accelerate,https://github.com/huggingface/accelerate,Build documentation,main,a89f2018e973034b395855ae1ce0e9e096869784,cdb2d1ffdd5287a15b926ed2ab069ac071dbbcfb,cdb2d1ffdd5287a15b926ed2ab069ac071dbbcfb; 758f3b18c74348e06f9edaf87c0d65c2be7e5385,2,4f8db612ff7a7715b5cfdf76f21c5c493fecbcf3,0d 22:33:05,src/accelerate/big_modeling.py; src/accelerate/utils/fsdp_utils.py,,,,,,
ef7e9ec898dbe1e35e05,huggingface/accelerate,https://github.com/huggingface/accelerate,Build documentation,main,4f8db612ff7a7715b5cfdf76f21c5c493fecbcf3,36479b8801625b1bb03fc85da87e187efa40fa51,36479b8801625b1bb03fc85da87e187efa40fa51; 38dadd9537d3cb43e3149964c06a3f011b40aa6d,2,08e212a322b3f1faefbf4669fccbd6964bb0a0a8,13d 19:42:27,src/accelerate/accelerator.py; src/accelerate/big_modeling.py; src/accelerate/parallelism_config.py,,,,,,
ef97eb272795e65b5682,huggingface/accelerate,https://github.com/huggingface/accelerate,Build documentation,main,60b5c258ac963d157610b47b3d779c0b1f246b47,d1d2bba464de5c8fd4d967b6881323be043cb4e7,d1d2bba464de5c8fd4d967b6881323be043cb4e7,1,917e2a9e37ba320c5800f11999f5c399508ed252,1d 23:23:02,src/accelerate/accelerator.py; src/accelerate/commands/launch.py; src/accelerate/test_utils/scripts/external_deps/test_performance.py; src/accelerate/utils/__init__.py; src/accelerate/utils/fsdp_utils.py; src/accelerate/utils/other.py; tests/fsdp/test_fsdp.py,,,,,,
13d0f42772ea163978d1,huggingface/accelerate,https://github.com/huggingface/accelerate,Build documentation,main,a2e5292fe65267a131e0dededa0191d1bad44e80,3f1acf85828b2789d5eade233dc8e963a04bece8,3f1acf85828b2789d5eade233dc8e963a04bece8,1,418015aae8583986c136a254cf3b51ca7335ddff,0d 00:00:20,tests/test_modeling_utils.py,.github/workflows/build-docker-images-release.yml; .github/workflows/build_and_run_tests.yml; .github/workflows/build_docker_images.yml; .github/workflows/build_documentation.yml; .github/workflows/build_pr_documentation.yml; .github/workflows/trufflehog.yml; .github/workflows/upload_pr_documentation.yml,.github/workflows/build-docker-images-release.yml; .github/workflows/build_and_run_tests.yml; .github/workflows/build_docker_images.yml; .github/workflows/build_documentation.yml; .github/workflows/build_pr_documentation.yml; .github/workflows/trufflehog.yml; .github/workflows/upload_pr_documentation.yml,,,,
728fae2ed24340763889,huggingface/accelerate,https://github.com/huggingface/accelerate,Build documentation,main,67bf4d644f65be28cbba615762578130a849f239,fb77442677c85f6ebcd7a226588f60046cd6b301,fb77442677c85f6ebcd7a226588f60046cd6b301,1,2f87576d329d12128c819b3f9e681fbe8c5d21de,10d 03:09:34,src/accelerate/big_modeling.py; tests/test_big_modeling.py; tests/test_cli.py,,,,,,
87b686c1b86793dcf04a,huggingface/accelerate,https://github.com/huggingface/accelerate,Build documentation,main,16cb6eb80dd9aa8b4df1a63ef57863e455d53b83,dc78670cf2ae51ac18f876558a021ea73b5e4c2c,dc78670cf2ae51ac18f876558a021ea73b5e4c2c,1,fc3d11b6ed75f36275694e7ae87211a64cb626e8,0d 00:00:57,examples/by_feature/fsdp_with_peak_mem_tracking.py; examples/complete_cv_example.py,.github/workflows/build-docker-images-release.yml; .github/workflows/build_and_run_tests.yml; .github/workflows/build_documentation.yml; .github/workflows/build_pr_documentation.yml; .github/workflows/gaudi3_scheduled.yml; .github/workflows/integration_tests.yml; .github/workflows/pr_style_bot.yml; .github/workflows/quality.yml; .github/workflows/stale.yml; .github/workflows/test.yml; .github/workflows/test_imports.yml; .github/workflows/trufflehog.yml; .github/workflows/upload_pr_documentation.yml,,.github/workflows/build-docker-images-release.yml; .github/workflows/build_and_run_tests.yml; .github/workflows/build_documentation.yml; .github/workflows/build_pr_documentation.yml; .github/workflows/gaudi3_scheduled.yml; .github/workflows/integration_tests.yml; .github/workflows/pr_style_bot.yml; .github/workflows/quality.yml; .github/workflows/stale.yml; .github/workflows/test.yml; .github/workflows/test_imports.yml; .github/workflows/trufflehog.yml; .github/workflows/upload_pr_documentation.yml,,,
b03d47b59dced070336b,huggingface/accelerate,https://github.com/huggingface/accelerate,Build documentation,main,2b55f5a2a3a5b57003b12cb9fc5019667269ba2a,bd204169b4412c059d40318c455fe8a826374bd1,bd204169b4412c059d40318c455fe8a826374bd1,1,2ab9b2cc91b7e3da83cc0e8fe184753c785b5f47,0d 16:38:57,src/accelerate/accelerator.py; src/accelerate/big_modeling.py; src/accelerate/commands/launch.py; src/accelerate/utils/dataclasses.py; src/accelerate/utils/fsdp_utils.py; src/accelerate/utils/launch.py; tests/test_activation_checkpointing_offload.py; tests/test_big_modeling.py,,,,,,
7e46632a6298ed23137c,huggingface/accelerate,https://github.com/huggingface/accelerate,Build PR Documentation,feat/context-parallel,43dae9ed0ec94611b5ae7714d8a748415934dc4f,3dd3c746d56f0a2e6567d3e8bc1837b2d31f521a,3dd3c746d56f0a2e6567d3e8bc1837b2d31f521a,1,d51010cf03c494e18e5fdb9ecfa884add1683fff,0d 00:10:39,src/accelerate/accelerator.py; src/accelerate/big_modeling.py; src/accelerate/utils/constants.py; src/accelerate/utils/dataclasses.py,,,,,,
614b547c3062556c2919,huggingface/accelerate,https://github.com/huggingface/accelerate,Build PR Documentation,fix-implicit-padding,e81785aafcaf1c365a6dba0184c64391cf667e96,8b69e9f1fccc0bd15247d10aa343b2a03fd52aa2,8b69e9f1fccc0bd15247d10aa343b2a03fd52aa2,1,2a55a1a0fb51a0c3c77acfb4330325abd4b17732,0d 00:07:38,src/accelerate/hooks.py; src/accelerate/launchers.py; src/accelerate/state.py; src/accelerate/test_utils/scripts/test_notebook.py; src/accelerate/tracking.py; src/accelerate/utils/__init__.py; src/accelerate/utils/bnb.py; src/accelerate/utils/dataclasses.py; src/accelerate/utils/environment.py; src/accelerate/utils/imports.py; src/accelerate/utils/modeling.py; tests/test_accelerator.py; tests/test_load_checkpoint_and_dispatch_with_broadcast.py; tests/test_modeling_utils.py; tests/test_tracking.py; tests/test_utils.py,.github/workflows/nightly.yml,.github/workflows/nightly.yml,,,,
4b35787d65ef9de466dd,huggingface/accelerate,https://github.com/huggingface/accelerate,Build PR Documentation,fix-tests,a9e59e7da173a3ec07b39a490525260f2d3698bd,83964d7a8927965239b7b6c4adffbbb8503250d1,83964d7a8927965239b7b6c4adffbbb8503250d1,1,eb334a23bd023f984a2d54db11731f207652d566,0d 00:17:52,tests/test_compile.py,,setup.py,setup.py,,,
7e4ed078a622493fd18f,huggingface/accelerate,https://github.com/huggingface/accelerate,Build PR Documentation,remove-parallelismconfig-in-partialstate,da4bb9efdeeaeaafcee4202567f619f2e4d32c99,e8cf04de57c3a831b335e162e0fc94cdebfbb233,e8cf04de57c3a831b335e162e0fc94cdebfbb233,1,e217ffc6431ccd69d47a37e02006c002d7f8f4e1,0d 00:07:51,src/accelerate/accelerator.py; src/accelerate/parallelism_config.py; src/accelerate/utils/launch.py,,,,,,
0399de7477ff650ffeab,huggingface/accelerate,https://github.com/huggingface/accelerate,Stale Bot,main,0e4419b34724114f6530904c25cc21e83c0b509d,0e4419b34724114f6530904c25cc21e83c0b509d,0e4419b34724114f6530904c25cc21e83c0b509d,1,9f9c490c6ba01f598fb80b696e8b7ddaba9b2819,0d 23:59:37,examples/nlp_example.py; src/accelerate/accelerator.py; src/accelerate/utils/operations.py,,,,,,
1a17cdc75a03a3f586cd,huggingface/accelerate,https://github.com/huggingface/accelerate,Stale Bot,main,8b4c216b176e7462848d8e6c513ed72d8ea2efe2,1e1ffd41e2cfddc2d97b04345a0b4201e07790b2,1e1ffd41e2cfddc2d97b04345a0b4201e07790b2,1,46ba4818cca2103195d7b953779c63ee4027ce61,1d 00:00:21,,,,,,,
c454a94b62e4ec621575,huggingface/accelerate,https://github.com/huggingface/accelerate,Stale Bot,main,16cb6eb80dd9aa8b4df1a63ef57863e455d53b83,16cb6eb80dd9aa8b4df1a63ef57863e455d53b83,16cb6eb80dd9aa8b4df1a63ef57863e455d53b83,1,16cb6eb80dd9aa8b4df1a63ef57863e455d53b83,0d 23:29:23,,,,,,,
2c1ceafd553c457f7390,huggingface/accelerate,https://github.com/huggingface/accelerate,Stale Bot,main,16cb6eb80dd9aa8b4df1a63ef57863e455d53b83,16cb6eb80dd9aa8b4df1a63ef57863e455d53b83,16cb6eb80dd9aa8b4df1a63ef57863e455d53b83,1,7fccde20d2a7a1242633ce6912dcab584738c918,1d 00:01:54,examples/by_feature/fsdp_with_peak_mem_tracking.py; examples/complete_cv_example.py,.github/workflows/build-docker-images-release.yml; .github/workflows/build_and_run_tests.yml; .github/workflows/build_documentation.yml; .github/workflows/build_pr_documentation.yml; .github/workflows/gaudi3_scheduled.yml; .github/workflows/integration_tests.yml; .github/workflows/pr_style_bot.yml; .github/workflows/quality.yml; .github/workflows/stale.yml; .github/workflows/test.yml; .github/workflows/test_imports.yml; .github/workflows/trufflehog.yml; .github/workflows/upload_pr_documentation.yml,,.github/workflows/build-docker-images-release.yml; .github/workflows/build_and_run_tests.yml; .github/workflows/build_documentation.yml; .github/workflows/build_pr_documentation.yml; .github/workflows/gaudi3_scheduled.yml; .github/workflows/integration_tests.yml; .github/workflows/pr_style_bot.yml; .github/workflows/quality.yml; .github/workflows/stale.yml; .github/workflows/test.yml; .github/workflows/test_imports.yml; .github/workflows/trufflehog.yml; .github/workflows/upload_pr_documentation.yml,,,
e8a1302259c214a0b5de,huggingface/accelerate,https://github.com/huggingface/accelerate,Build Docker images (scheduled),main,2f075c724ccb4e38fade64db3b0627ca167b5fd2,9359a0194f210624f1e6e85c3d838fdd55c11152,9359a0194f210624f1e6e85c3d838fdd55c11152; 9359a0194f210624f1e6e85c3d838fdd55c11152; 9359a0194f210624f1e6e85c3d838fdd55c11152; cb343c63d7736baf082739393e52c9c1edcdf676; cb343c63d7736baf082739393e52c9c1edcdf676; cb343c63d7736baf082739393e52c9c1edcdf676; 6891c57072295eec14d9866ca34472d59708db9c; c0a3aefea8aa5008a0fbf55b049bd3f0efa9cbf2; 23cf4ef8a3b58f016f63eeb158b4aa2c3e79fe6f; 23cf4ef8a3b58f016f63eeb158b4aa2c3e79fe6f; 23cf4ef8a3b58f016f63eeb158b4aa2c3e79fe6f; 23cf4ef8a3b58f016f63eeb158b4aa2c3e79fe6f; 23cf4ef8a3b58f016f63eeb158b4aa2c3e79fe6f; 23cf4ef8a3b58f016f63eeb158b4aa2c3e79fe6f; 23cf4ef8a3b58f016f63eeb158b4aa2c3e79fe6f; 23cf4ef8a3b58f016f63eeb158b4aa2c3e79fe6f; 23cf4ef8a3b58f016f63eeb158b4aa2c3e79fe6f; 23cf4ef8a3b58f016f63eeb158b4aa2c3e79fe6f; 23cf4ef8a3b58f016f63eeb158b4aa2c3e79fe6f; 7c25f696b87e0f82cdb915cdba3945cce3ded0bc; 7c25f696b87e0f82cdb915cdba3945cce3ded0bc; 7c25f696b87e0f82cdb915cdba3945cce3ded0bc; 979d81e4a92d08861f34fa6fbb66480b20771e76; 5dd3d0b6901983bcb6de1b69687333a324382524; 5dd3d0b6901983bcb6de1b69687333a324382524; 5dd3d0b6901983bcb6de1b69687333a324382524; 5dd3d0b6901983bcb6de1b69687333a324382524; 7b981788cae0bd2fd742776bfe9d3587e87898c7; 3b67c21696de50fe2cc0fd618e4d729cd40caff2; 0e4419b34724114f6530904c25cc21e83c0b509d; 0e4419b34724114f6530904c25cc21e83c0b509d; 0e4419b34724114f6530904c25cc21e83c0b509d,32,0e4419b34724114f6530904c25cc21e83c0b509d,31d 23:59:34,examples/fsdp2/fsdp2_fp8.py; examples/torch_native_parallelism/fsdp2_fp8.py; examples/torch_native_parallelism/nd_parallel.py; examples/torch_native_parallelism/nd_parallel_trainer.py; examples/torch_native_parallelism/utils.py; setup.py; src/accelerate/__init__.py; src/accelerate/accelerator.py; src/accelerate/big_modeling.py; src/accelerate/commands/config/cluster.py; src/accelerate/commands/config/config_args.py; src/accelerate/commands/launch.py; src/accelerate/data_loader.py; src/accelerate/hooks.py; src/accelerate/parallelism_config.py; src/accelerate/state.py; src/accelerate/test_utils/__init__.py; src/accelerate/test_utils/scripts/external_deps/test_ds_multiple_model.py; src/accelerate/test_utils/scripts/external_deps/test_performance.py; src/accelerate/test_utils/scripts/test_script.py; src/accelerate/test_utils/testing.py; src/accelerate/utils/__init__.py; src/accelerate/utils/constants.py; src/accelerate/utils/dataclasses.py; src/accelerate/utils/fsdp_utils.py; src/accelerate/utils/imports.py; src/accelerate/utils/launch.py; src/accelerate/utils/modeling.py; src/accelerate/utils/transformer_engine.py; tests/fsdp/test_fsdp.py; tests/test_accelerator.py; tests/test_compile.py; tests/test_dataclasses.py; tests/test_examples.py; tests/test_fp8.py; tests/test_hooks.py; tests/test_launch.py; tests/test_multigpu.py,.github/workflows/build-docker-images-release.yml; .github/workflows/self_hosted_integration_tests.yml; setup.py,,,,,
eece12f7a42ab93aacd5,huggingface/accelerate,https://github.com/huggingface/accelerate,Build Docker images (scheduled),main,9f9c490c6ba01f598fb80b696e8b7ddaba9b2819,9f9c490c6ba01f598fb80b696e8b7ddaba9b2819,9f9c490c6ba01f598fb80b696e8b7ddaba9b2819,1,62ede1ed2ab82d5784e392d7756436e6d718385d,0d 23:59:27,,,,,,,
d010fa0eacf1e17f9f9e,huggingface/accelerate,https://github.com/huggingface/accelerate,Build Docker images (scheduled),main,a12beee389f6bd37cfae0aba233db03f375f7f80,a12beee389f6bd37cfae0aba233db03f375f7f80,a12beee389f6bd37cfae0aba233db03f375f7f80,1,a12beee389f6bd37cfae0aba233db03f375f7f80,1d 00:00:58,,,,,,,
bda396d777a41ee70465,huggingface/accelerate,https://github.com/huggingface/accelerate,Build Docker images (scheduled),main,fa6e13d07f57e465400dc59395f0e746d58e9e62,fa6e13d07f57e465400dc59395f0e746d58e9e62,fa6e13d07f57e465400dc59395f0e746d58e9e62,1,fa6e13d07f57e465400dc59395f0e746d58e9e62,1d 00:01:17,,,,,,,
c01cb4492899cea218f9,huggingface/accelerate,https://github.com/huggingface/accelerate,Build Docker images (scheduled),main,db8835cc150c116f359122e6bc9dd66a9e480c37,db8835cc150c116f359122e6bc9dd66a9e480c37,db8835cc150c116f359122e6bc9dd66a9e480c37; db8835cc150c116f359122e6bc9dd66a9e480c37,2,db8835cc150c116f359122e6bc9dd66a9e480c37,1d 23:58:05,,,,,,,
507a3d3fdc20b5fa8ff5,huggingface/accelerate,https://github.com/huggingface/accelerate,Build Docker images (scheduled),main,b7f2212e54b960a731fb786dac7afc574a7d1fa4,b7f2212e54b960a731fb786dac7afc574a7d1fa4,b7f2212e54b960a731fb786dac7afc574a7d1fa4; b7f2212e54b960a731fb786dac7afc574a7d1fa4; b7f2212e54b960a731fb786dac7afc574a7d1fa4; b7f2212e54b960a731fb786dac7afc574a7d1fa4; abb643d02ce2e2647672e8ce6cdcfa3694321603; abb643d02ce2e2647672e8ce6cdcfa3694321603; 445ef7138648ee6a9c51375aab82ff9600c4d221; 445ef7138648ee6a9c51375aab82ff9600c4d221; 445ef7138648ee6a9c51375aab82ff9600c4d221; 445ef7138648ee6a9c51375aab82ff9600c4d221; 445ef7138648ee6a9c51375aab82ff9600c4d221; 445ef7138648ee6a9c51375aab82ff9600c4d221; 445ef7138648ee6a9c51375aab82ff9600c4d221; 8b4c216b176e7462848d8e6c513ed72d8ea2efe2; 8b4c216b176e7462848d8e6c513ed72d8ea2efe2; 8b4c216b176e7462848d8e6c513ed72d8ea2efe2; 1e1ffd41e2cfddc2d97b04345a0b4201e07790b2; 1e1ffd41e2cfddc2d97b04345a0b4201e07790b2; 46ba4818cca2103195d7b953779c63ee4027ce61; 46ba4818cca2103195d7b953779c63ee4027ce61; 46ba4818cca2103195d7b953779c63ee4027ce61; 46ba4818cca2103195d7b953779c63ee4027ce61; 46ba4818cca2103195d7b953779c63ee4027ce61; 46ba4818cca2103195d7b953779c63ee4027ce61; 46ba4818cca2103195d7b953779c63ee4027ce61; ae36c7441db40808422f31d3e792e69a3abf0a20; 3bffed54e30095d51de9aeacb21b9c348f1c4b3c; edd98518ef7fd15b496676bdd92199fdd7bb47e9; edd98518ef7fd15b496676bdd92199fdd7bb47e9; edd98518ef7fd15b496676bdd92199fdd7bb47e9; 8067abae81abbd176af65dc9694f9f99dacf3985; beed693e4f58820ad97c79e4373af944c8fdb3d4; 74427420dc8cfaa9f4880d2c782b84574d553144; 74427420dc8cfaa9f4880d2c782b84574d553144; 3e27a7c69e372d770ebb21e2a810e79754250c5c; 3e27a7c69e372d770ebb21e2a810e79754250c5c; 3e27a7c69e372d770ebb21e2a810e79754250c5c; 3e27a7c69e372d770ebb21e2a810e79754250c5c; f317f8248c2c7d2abcd519e07b0e79136d1919f1; 9bbee85fe9d687419fe42b32df510798c32ad9ef; 9bbee85fe9d687419fe42b32df510798c32ad9ef; 3475dcfa14d78257446f7a22fac2d2aef2cdcc7b; 3475dcfa14d78257446f7a22fac2d2aef2cdcc7b; 3475dcfa14d78257446f7a22fac2d2aef2cdcc7b; 3475dcfa14d78257446f7a22fac2d2aef2cdcc7b; 13640d3242e73f01295f8a323351b2ad45d07d89; 13640d3242e73f01295f8a323351b2ad45d07d89; 13640d3242e73f01295f8a323351b2ad45d07d89; 1622df332f4a12d20cb2f8dd60a8266e7b82c329; 1622df332f4a12d20cb2f8dd60a8266e7b82c329; 1622df332f4a12d20cb2f8dd60a8266e7b82c329; 0d8ca1a44f85a35df62499eb2174608e0f3473f8; 0d8ca1a44f85a35df62499eb2174608e0f3473f8; 0d8ca1a44f85a35df62499eb2174608e0f3473f8; 0d8ca1a44f85a35df62499eb2174608e0f3473f8; 0d8ca1a44f85a35df62499eb2174608e0f3473f8; 0d8ca1a44f85a35df62499eb2174608e0f3473f8; 0d8ca1a44f85a35df62499eb2174608e0f3473f8; 0d8ca1a44f85a35df62499eb2174608e0f3473f8; 0d8ca1a44f85a35df62499eb2174608e0f3473f8; 0d8ca1a44f85a35df62499eb2174608e0f3473f8; 0d8ca1a44f85a35df62499eb2174608e0f3473f8; 0d8ca1a44f85a35df62499eb2174608e0f3473f8; 0d8ca1a44f85a35df62499eb2174608e0f3473f8; 0d8ca1a44f85a35df62499eb2174608e0f3473f8; 0d8ca1a44f85a35df62499eb2174608e0f3473f8; 0d8ca1a44f85a35df62499eb2174608e0f3473f8; 01d097ae5af59ec2560ec6095675401f549c8cc8; 94f975df709723e1bd71ba34433fab222cd86305; 5adf855fb34acc124645feb91a5bdbfc10485ca7; 5adf855fb34acc124645feb91a5bdbfc10485ca7; 5adf855fb34acc124645feb91a5bdbfc10485ca7; 5adf855fb34acc124645feb91a5bdbfc10485ca7; 5adf855fb34acc124645feb91a5bdbfc10485ca7; 47d66d2a98dba77ec98686e76f30e3c0d8a37581; 47d66d2a98dba77ec98686e76f30e3c0d8a37581; f1e6505b9025739917df26ffb47456ae947b35d4; f1e6505b9025739917df26ffb47456ae947b35d4; f1e6505b9025739917df26ffb47456ae947b35d4; f1e6505b9025739917df26ffb47456ae947b35d4; f1e6505b9025739917df26ffb47456ae947b35d4; f1e6505b9025739917df26ffb47456ae947b35d4; 92cc533ed77a07d73872ada977625b269c922c7c; 60b5c258ac963d157610b47b3d779c0b1f246b47; 60b5c258ac963d157610b47b3d779c0b1f246b47; 60b5c258ac963d157610b47b3d779c0b1f246b47; d1d2bba464de5c8fd4d967b6881323be043cb4e7; d1d2bba464de5c8fd4d967b6881323be043cb4e7; 917e2a9e37ba320c5800f11999f5c399508ed252; 917e2a9e37ba320c5800f11999f5c399508ed252; 917e2a9e37ba320c5800f11999f5c399508ed252; 917e2a9e37ba320c5800f11999f5c399508ed252; 917e2a9e37ba320c5800f11999f5c399508ed252; 917e2a9e37ba320c5800f11999f5c399508ed252; 917e2a9e37ba320c5800f11999f5c399508ed252; 917e2a9e37ba320c5800f11999f5c399508ed252; 29e03d185d6c4608472b3b866964c8942c2fa4a3; 29e03d185d6c4608472b3b866964c8942c2fa4a3; 29e03d185d6c4608472b3b866964c8942c2fa4a3; 29e03d185d6c4608472b3b866964c8942c2fa4a3; 29e03d185d6c4608472b3b866964c8942c2fa4a3; 29e03d185d6c4608472b3b866964c8942c2fa4a3; 29e03d185d6c4608472b3b866964c8942c2fa4a3; 29e03d185d6c4608472b3b866964c8942c2fa4a3; 29e03d185d6c4608472b3b866964c8942c2fa4a3; 29e03d185d6c4608472b3b866964c8942c2fa4a3; 29e03d185d6c4608472b3b866964c8942c2fa4a3; 1fab6edd9a9c05e99d9249723f9554b2bee0e765; cde3e58b8f28abce20c3267b5fa78a3a60acfa94; cde3e58b8f28abce20c3267b5fa78a3a60acfa94; cde3e58b8f28abce20c3267b5fa78a3a60acfa94; cde3e58b8f28abce20c3267b5fa78a3a60acfa94; cde3e58b8f28abce20c3267b5fa78a3a60acfa94; cde3e58b8f28abce20c3267b5fa78a3a60acfa94; cde3e58b8f28abce20c3267b5fa78a3a60acfa94; cde3e58b8f28abce20c3267b5fa78a3a60acfa94; cde3e58b8f28abce20c3267b5fa78a3a60acfa94; 507ea7b29903546f7c773dbe36c8ca128f7c78bb; 507ea7b29903546f7c773dbe36c8ca128f7c78bb; 507ea7b29903546f7c773dbe36c8ca128f7c78bb; 507ea7b29903546f7c773dbe36c8ca128f7c78bb; 4ad096a39e26a8d849b2e361de5c6d2c9ed1c117; 8d0796721e9b5d233233e17186810c0f11bf9c98; 8d0796721e9b5d233233e17186810c0f11bf9c98; 8d0796721e9b5d233233e17186810c0f11bf9c98; 8d0796721e9b5d233233e17186810c0f11bf9c98; 8d0796721e9b5d233233e17186810c0f11bf9c98; 8d0796721e9b5d233233e17186810c0f11bf9c98; 8d0796721e9b5d233233e17186810c0f11bf9c98; 77eb5cf6087d91227d77ebbe65121501eb56d098,130,a5cb37c17813a9d938ad3dac70b95fc58ebedbc3,130d 00:17:09,benchmarks/fp8/ms_amp/fp8_utils.py; benchmarks/fp8/torchao/fp8_utils.py; benchmarks/fp8/transformer_engine/fp8_utils.py; benchmarks/fsdp2/utils.py; benchmarks/fsdp2/visualize.py; examples/by_feature/automatic_gradient_accumulation.py; examples/by_feature/checkpointing.py; examples/by_feature/cross_validation.py; examples/by_feature/ddp_comm_hook.py; examples/by_feature/early_stopping.py; examples/by_feature/fsdp_with_peak_mem_tracking.py; examples/by_feature/gradient_accumulation.py; examples/by_feature/gradient_accumulation_for_autoregressive_models.py; examples/by_feature/local_sgd.py; examples/by_feature/memory.py; examples/by_feature/multi_process_metrics.py; examples/by_feature/profiler.py; examples/by_feature/schedule_free.py; examples/by_feature/tracking.py; examples/complete_nlp_example.py; examples/cv_example.py; examples/nlp_example.py; setup.py; src/accelerate/__init__.py; src/accelerate/accelerator.py; src/accelerate/big_modeling.py; src/accelerate/checkpointing.py; src/accelerate/commands/config/cluster.py; src/accelerate/commands/config/config_utils.py; src/accelerate/commands/config/default.py; src/accelerate/commands/env.py; src/accelerate/commands/estimate.py; src/accelerate/commands/launch.py; src/accelerate/commands/to_fsdp2.py; src/accelerate/data_loader.py; src/accelerate/hooks.py; src/accelerate/launchers.py; src/accelerate/local_sgd.py; src/accelerate/logging.py; src/accelerate/parallelism_config.py; src/accelerate/state.py; src/accelerate/test_utils/scripts/external_deps/test_checkpointing.py; src/accelerate/test_utils/scripts/external_deps/test_ds_alst_ulysses_sp.py; src/accelerate/test_utils/scripts/external_deps/test_ds_multiple_model.py; src/accelerate/test_utils/scripts/external_deps/test_metrics.py; src/accelerate/test_utils/scripts/external_deps/test_peak_memory_usage.py; src/accelerate/test_utils/scripts/external_deps/test_performance.py; src/accelerate/test_utils/scripts/test_distributed_data_loop.py; src/accelerate/test_utils/scripts/test_notebook.py; src/accelerate/test_utils/scripts/test_ops.py; src/accelerate/test_utils/scripts/test_sync.py; src/accelerate/test_utils/testing.py; src/accelerate/test_utils/training.py; src/accelerate/tracking.py; src/accelerate/utils/__init__.py; src/accelerate/utils/bnb.py; src/accelerate/utils/constants.py; src/accelerate/utils/dataclasses.py; src/accelerate/utils/environment.py; src/accelerate/utils/fsdp_utils.py; src/accelerate/utils/imports.py; src/accelerate/utils/launch.py; src/accelerate/utils/megatron_lm.py; src/accelerate/utils/memory.py; src/accelerate/utils/modeling.py; src/accelerate/utils/operations.py; src/accelerate/utils/other.py; src/accelerate/utils/random.py; tests/fsdp/test_fsdp.py; tests/test_accelerator.py; tests/test_big_modeling.py; tests/test_cli.py; tests/test_data_loader.py; tests/test_examples.py; tests/test_load_checkpoint_and_dispatch_with_broadcast.py; tests/test_logging.py; tests/test_modeling_utils.py; tests/test_tracking.py; tests/test_utils.py; tests/tp/fsdp2_tp_preparation.py; tests/tp/test_tp.py,.github/workflows/build-docker-images-release.yml; .github/workflows/build_and_run_tests.yml; .github/workflows/build_docker_images.yml; .github/workflows/build_documentation.yml; .github/workflows/build_pr_documentation.yml; .github/workflows/fp8_runner.yml; .github/workflows/gaudi3_scheduled.yml; .github/workflows/integration_tests.yml; .github/workflows/nightly.yml; .github/workflows/pr_style_bot.yml; .github/workflows/run_merge_tests.yml; .github/workflows/self_hosted_integration_tests.yml; .github/workflows/test.yml; .github/workflows/trufflehog.yml; .github/workflows/upload_pr_documentation.yml; docker/accelerate-cpu/Dockerfile; docker/accelerate-gpu-deepspeed/Dockerfile; docker/accelerate-gpu/Dockerfile; setup.py,,.github/workflows/fp8_runner.yml; .github/workflows/nightly.yml; .github/workflows/run_merge_tests.yml; .github/workflows/self_hosted_integration_tests.yml; .github/workflows/test.yml; docker/accelerate-cpu/Dockerfile; docker/accelerate-gpu-deepspeed/Dockerfile; docker/accelerate-gpu/Dockerfile; setup.py,,,
a7eb31cad3a8bc8f406b,huggingface/accelerate,https://github.com/huggingface/accelerate,Push on main,main,cde3e58b8f28abce20c3267b5fa78a3a60acfa94,cde3e58b8f28abce20c3267b5fa78a3a60acfa94,cde3e58b8f28abce20c3267b5fa78a3a60acfa94,1,507ea7b29903546f7c773dbe36c8ca128f7c78bb,2d 01:24:07,src/accelerate/hooks.py,,,,,,
47a673a750bddba0e165,huggingface/accelerate,https://github.com/huggingface/accelerate,PR #4072,refs/pull/4072/head,bfd105cde7d0e2743cdfbd774ba9b30d0f5dc9c4,2a85ae51327dd3060693922eea556d6175719205,2a85ae51327dd3060693922eea556d6175719205,1,56f71b1818503b4521fcba170fca2264f2604346,0d 01:15:06,setup.py,.github/workflows/build_docker_images.yml; .github/workflows/nightly.yml; .github/workflows/run_merge_tests.yml; .github/workflows/self_hosted_integration_tests.yml; .github/workflows/test.yml; setup.py,.github/workflows/self_hosted_integration_tests.yml,.github/workflows/build_docker_images.yml; .github/workflows/nightly.yml; .github/workflows/run_merge_tests.yml; .github/workflows/self_hosted_integration_tests.yml; .github/workflows/test.yml; setup.py,,,
d847282e43fadc80f48f,huggingface/accelerate,https://github.com/huggingface/accelerate,Upload PR Documentation,main,8067abae81abbd176af65dc9694f9f99dacf3985,8067abae81abbd176af65dc9694f9f99dacf3985,8067abae81abbd176af65dc9694f9f99dacf3985; beed693e4f58820ad97c79e4373af944c8fdb3d4; beed693e4f58820ad97c79e4373af944c8fdb3d4; 5cf9cf88a4deeb7d627fc3efadd9af5a77353888; 74427420dc8cfaa9f4880d2c782b84574d553144; 74427420dc8cfaa9f4880d2c782b84574d553144; 74427420dc8cfaa9f4880d2c782b84574d553144; 74427420dc8cfaa9f4880d2c782b84574d553144; 74427420dc8cfaa9f4880d2c782b84574d553144,9,3e27a7c69e372d770ebb21e2a810e79754250c5c,7d 00:30:06,setup.py; src/accelerate/__init__.py; src/accelerate/accelerator.py; src/accelerate/big_modeling.py; src/accelerate/commands/launch.py; src/accelerate/data_loader.py; src/accelerate/test_utils/scripts/external_deps/test_ds_alst_ulysses_sp.py; src/accelerate/test_utils/scripts/test_distributed_data_loop.py; src/accelerate/test_utils/testing.py; src/accelerate/utils/bnb.py; tests/test_accelerator.py; tests/test_data_loader.py; tests/test_load_checkpoint_and_dispatch_with_broadcast.py,setup.py,,,,,
ecf96bef75e0b16ccc91,huggingface/accelerate,https://github.com/huggingface/accelerate,Upload PR Documentation,main,3e27a7c69e372d770ebb21e2a810e79754250c5c,3e27a7c69e372d770ebb21e2a810e79754250c5c,3e27a7c69e372d770ebb21e2a810e79754250c5c,1,9bbee85fe9d687419fe42b32df510798c32ad9ef,3d 03:00:56,src/accelerate/accelerator.py; src/accelerate/commands/launch.py; src/accelerate/utils/dataclasses.py,,,,,,
e0112049baeda78d0e87,huggingface/accelerate,https://github.com/huggingface/accelerate,Upload PR Documentation,main,0413cf9f1551fbab7e25b911066fe27806905093,0413cf9f1551fbab7e25b911066fe27806905093,0413cf9f1551fbab7e25b911066fe27806905093,1,4929d1ec63d14bad8804e1cf4a8cff9b11875774,0d 00:03:46,src/accelerate/state.py; src/accelerate/tracking.py; tests/test_tracking.py,,,,,,
9948081a44ddeed9c7b3,huggingface/accelerate,https://github.com/huggingface/accelerate,Upload PR Documentation,main,b120c1f50bb8de221cec13baf8cce5fc30f1cef2,379c8e009d98ccf3811847b25474615491bfe933,379c8e009d98ccf3811847b25474615491bfe933,1,77eb5cf6087d91227d77ebbe65121501eb56d098,0d 22:05:01,src/accelerate/accelerator.py; src/accelerate/commands/to_fsdp2.py; tests/test_cli.py; tests/test_tracking.py,.github/workflows/build-docker-images-release.yml,.github/workflows/build-docker-images-release.yml,,,,
4895822463191e4c0352,huggingface/accelerate,https://github.com/huggingface/accelerate,Upload PR Documentation,main,14d7cdc78e66730479b6249e351a533bd24469e7,14d7cdc78e66730479b6249e351a533bd24469e7,14d7cdc78e66730479b6249e351a533bd24469e7,1,14d7cdc78e66730479b6249e351a533bd24469e7,0d 00:07:54,,,,,,,
7140afaab2a9018b56a5,huggingface/accelerate,https://github.com/huggingface/accelerate,Integration Tests,device_mesh_parallelism_config,00dd4af6ecf7c731276cba6dc1d71087580b8690,464a642d239b5d9c31f3691537a060f6bdd966f1,464a642d239b5d9c31f3691537a060f6bdd966f1; f85eadf10653e98bbe701b611dad1aa2563d5c07; 86771e251eab65facd55cf5e39bc2762743b2a7e,3,c80aae08e84263e69a574cf74db0e8bf3178fe79,0d 17:02:43,examples/fsdp2/nd_parallel.py; examples/fsdp2/nd_parallel_prepared_device_mesh.py; src/accelerate/__init__.py; src/accelerate/accelerator.py; src/accelerate/parallelism_config.py; src/accelerate/test_utils/scripts/external_deps/test_performance.py; src/accelerate/utils/__init__.py; src/accelerate/utils/dataclasses.py; src/accelerate/utils/fsdp_utils.py; tests/test_dataclasses.py,,,,,,
cc7a263ddf2c58916b66,huggingface/accelerate,https://github.com/huggingface/accelerate,Integration Tests,fix-all-tests,eefdd9f7987cd52b93518c9e34916ecdcf76b359,72c97ff1090be28b51e0b96d1ecdb34e1fd59945,72c97ff1090be28b51e0b96d1ecdb34e1fd59945,1,04bbc007a33bf066e4560b1d4978d8212f9c29b2,0d 00:02:14,setup.py; src/accelerate/launchers.py; src/accelerate/test_utils/scripts/test_sync.py; src/accelerate/utils/modeling.py; tests/fsdp/test_fsdp.py; tests/tp/fsdp2_tp_preparation.py; tests/tp/test_tp.py,setup.py,,setup.py,,,
6e15c02db502bdda9121,huggingface/accelerate,https://github.com/huggingface/accelerate,Integration Tests,fix-implicit-padding,e81785aafcaf1c365a6dba0184c64391cf667e96,8b69e9f1fccc0bd15247d10aa343b2a03fd52aa2,8b69e9f1fccc0bd15247d10aa343b2a03fd52aa2,1,2a55a1a0fb51a0c3c77acfb4330325abd4b17732,0d 00:07:41,src/accelerate/hooks.py; src/accelerate/launchers.py; src/accelerate/state.py; src/accelerate/test_utils/scripts/test_notebook.py; src/accelerate/tracking.py; src/accelerate/utils/__init__.py; src/accelerate/utils/bnb.py; src/accelerate/utils/dataclasses.py; src/accelerate/utils/environment.py; src/accelerate/utils/imports.py; src/accelerate/utils/modeling.py; tests/test_accelerator.py; tests/test_load_checkpoint_and_dispatch_with_broadcast.py; tests/test_modeling_utils.py; tests/test_tracking.py; tests/test_utils.py,.github/workflows/nightly.yml,.github/workflows/nightly.yml,,,,
f3b5c378b3db090b8586,huggingface/accelerate,https://github.com/huggingface/accelerate,Integration Tests,fix-is-initialized-bnb,81b2681a850181fa313f1482b740b3e1be131ca0,ca53b926b6290dcc51508807e2ea35bb434e5c2b,ca53b926b6290dcc51508807e2ea35bb434e5c2b,1,b91dc6faa7ab6bb7b4e90cf5ec4608a64bc50d9b,0d 00:09:09,src/accelerate/utils/modeling.py,,,,,,
9935959347d94710ceb7,huggingface/accelerate,https://github.com/huggingface/accelerate,Integration Tests,patch-1,825e26420061db944d3f44813c3eade374d336a4,53366f090d93618511ed019f03d66a6913c266dc,53366f090d93618511ed019f03d66a6913c266dc,1,599cbc26d318e174c8f50b0fcf157243a97ca740,23d 18:54:40,benchmarks/fp8/torchao/ddp.py; benchmarks/fp8/torchao/fsdp.py; benchmarks/fp8/torchao/non_distributed.py; examples/alst_ulysses_sequence_parallelism/sp-alst.py; examples/by_feature/automatic_gradient_accumulation.py; examples/by_feature/megatron_lm_gpt_pretraining.py; examples/complete_cv_example.py; examples/cv_example.py; examples/finetune_lm_tpu.py; examples/inference/pippy/t5.py; examples/torch_native_parallelism/nd_parallel.py; setup.py; src/accelerate/__init__.py; src/accelerate/accelerator.py; src/accelerate/big_modeling.py; src/accelerate/commands/config/cluster.py; src/accelerate/commands/config/config_args.py; src/accelerate/commands/config/config_utils.py; src/accelerate/commands/estimate.py; src/accelerate/commands/launch.py; src/accelerate/hooks.py; src/accelerate/launchers.py; src/accelerate/local_sgd.py; src/accelerate/parallelism_config.py; src/accelerate/state.py; src/accelerate/test_utils/scripts/external_deps/test_ds_alst_ulysses_sp.py; src/accelerate/test_utils/scripts/test_notebook.py; src/accelerate/test_utils/scripts/test_script.py; src/accelerate/test_utils/testing.py; src/accelerate/tracking.py; src/accelerate/utils/__init__.py; src/accelerate/utils/ao.py; src/accelerate/utils/bnb.py; src/accelerate/utils/constants.py; src/accelerate/utils/dataclasses.py; src/accelerate/utils/environment.py; src/accelerate/utils/fsdp_utils.py; src/accelerate/utils/imports.py; src/accelerate/utils/launch.py; src/accelerate/utils/megatron_lm.py; src/accelerate/utils/memory.py; src/accelerate/utils/modeling.py; src/accelerate/utils/operations.py; src/accelerate/utils/other.py; src/accelerate/utils/transformer_engine.py; tests/deepspeed/test_alst_ulysses_sp.py; tests/fsdp/test_fsdp.py; tests/test_accelerator.py; tests/test_big_modeling.py; tests/test_data_loader.py; tests/test_dataclasses.py; tests/test_fp8.py; tests/test_load_checkpoint_and_dispatch_with_broadcast.py; tests/test_memory_utils.py; tests/test_modeling_utils.py; tests/test_utils.py; tests/tp/fsdp2_tp_preparation.py; tests/tp/test_tp.py,.github/workflows/build-docker-images-release.yml; .github/workflows/build_and_run_tests.yml; .github/workflows/build_docker_images.yml; .github/workflows/fp8_runner.yml; .github/workflows/gaudi3_scheduled.yml; .github/workflows/integration_tests.yml; .github/workflows/quality.yml; .github/workflows/stale.yml; .github/workflows/test.yml; .github/workflows/test_imports.yml; .github/workflows/trufflehog.yml; setup.py,.github/workflows/build-docker-images-release.yml; .github/workflows/build_and_run_tests.yml; .github/workflows/build_docker_images.yml; .github/workflows/fp8_runner.yml; .github/workflows/gaudi3_scheduled.yml; .github/workflows/integration_tests.yml; .github/workflows/quality.yml; .github/workflows/stale.yml; .github/workflows/test.yml; .github/workflows/test_imports.yml; .github/workflows/trufflehog.yml; setup.py,,,,
1fa400bb29c6598658ef,huggingface/accelerate,https://github.com/huggingface/accelerate,Integration Tests,remove-parallelismconfig-in-partialstate,da4bb9efdeeaeaafcee4202567f619f2e4d32c99,e8cf04de57c3a831b335e162e0fc94cdebfbb233,e8cf04de57c3a831b335e162e0fc94cdebfbb233; e217ffc6431ccd69d47a37e02006c002d7f8f4e1,2,29a6fd360f1feeeadb66103ec048fa869dfd117d,0d 00:21:57,src/accelerate/accelerator.py; src/accelerate/parallelism_config.py; src/accelerate/state.py; src/accelerate/utils/launch.py,,,,,,
6d423c684709a28c8731,huggingface/accelerate,https://github.com/huggingface/accelerate,Run Import Tests,device_mesh_parallelism_config,00dd4af6ecf7c731276cba6dc1d71087580b8690,464a642d239b5d9c31f3691537a060f6bdd966f1,464a642d239b5d9c31f3691537a060f6bdd966f1,1,f85eadf10653e98bbe701b611dad1aa2563d5c07,0d 15:58:10,examples/fsdp2/nd_parallel.py; examples/fsdp2/nd_parallel_prepared_device_mesh.py; src/accelerate/__init__.py; src/accelerate/accelerator.py; src/accelerate/parallelism_config.py; src/accelerate/test_utils/scripts/external_deps/test_performance.py; src/accelerate/utils/__init__.py; src/accelerate/utils/dataclasses.py; src/accelerate/utils/fsdp_utils.py; tests/test_dataclasses.py,,,,,,
d67561dfa5f96dd77d67,huggingface/accelerate,https://github.com/huggingface/accelerate,Run Import Tests,device_mesh_parallelism_config,c8a2ae567e128d4e3db3cbfa73c313c8ebd59a95,ec59f84d6659208982df230ef393e80b977e2e07,ec59f84d6659208982df230ef393e80b977e2e07,1,c570f7c362f4c06058cee78b261dd1f890280632,0d 00:22:08,src/accelerate/parallelism_config.py; tests/test_dataclasses.py,,,,,,
7622c24832123307560b,huggingface/accelerate,https://github.com/huggingface/accelerate,Run Import Tests,fix-implicit-padding,e81785aafcaf1c365a6dba0184c64391cf667e96,8b69e9f1fccc0bd15247d10aa343b2a03fd52aa2,8b69e9f1fccc0bd15247d10aa343b2a03fd52aa2,1,2a55a1a0fb51a0c3c77acfb4330325abd4b17732,0d 00:07:41,src/accelerate/hooks.py; src/accelerate/launchers.py; src/accelerate/state.py; src/accelerate/test_utils/scripts/test_notebook.py; src/accelerate/tracking.py; src/accelerate/utils/__init__.py; src/accelerate/utils/bnb.py; src/accelerate/utils/dataclasses.py; src/accelerate/utils/environment.py; src/accelerate/utils/imports.py; src/accelerate/utils/modeling.py; tests/test_accelerator.py; tests/test_load_checkpoint_and_dispatch_with_broadcast.py; tests/test_modeling_utils.py; tests/test_tracking.py; tests/test_utils.py,.github/workflows/nightly.yml,.github/workflows/nightly.yml,,,,
420d517514137ec09aed,huggingface/accelerate,https://github.com/huggingface/accelerate,Run Import Tests,remove-parallelismconfig-in-partialstate,da4bb9efdeeaeaafcee4202567f619f2e4d32c99,e8cf04de57c3a831b335e162e0fc94cdebfbb233,e8cf04de57c3a831b335e162e0fc94cdebfbb233,1,e217ffc6431ccd69d47a37e02006c002d7f8f4e1,0d 00:07:50,src/accelerate/accelerator.py; src/accelerate/parallelism_config.py; src/accelerate/utils/launch.py,,,,,,
698b83b3d18524cd5bfb,huggingface/accelerate,https://github.com/huggingface/accelerate,Style Bot,main,3db9fb6991a296d0535e97d765f53da6b7246ff3,14383311c22bfa9c67714ec481e94ceec62e6c86,14383311c22bfa9c67714ec481e94ceec62e6c86; 14383311c22bfa9c67714ec481e94ceec62e6c86; 139d14b1a1c010a0db782d7bee5213468ff8630c,3,65db8acc88c04909e49ee3f22dace1002aaf21cb,71d 22:18:26,examples/alst_ulysses_sequence_parallelism/sp-alst.py; examples/finetune_lm_tpu.py; setup.py; src/accelerate/__init__.py; src/accelerate/accelerator.py; src/accelerate/big_modeling.py; src/accelerate/checkpointing.py; src/accelerate/commands/config/config_args.py; src/accelerate/commands/estimate.py; src/accelerate/commands/launch.py; src/accelerate/commands/menu/selection_menu.py; src/accelerate/data_loader.py; src/accelerate/hooks.py; src/accelerate/inference.py; src/accelerate/launchers.py; src/accelerate/local_sgd.py; src/accelerate/logging.py; src/accelerate/parallelism_config.py; src/accelerate/state.py; src/accelerate/test_utils/examples.py; src/accelerate/test_utils/scripts/external_deps/test_ds_alst_ulysses_sp.py; src/accelerate/test_utils/testing.py; src/accelerate/tracking.py; src/accelerate/utils/__init__.py; src/accelerate/utils/bnb.py; src/accelerate/utils/constants.py; src/accelerate/utils/dataclasses.py; src/accelerate/utils/environment.py; src/accelerate/utils/fsdp_utils.py; src/accelerate/utils/imports.py; src/accelerate/utils/launch.py; src/accelerate/utils/memory.py; src/accelerate/utils/modeling.py; src/accelerate/utils/offload.py; src/accelerate/utils/operations.py; src/accelerate/utils/other.py; src/accelerate/utils/transformer_engine.py; tests/deepspeed/test_alst_ulysses_sp.py; tests/test_data_loader.py; tests/test_dataclasses.py; tests/test_examples.py; tests/test_tracking.py; tests/test_utils.py; tests/tp/fsdp2_tp_preparation.py; tests/tp/test_tp.py,.github/workflows/integration_tests.yml; .github/workflows/quality.yml; .github/workflows/stale.yml; .github/workflows/test.yml; .github/workflows/test_imports.yml; docker/accelerate-cpu/Dockerfile; docker/accelerate-gpu-deepspeed/Dockerfile; docker/accelerate-gpu/Dockerfile; pyproject.toml; setup.py,setup.py,setup.py,,,
16c9d53c4657f634f8cf,huggingface/accelerate,https://github.com/huggingface/accelerate,Style Bot,main,9bbee85fe9d687419fe42b32df510798c32ad9ef,cff245037dfff59138c03393ced59a7aa5d6dc30,cff245037dfff59138c03393ced59a7aa5d6dc30,1,cde3e58b8f28abce20c3267b5fa78a3a60acfa94,48d 23:15:26,src/accelerate/accelerator.py; src/accelerate/commands/launch.py; src/accelerate/test_utils/scripts/external_deps/test_performance.py; src/accelerate/test_utils/scripts/test_ops.py; src/accelerate/tracking.py; src/accelerate/utils/__init__.py; src/accelerate/utils/bnb.py; src/accelerate/utils/dataclasses.py; src/accelerate/utils/fsdp_utils.py; src/accelerate/utils/imports.py; src/accelerate/utils/modeling.py; src/accelerate/utils/operations.py; src/accelerate/utils/other.py; tests/fsdp/test_fsdp.py; tests/test_accelerator.py; tests/test_big_modeling.py,.github/workflows/build-docker-images-release.yml; .github/workflows/build_documentation.yml; .github/workflows/build_pr_documentation.yml; .github/workflows/gaudi3_scheduled.yml; .github/workflows/integration_tests.yml; .github/workflows/pr_style_bot.yml; .github/workflows/trufflehog.yml; .github/workflows/upload_pr_documentation.yml,.github/workflows/build-docker-images-release.yml; .github/workflows/build_documentation.yml; .github/workflows/build_pr_documentation.yml; .github/workflows/gaudi3_scheduled.yml; .github/workflows/integration_tests.yml; .github/workflows/pr_style_bot.yml; .github/workflows/trufflehog.yml; .github/workflows/upload_pr_documentation.yml,.github/workflows/build_documentation.yml; .github/workflows/pr_style_bot.yml; .github/workflows/upload_pr_documentation.yml,,,
fb2bd31c7147e66c17c8,huggingface/accelerate,https://github.com/huggingface/accelerate,Style Bot,main,cde3e58b8f28abce20c3267b5fa78a3a60acfa94,1afc3d8cbbd37c9bdd94771163e912c51cb3f3a6,1afc3d8cbbd37c9bdd94771163e912c51cb3f3a6,1,0413cf9f1551fbab7e25b911066fe27806905093,0d 00:20:26,benchmarks/fsdp2/utils.py; benchmarks/fsdp2/visualize.py; src/accelerate/accelerator.py; src/accelerate/commands/launch.py; src/accelerate/hooks.py; src/accelerate/launchers.py; src/accelerate/state.py; src/accelerate/test_utils/scripts/test_notebook.py; src/accelerate/tracking.py; src/accelerate/utils/__init__.py; src/accelerate/utils/bnb.py; src/accelerate/utils/dataclasses.py; src/accelerate/utils/environment.py; src/accelerate/utils/imports.py; src/accelerate/utils/modeling.py; tests/test_accelerator.py; tests/test_load_checkpoint_and_dispatch_with_broadcast.py; tests/test_modeling_utils.py; tests/test_tracking.py; tests/test_utils.py,.github/workflows/nightly.yml,.github/workflows/nightly.yml,,,,
00ce24b3375de1908593,isl-org/Open3D-ML,https://github.com/isl-org/Open3D-ML,Ubuntu CI,main,5e81f52340c2ef40da9bb05065b5549c7d8ca49f,b4aec71ef10dd9ec5a191606d3ff1177c74ee524,b4aec71ef10dd9ec5a191606d3ff1177c74ee524,1,96a1fbf62de6557c9f8e3ea4a216cbbff85cf61e,8d 11:43:35,,requirements-tensorflow.txt; requirements-torch-cuda.txt; requirements-torch.txt,requirements-tensorflow.txt; requirements-torch-cuda.txt; requirements-torch.txt,,,,
54aa401cf27da40cc204,isl-org/Open3D-ML,https://github.com/isl-org/Open3D-ML,Ubuntu CI,ss/xpu,91218da1adf00b02385ef3f84334b46b332038f8,942bbc903994a928e411aa4a5f44f675069607f4,942bbc903994a928e411aa4a5f44f675069607f4,1,237fd023e628d6ed613c78d6202cabc99ba5f31d,0d 02:06:16,ml3d/metrics/__init__.py; ml3d/torch/pipelines/base_pipeline.py; scripts/run_pipeline.py; tests/test_models_torch.py; tests/torch_backend_parity.py,.github/workflows/ubuntu.yml,.github/workflows/ubuntu.yml,,,,
3c5ee2e4389c26b69bfb,isl-org/Open3D-ML,https://github.com/isl-org/Open3D-ML,Style check,ss/xpu,942bbc903994a928e411aa4a5f44f675069607f4,237fd023e628d6ed613c78d6202cabc99ba5f31d,237fd023e628d6ed613c78d6202cabc99ba5f31d,1,631f0e88e551440d351fcae47cf885314cfd102f,0d 00:04:22,ml3d/metrics/__init__.py; ml3d/torch/pipelines/base_pipeline.py; scripts/run_pipeline.py; tests/test_models_torch.py; tests/torch_backend_parity.py,,,,,,
1c22f08d99f392ff0747,mosaicml/llm-foundry,https://github.com/mosaicml/llm-foundry,PR GPU tests,ethantang-db/dle_package_upgrades,e7062230cbe9ba41bdaf065bb655cc153b8166d9,e293d631be3161574731b001ff63e015b00b5810,e293d631be3161574731b001ff63e015b00b5810,1,0201028d20359a17fd5714330e100d01d2cf4c75,0d 00:12:00,llmfoundry/_version.py; llmfoundry/callbacks/async_eval_callback.py; llmfoundry/callbacks/curriculum_learning_callback.py; llmfoundry/callbacks/dataset_swap_callback.py; llmfoundry/callbacks/eval_gauntlet_callback.py; llmfoundry/callbacks/eval_output_logging_callback.py; llmfoundry/callbacks/fdiff_callback.py; llmfoundry/callbacks/hf_checkpointer.py; llmfoundry/callbacks/kill_loss_spike_callback.py; llmfoundry/callbacks/log_mbmoe_tok_per_expert_callback.py; llmfoundry/callbacks/loss_perp_v_len_callback.py; llmfoundry/callbacks/monolithic_ckpt_callback.py; llmfoundry/callbacks/run_timeout_callback.py; llmfoundry/cli/data_prep_cli.py; llmfoundry/command_utils/data_prep/convert_dataset_hf.py; llmfoundry/command_utils/data_prep/convert_dataset_json.py; llmfoundry/command_utils/data_prep/convert_delta_to_json.py; llmfoundry/command_utils/data_prep/convert_finetuning_dataset.py; llmfoundry/command_utils/eval.py; llmfoundry/data/contrastive_pairs/dataloader.py; llmfoundry/data/data.py; llmfoundry/data/dataloader.py; llmfoundry/data/finetuning/dataloader.py; llmfoundry/data/finetuning/tasks.py; llmfoundry/data/text_data.py; llmfoundry/eval/datasets/__init__.py; llmfoundry/eval/datasets/in_context_learning_evaluation.py; llmfoundry/eval/datasets/utils.py; llmfoundry/eval/metrics/__init__.py; llmfoundry/eval/metrics/nlp.py; llmfoundry/models/hf/hf_base.py; llmfoundry/models/hf/hf_causal_lm.py; llmfoundry/models/hf/hf_t5.py; llmfoundry/models/inference_api_wrapper/interface.py; llmfoundry/models/inference_api_wrapper/openai_causal_lm.py; llmfoundry/models/layers/__init__.py; llmfoundry/models/layers/attention.py; llmfoundry/models/layers/blocks.py; llmfoundry/models/layers/dmoe.py; llmfoundry/models/layers/ffn.py; llmfoundry/models/layers/layer_builders.py; llmfoundry/models/layers/norm.py; llmfoundry/models/llm_embed/modeling_llm_embed.py; llmfoundry/models/mpt/configuration_mpt.py; llmfoundry/models/mpt/modeling_mpt.py; llmfoundry/models/utils/config_defaults.py; llmfoundry/models/utils/config_moe_args.py; llmfoundry/models/utils/mpt_param_count.py; llmfoundry/models/utils/param_init_fns.py; llmfoundry/optim/scheduler.py; llmfoundry/utils/builders.py; llmfoundry/utils/checkpoint_conversion_helpers.py; llmfoundry/utils/exceptions.py; llmfoundry/utils/model_download_utils.py; scripts/data_prep/convert_dataset_hf.py; scripts/data_prep/convert_dataset_json.py; scripts/inference/convert_hf_mpt_to_ft.py; scripts/inference/convert_hf_to_onnx.py; scripts/inference/endpoint_generate.py; scripts/inference/hf_chat.py; scripts/inference/run_mpt_with_ft.py; scripts/misc/download_model.py; scripts/misc/profile_packing.py; scripts/misc/update_hub_code.py; scripts/train/finetune_example/preprocessing.py; setup.py; tests/a_scripts/data_prep/test_convert_delta_to_json.py; tests/callbacks/test_curriculum_learning_callback.py; tests/eval/test_eval_deprecation.py; tests/eval/test_nlp_metrics.py; tests/fixtures/models.py; tests/models/hf/test_hf_config.py; tests/models/inference_api_wrapper/test_fmapi.py; tests/models/inference_api_wrapper/test_inference_api_eval_wrapper.py; tests/models/layers/test_attention.py; tests/models/layers/test_dmoe.py; tests/models/layers/test_flash_torch.py; tests/models/layers/test_huggingface_flash.py; tests/models/llm_embed/test_llm_embedding.py; tests/models/test_model.py; tests/models/test_rmsnorm.py; tests/models/test_rmsnorm_triton_vs_eager.py; tests/models/utils/test_meta_init_context.py; tests/models/utils/test_param_init_fns.py; tests/tokenizers/test_tiktoken.py; tests/tp/test_tp_strategies.py,.github/workflows/code-quality.yaml; .github/workflows/coverage.yaml; .github/workflows/docker.yaml; .github/workflows/pr-cpu.yaml; .github/workflows/pr-gpu.yaml; .github/workflows/release.yaml; .github/workflows/smoketest.yaml; .pre-commit-config.yaml; pyproject.toml; setup.py,.github/workflows/code-quality.yaml; .github/workflows/coverage.yaml; .github/workflows/docker.yaml; .github/workflows/pr-cpu.yaml; .github/workflows/pr-gpu.yaml; .github/workflows/release.yaml; .github/workflows/smoketest.yaml; .pre-commit-config.yaml; pyproject.toml; setup.py,,,,
ba8ec99fc9227cdbf30f,mosaicml/llm-foundry,https://github.com/mosaicml/llm-foundry,PR GPU tests,ethantang-db/dle_package_upgrades,a33e75c7ada3b5eb01798e4385752eb141774af7,62f5eb962ebe72259866d0c76d56e13366a340c3,62f5eb962ebe72259866d0c76d56e13366a340c3,1,e5cba5cb71538e7e9d4863167dbd4ca6948f10a1,0d 00:14:42,llmfoundry/callbacks/hf_checkpointer.py; tests/tp/test_tp_strategies.py,,,,,,
f8f3b80cb132ed7f2731,mosaicml/llm-foundry,https://github.com/mosaicml/llm-foundry,PR GPU tests,main,1bc4dd07a052968846362d21814b4ef9b41a6f68,a5c0c0d49b7c971ddd342050a76e78a4834d2dbb,a5c0c0d49b7c971ddd342050a76e78a4834d2dbb,1,1bc4dd07a052968846362d21814b4ef9b41a6f68,13d 22:19:28,,,requirements.txt,requirements.txt,,,
67d7adcf7200a11d2635,opendilab/DI-engine,https://github.com/opendilab/DI-engine,style,dev,471e35170bb5cdd3e8a3c20ee351269ec48e9e67,37fb707e6301d285c984ae1d202d8206ebf1c912,37fb707e6301d285c984ae1d202d8206ebf1c912; fc668c8fb5ffb2dadbcea5c1f8908f9ded07ed39; 64872286102c089e8bd71033fc457cac363523a4; 4a919f8c5fb5557530731af5b0b4a5cd9bdcce1b,4,e835c7947421f5fbe18a9ee959cbe38a77f13aff,8d 21:45:26,ding/policy/ppo.py; ding/rl_utils/ppo.py; dizoo/atari/config/serial/pong/pong_ppo_config.py; dizoo/atari/config/serial/spaceinvaders/spaceinvaders_onppo_config.py; dizoo/classic_control/cartpole/config/cartpole_dqn_ddp_config.py; dizoo/d4rl/config/halfcheetah_medium_expert_iql_config.py; dizoo/d4rl/config/halfcheetah_medium_iql_config.py; dizoo/d4rl/config/halfcheetah_medium_replay_iql_config.py; dizoo/d4rl/config/hopper_medium_expert_iql_config.py; dizoo/d4rl/config/hopper_medium_iql_config.py; dizoo/d4rl/config/hopper_medium_replay_iql_config.py,,,,,,
ec69251bb0ffaf1ccf45,opendilab/DI-engine,https://github.com/opendilab/DI-engine,style,main,f78aed18e27408704a732fed59079952c7fe01b7,8d29a325347f1bd0b87a71ea5375484cb81d59c6,8d29a325347f1bd0b87a71ea5375484cb81d59c6,1,1854e58b358268e496550ce90d4518aaf15548ba,0d 00:34:28,ding/policy/ppo.py; ding/rl_utils/ppo.py; ding/worker/learner/learner_hook.py,,,,,,
8eb26dfe0684cf66c5b6,speechbrain/speechbrain,https://github.com/speechbrain/speechbrain,SpeechBrain toolkit CI,Adel-Moumen-patch-1,e1a0952ba57d6c6f1a858d8c45f666dd2fc7fb02,ecf2f95c0ffc6a55927bf41d04f12640d039bfb5,ecf2f95c0ffc6a55927bf41d04f12640d039bfb5,1,9002afd1be94d9442f56ccce5b0a397a61f128ae,0d 00:04:41,tests/unittests/test_core.py,,,,,,
0903aea0336b5dcb432c,speechbrain/speechbrain,https://github.com/speechbrain/speechbrain,SpeechBrain toolkit CI,Adel-Moumen-patch-1,9002afd1be94d9442f56ccce5b0a397a61f128ae,3d3bb20aab67f15c50656fe1dbd5ab4bf437a9c9,3d3bb20aab67f15c50656fe1dbd5ab4bf437a9c9,1,b55f2a740982ed57957e27347db2af3846bca269,0d 00:00:52,tests/unittests/test_core.py,,,,,,
c6e6848d787de49228b5,speechbrain/speechbrain,https://github.com/speechbrain/speechbrain,SpeechBrain toolkit CI,add_agents_instructions,f0949eb17b18b6b45b39105a7c044525e066b7d5,273f61f4f6ddeb0701d42782cd1278d08432b469,273f61f4f6ddeb0701d42782cd1278d08432b469,1,9740feb20e4839bd42074296afc0735ffe0d71d9,0d 00:00:46,,,,,,,
602a47c845dea42a3f14,speechbrain/speechbrain,https://github.com/speechbrain/speechbrain,SpeechBrain toolkit CI,develop,ba4f674bb8dbe4276d463b9fdb9b7bce13aea42b,f97c1b2f1b608d459fd2be2cb6730e9e3d276173,f97c1b2f1b608d459fd2be2cb6730e9e3d276173,1,0202ec539e63ec66240aa726fabeb09f1d90071a,4d 18:50:19,speechbrain/decoders/scorer.py; speechbrain/integrations/huggingface/huggingface.py; speechbrain/tokenizers/SentencePiece.py; tests/unittests/test_tokenizer.py,.github/workflows/verify-docs-gen.yml; pyproject.toml; requirements.txt,,.github/workflows/verify-docs-gen.yml; pyproject.toml; requirements.txt,,,
a1593d7bd6afb1ae5119,speechbrain/speechbrain,https://github.com/speechbrain/speechbrain,SpeechBrain toolkit CI,develop,8b133b65b5c3ee14b96b19b20bf3fefc2d956b71,599911f5a7cbd52c0aebf14e6cf94f29a135b81e,599911f5a7cbd52c0aebf14e6cf94f29a135b81e,1,72534a74b74aef5bb109c4b94e6b3e921a27454a,0d 00:01:59,,,,,,,
371368e9aab421af7eb1,speechbrain/speechbrain,https://github.com/speechbrain/speechbrain,SpeechBrain toolkit CI,fix-speed-perturb,429f9ada2efba5531afb5401a028731f8d5a3403,e333ab2302badc9e9346dbd755a11e08e974f5cb,e333ab2302badc9e9346dbd755a11e08e974f5cb,1,e77062702eaecdf66c0c884b5b91416438cd0189,0d 19:27:05,speechbrain/augment/time_domain.py; tests/unittests/test_augment.py,,,,,,
c35db8f14d30d29874aa,speechbrain/speechbrain,https://github.com/speechbrain/speechbrain,SpeechBrain toolkit CI,fix-speed-perturb,e77062702eaecdf66c0c884b5b91416438cd0189,a81d0792f084ffa74733b43cd6f9dcec39d7cf88,a81d0792f084ffa74733b43cd6f9dcec39d7cf88; 1ffcbe760c6dec856239f6fb6c772204a7ce3447,2,22d0c0d5de97bce722ba66c18094f2de7e4637a1,2d 01:11:00,speechbrain/augment/time_domain.py; tests/unittests/test_augment.py,,,,,,
27d2fa6c70731799b805,speechbrain/speechbrain,https://github.com/speechbrain/speechbrain,SpeechBrain toolkit CI,fix_caching,df25c865b6c5877ca842040b82920429990280ad,bbf829e398c3cb1ee3c7694708b48250fcfc6716,bbf829e398c3cb1ee3c7694708b48250fcfc6716; 7b6fd77b4000b142a79d46bc3ee7591c3ba1c9a3,2,75aa502e8ae77b092665f7c31a65a3f7a9882cc7,0d 00:12:12,speechbrain/integrations/hdf5/cached_item.py; speechbrain/integrations/tests/test_cached_item.py; tests/unittests/test_data_pipeline.py,,,,,,
360bcf1a7b5be845414a,speechbrain/speechbrain,https://github.com/speechbrain/speechbrain,SpeechBrain toolkit CI,fix_caching,0d261b4c9baee1916295b7eb5fd4adf988e565a0,dfb49d0f6084dc6f429ef00afca448a597c11f66,dfb49d0f6084dc6f429ef00afca448a597c11f66; 39f8209e5905c41effa74c920fd036b954ef2cc6,2,370d8f48119debf443415cefbd8f1600c2ea1162,0d 00:02:34,speechbrain/integrations/hdf5/cached_item.py; speechbrain/lobes/models/discrete/__init__.py; speechbrain/lobes/models/discrete/dac.py; tests/unittests/test_data_pipeline.py,,,,,,
8863a6b2b90b4a828cc5,speechbrain/speechbrain,https://github.com/speechbrain/speechbrain,SpeechBrain toolkit CI,focalcodec,cbfec20311b32de52d89e5b8b787a7031bb987b0,94c7fd866dbc1cb2cef834a8f8b86a28dfd1e63f,94c7fd866dbc1cb2cef834a8f8b86a28dfd1e63f,1,db01033e487a6755696744d6cf282acac1887803,0d 00:05:57,recipes/Voicebank/enhance/SGMSE/enhance.py; recipes/Voicebank/enhance/SGMSE/train.py; recipes/Voicebank/enhance/SGMSE/voicebank_prepare.py; recipes/Voicebank/voicebank_prepare.py; speechbrain/inference/enhancement.py; speechbrain/integrations/models/sgmse_plus.py,,,,,,
1d9c4ecc3d3ead8f6100,speechbrain/speechbrain,https://github.com/speechbrain/speechbrain,SpeechBrain toolkit CI,patch-1,363cef620956c9bc1255f9a1692dac626280f097,1e7db6f1e16a04850e1b830e31c3633ead9b662d,1e7db6f1e16a04850e1b830e31c3633ead9b662d,1,bda6255c77ed032a2a990da315708b55b6670292,4d 05:50:41,docs/conf.py; recipes/Aishell1Mix/meta/preprocess_dynamic_mixing.py; recipes/Aishell1Mix/separation/dynamic_mixing.py; recipes/Aishell1Mix/separation/train.py; recipes/BinauralWSJ0Mix/separation/dynamic_mixing.py; recipes/BinauralWSJ0Mix/separation/train.py; recipes/CVSS/S2ST/extract_code.py; recipes/CVSS/S2ST/train.py; recipes/CVSS/cvss_prepare.py; recipes/CoVoST/AST/train.py; recipes/CoVoST/AST/train_w2v2_llama.py; recipes/CommonLanguage/common_language_prepare.py; recipes/CommonLanguage/lang_id/train.py; recipes/CommonVoice/ASR/CTC/train_with_wav2vec.py; recipes/CommonVoice/ASR/seq2seq/train.py; recipes/CommonVoice/ASR/seq2seq/train_with_wav2vec.py; recipes/CommonVoice/ASR/transducer/train.py; recipes/CommonVoice/ASR/transformer/train.py; recipes/CommonVoice/ASR/transformer/train_with_whisper.py; recipes/CommonVoice/self-supervised-learning/wav2vec2/train_hf_wav2vec2.py; recipes/DNS/create_wds_shards.py; recipes/DNS/enhancement/train.py; recipes/DVoice/ASR/CTC/train_with_wav2vec2.py; recipes/ESC50/classification/train.py; recipes/ESC50/esc50_prepare.py; recipes/ESC50/interpret/eval.py; recipes/ESC50/interpret/interpret_amt.py; recipes/ESC50/interpret/interpreter_brain.py; recipes/ESC50/wham_prepare.py; recipes/Fisher-Callhome-Spanish/fisher_callhome_prepare.py; recipes/GigaSpeech/gigaspeech_prepare.py; recipes/Google-speech-commands/train.py; recipes/KsponSpeech/ASR/transformer/ksponspeech_prepare.py; recipes/KsponSpeech/ASR/transformer/train.py; recipes/KsponSpeech/LM/ksponspeech_prepare.py; recipes/KsponSpeech/LM/train.py; recipes/KsponSpeech/Tokenizer/ksponspeech_prepare.py; recipes/KsponSpeech/Tokenizer/train.py; recipes/KsponSpeech/convert_to_wav.py; recipes/KsponSpeech/ksponspeech_prepare.py; recipes/LJSpeech/TTS/fastspeech2/train.py; recipes/LJSpeech/TTS/fastspeech2/train_internal_alignment.py; recipes/LJSpeech/TTS/vocoder/diffwave/train.py; recipes/LJSpeech/TTS/vocoder/hifigan/train.py; recipes/LJSpeech/TTS/vocoder/hifigan_discrete/extract_code.py; recipes/LJSpeech/TTS/vocoder/hifigan_discrete/train.py; recipes/LJSpeech/ljspeech_prepare.py; recipes/LibriMix/meta/preprocess_dynamic_mixing.py; recipes/LibriMix/separation/dynamic_mixing.py; recipes/LibriMix/separation/train.py; recipes/LibriParty/VAD/commonlanguage_prepare.py; recipes/LibriParty/VAD/musan_prepare.py; recipes/LibriParty/generate_dataset/local/create_mixtures_from_metadata.py; recipes/LibriParty/generate_dataset/local/create_mixtures_metadata.py; recipes/LibriParty/generate_dataset/local/resample_folder.py; recipes/LibriTTS/TTS/mstacotron2/compute_speaker_embeddings.py; recipes/LibriTTS/TTS/mstacotron2/train.py; recipes/LibriTTS/focalcodec/libritts_prepare.py; recipes/LibriTTS/focalcodec/metrics/dwer.py; recipes/LibriTTS/focalcodec/metrics/speaker_similarity.py; recipes/LibriTTS/focalcodec/metrics/utmos.py; recipes/LibriTTS/focalcodec/train_decoder.py; recipes/LibriTTS/focalcodec/train_quantizer.py; recipes/LibriTTS/focalcodec/utils.py; recipes/LibriTTS/libritts_prepare.py; recipes/LibriTTS/vocoder/hifigan/train.py; recipes/LibriTTS/vocoder/hifigan_discrete/extract_code.py; recipes/LibriTTS/vocoder/hifigan_discrete/extract_speaker_embeddings.py; recipes/LibriTTS/vocoder/hifigan_discrete/train.py; recipes/LibriTTS/vocoder/hifigan_discrete/train_spk.py; recipes/RescueSpeech/ASR/noise-robust/train.py; recipes/RescueSpeech/rescuespeech_prepare.py; recipes/SEP-28k/stuttering-detection/train.py; recipes/Switchboard/ASR/CTC/train_with_wav2vec.py; recipes/Switchboard/ASR/seq2seq/train.py; recipes/Switchboard/ASR/transformer/train.py; recipes/Tedlium2/ASR/transformer/tedlium2_prepare.py; recipes/Tedlium2/tedlium2_prepare.py; recipes/UrbanSound8k/SoundClassification/train.py; recipes/UrbanSound8k/urbansound8k_prepare.py; recipes/Voicebank/MTL/ASR_enhance/train.py; recipes/Voicebank/dereverb/MetricGAN-U/train.py; recipes/Voicebank/dereverb/spectral_mask/train.py; recipes/Voicebank/enhance/MetricGAN-U/train.py; recipes/Voicebank/enhance/MetricGAN-U/voicebank_prepare.py; recipes/Voicebank/enhance/MetricGAN/train.py; recipes/Voicebank/enhance/SEGAN/train.py; recipes/Voicebank/enhance/SGMSE/enhance.py; recipes/Voicebank/enhance/SGMSE/train.py; recipes/Voicebank/enhance/SGMSE/voicebank_prepare.py; recipes/Voicebank/enhance/spectral_mask/train.py; recipes/Voicebank/enhance/waveform_map/train.py; recipes/Voicebank/voicebank_prepare.py; recipes/VoxCeleb/SpeakerRec/extract_speaker_embeddings.py; recipes/VoxCeleb/SpeakerRec/speaker_verification_cosine.py; recipes/VoxCeleb/SpeakerRec/speaker_verification_plda.py; recipes/VoxCeleb/SpeakerRec/train_speaker_embeddings.py; recipes/VoxCeleb/voxceleb_prepare.py; recipes/VoxLingua107/lang_id/create_wds_shards.py; recipes/WHAMandWHAMR/enhancement/dynamic_mixing.py; recipes/WHAMandWHAMR/enhancement/train.py; recipes/WHAMandWHAMR/meta/create_whamr_rirs.py; recipes/WHAMandWHAMR/meta/preprocess_dynamic_mixing.py; recipes/WHAMandWHAMR/separation/dynamic_mixing.py; recipes/WHAMandWHAMR/separation/train.py; recipes/WSJ0Mix/meta/preprocess_dynamic_mixing.py; recipes/WSJ0Mix/separation/dynamic_mixing.py; recipes/WSJ0Mix/separation/train.py; speechbrain/augment/preparation.py; speechbrain/augment/time_domain.py; speechbrain/dataio/audio_io.py; speechbrain/dataio/batch.py; speechbrain/dataio/dataio.py; speechbrain/dataio/legacy.py; speechbrain/dataio/preprocess.py; speechbrain/decoders/scorer.py; speechbrain/decoders/transducer.py; speechbrain/inference/ASR.py; speechbrain/inference/TTS.py; speechbrain/inference/VAD.py; speechbrain/inference/classifiers.py; speechbrain/inference/encoders.py; speechbrain/inference/enhancement.py; speechbrain/inference/interfaces.py; speechbrain/inference/interpretability.py; speechbrain/inference/separation.py; speechbrain/inference/speaker.py; speechbrain/inference/vocoders.py; speechbrain/integrations/__init__.py; speechbrain/integrations/alignment/__init__.py; speechbrain/integrations/alignment/ctc_seg.py; speechbrain/integrations/audio_tokenizers/__init__.py; speechbrain/integrations/decoders/__init__.py; speechbrain/integrations/hdf5/cached_item.py; speechbrain/integrations/huggingface/__init__.py; speechbrain/integrations/huggingface/huggingface.py; speechbrain/integrations/k2_fsa/align.py; speechbrain/integrations/models/__init__.py; speechbrain/integrations/models/sgmse_plus.py; speechbrain/integrations/tests/test_cached_item.py; speechbrain/lobes/models/ECAPA_TDNN.py; speechbrain/lobes/models/HifiGAN.py; speechbrain/lobes/models/bsq.py; speechbrain/tokenizers/SentencePiece.py; speechbrain/utils/autocast.py; speechbrain/utils/checkpoints.py; speechbrain/utils/distributed.py; speechbrain/utils/fetching.py; speechbrain/utils/run_opts.py; tests/unittests/test_audio_io.py; tests/unittests/test_augment.py; tests/unittests/test_autocast.py; tests/unittests/test_batching.py; tests/unittests/test_core.py; tests/unittests/test_data_pipeline.py; tests/unittests/test_tokenizer.py,.github/workflows/pythonapp.yml; .github/workflows/release.yml; .github/workflows/verify-docs-gen.yml; pyproject.toml; requirements.txt,.github/workflows/pythonapp.yml; .github/workflows/release.yml; pyproject.toml; requirements.txt,.github/workflows/verify-docs-gen.yml; pyproject.toml; requirements.txt,,,
e89973b576893cd14561,speechbrain/speechbrain,https://github.com/speechbrain/speechbrain,SpeechBrain toolkit CI,remove-ctc-cuda-deprecated,22510bf51018bf15af4ea3749664c2248f401f54,c0b5054e653aad4c3ce7e27c2cae2470bf9554f0,c0b5054e653aad4c3ce7e27c2cae2470bf9554f0,1,4b0646be78b60095cfb1da213051a75bc0bb3f1c,0d 00:24:13,speechbrain/nnet/losses.py,,,,,,
a42bb795e8f158931896,speechbrain/speechbrain,https://github.com/speechbrain/speechbrain,SpeechBrain toolkit CI,sgmse_vbdmd_enhance,e4cf646372f6f4ad02dca7a8c7099db6a3bee13d,d5bcabf1aca2b3b35defaf71756b528b58d69292,d5bcabf1aca2b3b35defaf71756b528b58d69292,1,62621b0da3aad1e5bb59e545d180f43d674e5b3c,18d 04:43:42,recipes/CoVoST/AST/covost_prepare.py; recipes/CoVoST/AST/train.py; recipes/CoVoST/AST/train_w2v2_llama.py; recipes/CoVoST/covost_prepare.py; recipes/Voicebank/enhance/SGMSE/enhance.py; speechbrain/integrations/nlp/bleu.py; speechbrain/lobes/downsampling.py; speechbrain/lobes/models/sgmse/__init__.py; speechbrain/utils/run_opts.py; tests/consistency/test_recipe.py,,,,,,
9000796e15dbf5d694ac,speechbrain/speechbrain,https://github.com/speechbrain/speechbrain,SpeechBrain toolkit CI,sgmse_vbdmd_enhance,a99572dfdd1598a6dcd7e144d4688ea2188f2775,92786988e489e51b78a81e84dcf80fc51bad1c1f,92786988e489e51b78a81e84dcf80fc51bad1c1f; 763685d44307c70aba89a4237d0e552037241e4b; 469c0fccd80bfcc35df2b200099e41c9100b4247; 252a7b4e6511428afdec09ed263e2e4a14d9df3a; 8f801d3d5a10f42905368f28026a7982f1dc724a,5,f28489fe7ef4208771376310fbd69eab6e3c22f8,24d 03:20:19,conftest.py; recipes/AISHELL-1/aishell_prepare.py; recipes/AMI/Diarization/experiment.py; recipes/AMI/ami_prepare.py; recipes/Aishell1Mix/meta/preprocess_dynamic_mixing.py; recipes/Aishell1Mix/prepare_data.py; recipes/Aishell1Mix/separation/dynamic_mixing.py; recipes/Aishell1Mix/separation/scripts/create_aishell1_metadata.py; recipes/Aishell1Mix/separation/scripts/create_aishell1mix_from_metadata.py; recipes/Aishell1Mix/separation/train.py; recipes/AudioMNIST/audiomnist_prepare.py; recipes/AudioMNIST/diffusion/train.py; recipes/BinauralWSJ0Mix/prepare_data.py; recipes/BinauralWSJ0Mix/separation/dynamic_mixing.py; recipes/BinauralWSJ0Mix/separation/train.py; recipes/CVSS/S2ST/extract_code.py; recipes/CVSS/S2ST/train.py; recipes/CVSS/cvss_prepare.py; recipes/CoVoST/AST/train.py; recipes/CoVoST/AST/train_w2v2_llama.py; recipes/CoVoST/covost_prepare.py; recipes/CommonLanguage/common_language_prepare.py; recipes/CommonLanguage/lang_id/train.py; recipes/CommonVoice/ASR/CTC/train_with_wav2vec.py; recipes/CommonVoice/ASR/seq2seq/train.py; recipes/CommonVoice/ASR/seq2seq/train_with_wav2vec.py; recipes/CommonVoice/ASR/transducer/train.py; recipes/CommonVoice/ASR/transformer/train.py; recipes/CommonVoice/ASR/transformer/train_with_whisper.py; recipes/CommonVoice/LM/train.py; recipes/CommonVoice/common_voice_prepare.py; recipes/CommonVoice/self-supervised-learning/wav2vec2/train_hf_wav2vec2.py; recipes/DNS/create_wds_shards.py; recipes/DNS/dns_download.py; recipes/DNS/enhancement/train.py; recipes/DNS/noisyspeech_synthesizer/audiolib.py; recipes/DVoice/ASR/CTC/train_with_wav2vec2.py; recipes/DVoice/dvoice_prepare.py; recipes/ESC50/classification/train.py; recipes/ESC50/esc50_prepare.py; recipes/ESC50/interpret/eval.py; recipes/ESC50/interpret/interpret_amt.py; recipes/ESC50/interpret/interpreter_brain.py; recipes/ESC50/interpret/train_l2i.py; recipes/ESC50/interpret/train_lmac.py; recipes/ESC50/interpret/train_nmf.py; recipes/ESC50/wham_prepare.py; recipes/Fisher-Callhome-Spanish/fisher_callhome_prepare.py; recipes/GigaSpeech/ASR/CTC/train_with_wavlm.py; recipes/GigaSpeech/dataset.py; recipes/GigaSpeech/gigaspeech_prepare.py; recipes/Google-speech-commands/prepare_GSC.py; recipes/Google-speech-commands/train.py; recipes/IEMOCAP/emotion_recognition/iemocap_prepare.py; recipes/IEMOCAP/iemocap_prepare.py; recipes/KsponSpeech/ASR/transformer/train.py; recipes/KsponSpeech/LM/train.py; recipes/KsponSpeech/ksponspeech_prepare.py; recipes/LJSpeech/TTS/fastspeech2/train.py; recipes/LJSpeech/TTS/fastspeech2/train_internal_alignment.py; recipes/LJSpeech/TTS/tacotron2/train.py; recipes/LJSpeech/TTS/vocoder/diffwave/train.py; recipes/LJSpeech/TTS/vocoder/hifigan/train.py; recipes/LJSpeech/TTS/vocoder/hifigan_discrete/extract_code.py; recipes/LJSpeech/TTS/vocoder/hifigan_discrete/train.py; recipes/LJSpeech/ljspeech_prepare.py; recipes/Libri-Light/self-supervised-learning/BEST-RQ/librilight_prepare.py; recipes/Libri-Light/self-supervised-learning/BEST-RQ/train.py; recipes/LibriMix/meta/preprocess_dynamic_mixing.py; recipes/LibriMix/prepare_data.py; recipes/LibriMix/separation/dynamic_mixing.py; recipes/LibriMix/separation/train.py; recipes/LibriParty/VAD/commonlanguage_prepare.py; recipes/LibriParty/VAD/libriparty_prepare.py; recipes/LibriParty/VAD/musan_prepare.py; recipes/LibriParty/VAD/train.py; recipes/LibriParty/generate_dataset/create_custom_dataset.py; recipes/LibriParty/generate_dataset/get_dataset_from_metadata.py; recipes/LibriParty/generate_dataset/local/create_mixtures_from_metadata.py; recipes/LibriParty/generate_dataset/local/create_mixtures_metadata.py; recipes/LibriParty/generate_dataset/local/resample_folder.py; recipes/LibriSpeech/ASR/CTC/train.py; recipes/LibriSpeech/ASR/CTC/train_with_bestrq.py; recipes/LibriSpeech/ASR/CTC/train_with_wav2vec.py; recipes/LibriSpeech/ASR/CTC/train_with_wav2vec_k2.py; recipes/LibriSpeech/ASR/transformer/train_with_whisper.py; recipes/LibriSpeech/G2P/tokenizer_prepare.py; recipes/LibriSpeech/G2P/train.py; recipes/LibriSpeech/G2P/train_lm.py; recipes/LibriSpeech/LM/dataset.py; recipes/LibriSpeech/LM/train.py; recipes/LibriSpeech/librispeech_prepare.py; recipes/LibriSpeech/self-supervised-learning/BEST-RQ/train.py; recipes/LibriTTS/TTS/mstacotron2/compute_speaker_embeddings.py; recipes/LibriTTS/TTS/mstacotron2/train.py; recipes/LibriTTS/libritts_prepare.py; recipes/LibriTTS/vocoder/hifigan/train.py; recipes/LibriTTS/vocoder/hifigan_discrete/extract_code.py; recipes/LibriTTS/vocoder/hifigan_discrete/extract_speaker_embeddings.py; recipes/LibriTTS/vocoder/hifigan_discrete/train.py; recipes/LibriTTS/vocoder/hifigan_discrete/train_spk.py; recipes/Libriheavy/libriheavy_prepare.py; recipes/PeoplesSpeech/ASR/transformer/train.py; recipes/PeoplesSpeech/peoples_speech_prepare.py; recipes/REAL-M/sisnr-estimation/train.py; recipes/RescueSpeech/ASR/noise-robust/train.py; recipes/RescueSpeech/rescuespeech_prepare.py; recipes/SEP-28k/stuttering-detection/train.py; recipes/SLURP/prepare.py; recipes/Switchboard/ASR/CTC/train_with_wav2vec.py; recipes/Switchboard/ASR/seq2seq/train.py; recipes/Switchboard/ASR/transformer/train.py; recipes/Switchboard/LM/train.py; recipes/Switchboard/switchboard_prepare.py; recipes/TIMIT/ASR/transducer/train.py; recipes/TIMIT/ASR/transducer/train_wav2vec.py; recipes/TIMIT/Alignment/train.py; recipes/TIMIT/timit_prepare.py; recipes/Tedlium2/ASR/transformer/tedlium2_prepare.py; recipes/Tedlium2/tedlium2_prepare.py; recipes/UrbanSound8k/SoundClassification/train.py; recipes/UrbanSound8k/urbansound8k_prepare.py; recipes/Voicebank/ASR/CTC/train.py; recipes/Voicebank/MTL/ASR_enhance/train.py; recipes/Voicebank/dereverb/MetricGAN-U/train.py; recipes/Voicebank/dereverb/MetricGAN-U/voicebank_revb_prepare.py; recipes/Voicebank/dereverb/spectral_mask/train.py; recipes/Voicebank/dereverb/spectral_mask/voicebank_revb_prepare.py; recipes/Voicebank/enhance/MetricGAN-U/train.py; recipes/Voicebank/enhance/MetricGAN-U/voicebank_prepare.py; recipes/Voicebank/enhance/MetricGAN/train.py; recipes/Voicebank/enhance/SEGAN/train.py; recipes/Voicebank/enhance/SGMSE/train.py; recipes/Voicebank/enhance/spectral_mask/train.py; recipes/Voicebank/enhance/waveform_map/train.py; recipes/Voicebank/voicebank_prepare.py; recipes/VoxCeleb/SpeakerRec/extract_speaker_embeddings.py; recipes/VoxCeleb/SpeakerRec/speaker_verification_cosine.py; recipes/VoxCeleb/SpeakerRec/speaker_verification_plda.py; recipes/VoxCeleb/SpeakerRec/train_speaker_embeddings.py; recipes/VoxCeleb/voxceleb_prepare.py; recipes/VoxLingua107/lang_id/create_wds_shards.py; recipes/VoxLingua107/lang_id/train.py; recipes/VoxPopuli/ASR/transducer/train.py; recipes/VoxPopuli/Tokenizer/train.py; recipes/VoxPopuli/voxpopuli_prepare.py; recipes/WHAMandWHAMR/enhancement/dynamic_mixing.py; recipes/WHAMandWHAMR/enhancement/train.py; recipes/WHAMandWHAMR/meta/create_whamr_rirs.py; recipes/WHAMandWHAMR/meta/preprocess_dynamic_mixing.py; recipes/WHAMandWHAMR/prepare_data.py; recipes/WHAMandWHAMR/separation/dynamic_mixing.py; recipes/WHAMandWHAMR/separation/train.py; recipes/WSJ0Mix/meta/preprocess_dynamic_mixing.py; recipes/WSJ0Mix/prepare_data.py; recipes/WSJ0Mix/separation/dynamic_mixing.py; recipes/WSJ0Mix/separation/train.py; recipes/ZaionEmotionDataset/emotion_diarization/datasets/prepare_IEMOCAP.py; recipes/ZaionEmotionDataset/emotion_diarization/datasets/vad.py; recipes/ZaionEmotionDataset/emotion_diarization/train.py; recipes/ZaionEmotionDataset/emotion_diarization/zed_prepare.py; setup.py; speechbrain/__init__.py; speechbrain/alignment/__init__.py; speechbrain/alignment/aligner.py; speechbrain/augment/__init__.py; speechbrain/augment/augmenter.py; speechbrain/augment/codec.py; speechbrain/augment/freq_domain.py; speechbrain/augment/preparation.py; speechbrain/augment/time_domain.py; speechbrain/core.py; speechbrain/dataio/__init__.py; speechbrain/dataio/audio_io.py; speechbrain/dataio/batch.py; speechbrain/dataio/dataio.py; speechbrain/dataio/dataloader.py; speechbrain/dataio/dataset.py; speechbrain/dataio/encoder.py; speechbrain/dataio/iterators.py; speechbrain/dataio/legacy.py; speechbrain/dataio/preprocess.py; speechbrain/dataio/sampler.py; speechbrain/decoders/__init__.py; speechbrain/decoders/ctc.py; speechbrain/decoders/scorer.py; speechbrain/decoders/seq2seq.py; speechbrain/decoders/transducer.py; speechbrain/decoders/utils.py; speechbrain/inference/ASR.py; speechbrain/inference/SLU.py; speechbrain/inference/ST.py; speechbrain/inference/TTS.py; speechbrain/inference/VAD.py; speechbrain/inference/classifiers.py; speechbrain/inference/diarization.py; speechbrain/inference/encoders.py; speechbrain/inference/enhancement.py; speechbrain/inference/interfaces.py; speechbrain/inference/interpretability.py; speechbrain/inference/metrics.py; speechbrain/inference/separation.py; speechbrain/inference/speaker.py; speechbrain/inference/text.py; speechbrain/inference/vocoders.py; speechbrain/integrations/alignment/diarization.py; speechbrain/integrations/audio_tokenizers/discrete_ssl.py; speechbrain/integrations/audio_tokenizers/speechtokenizer_interface.py; speechbrain/integrations/audio_tokenizers/wavtokenizer_interface.py; speechbrain/integrations/decoders/kenlm_scorer.py; speechbrain/integrations/hdf5/__init__.py; speechbrain/integrations/hdf5/cached_item.py; speechbrain/integrations/huggingface/encodec.py; speechbrain/integrations/huggingface/llama.py; speechbrain/integrations/huggingface/mbart.py; speechbrain/integrations/huggingface/mimi.py; speechbrain/integrations/huggingface/nllb.py; speechbrain/integrations/huggingface/textencoder.py; speechbrain/integrations/huggingface/weighted_ssl.py; speechbrain/integrations/huggingface/whisper.py; speechbrain/integrations/huggingface/wordemb/transformer.py; speechbrain/integrations/huggingface/wordemb/util.py; speechbrain/integrations/k2_fsa/align.py; speechbrain/integrations/k2_fsa/graph_compiler.py; speechbrain/integrations/k2_fsa/lattice_decoder.py; speechbrain/integrations/k2_fsa/lexicon.py; speechbrain/integrations/k2_fsa/losses.py; speechbrain/integrations/k2_fsa/prepare_lang.py; speechbrain/integrations/k2_fsa/utils.py; speechbrain/integrations/models/sgmse_plus.py; speechbrain/integrations/nlp/bleu.py; speechbrain/integrations/tests/test_ctc_segmentation.py; speechbrain/integrations/tests/test_k2.py; speechbrain/lm/__init__.py; speechbrain/lm/arpa.py; speechbrain/lm/ngram.py; speechbrain/lobes/__init__.py; speechbrain/lobes/beamform_multimic.py; speechbrain/lobes/downsampling.py; speechbrain/lobes/features.py; speechbrain/lobes/models/BESTRQ.py; speechbrain/lobes/models/Cnn14.py; speechbrain/lobes/models/ECAPA_TDNN.py; speechbrain/lobes/models/FastSpeech2.py; speechbrain/lobes/models/HifiGAN.py; speechbrain/lobes/models/L2I.py; speechbrain/lobes/models/MSTacotron2.py; speechbrain/lobes/models/PIQ.py; speechbrain/lobes/models/ResNet.py; speechbrain/lobes/models/Tacotron2.py; speechbrain/lobes/models/Xvector.py; speechbrain/lobes/models/__init__.py; speechbrain/lobes/models/beats.py; speechbrain/lobes/models/conv_tasnet.py; speechbrain/lobes/models/discrete/dac.py; speechbrain/lobes/models/dual_path.py; speechbrain/lobes/models/fairseq_wav2vec.py; speechbrain/lobes/models/g2p/homograph.py; speechbrain/lobes/models/resepformer.py; speechbrain/lobes/models/segan_model.py; speechbrain/lobes/models/transformer/Branchformer.py; speechbrain/lobes/models/transformer/Conformer.py; speechbrain/lobes/models/transformer/Transformer.py; speechbrain/lobes/models/transformer/TransformerASR.py; speechbrain/lobes/models/transformer/TransformerST.py; speechbrain/lobes/models/wav2vec.py; speechbrain/nnet/CNN.py; speechbrain/nnet/__init__.py; speechbrain/nnet/adapters.py; speechbrain/nnet/attention.py; speechbrain/nnet/autoencoders.py; speechbrain/nnet/complex_networks/__init__.py; speechbrain/nnet/diffusion.py; speechbrain/nnet/dropout.py; speechbrain/nnet/embedding.py; speechbrain/nnet/loss/__init__.py; speechbrain/nnet/loss/stoi_loss.py; speechbrain/nnet/loss/transducer_loss.py; speechbrain/nnet/losses.py; speechbrain/nnet/normalization.py; speechbrain/nnet/pooling.py; speechbrain/nnet/quantisers.py; speechbrain/nnet/quaternion_networks/__init__.py; speechbrain/nnet/quaternion_networks/q_linear.py; speechbrain/nnet/quaternion_networks/q_pooling.py; speechbrain/nnet/schedulers.py; speechbrain/nnet/transducer/__init__.py; speechbrain/nnet/transducer/transducer_joint.py; speechbrain/nnet/unet.py; speechbrain/nnet/utils.py; speechbrain/processing/NMF.py; speechbrain/processing/PLDA_LDA.py; speechbrain/processing/__init__.py; speechbrain/processing/decomposition.py; speechbrain/processing/features.py; speechbrain/processing/multi_mic.py; speechbrain/processing/signal_processing.py; speechbrain/processing/vocal_features.py; speechbrain/tokenizers/SentencePiece.py; speechbrain/tokenizers/__init__.py; speechbrain/tokenizers/discrete_SSL_tokenizer.py; speechbrain/utils/Accuracy.py; speechbrain/utils/DER.py; speechbrain/utils/EDER.py; speechbrain/utils/__init__.py; speechbrain/utils/checkpoints.py; speechbrain/utils/data_pipeline.py; speechbrain/utils/data_utils.py; speechbrain/utils/depgraph.py; speechbrain/utils/dictionaries.py; speechbrain/utils/distances.py; speechbrain/utils/distributed.py; speechbrain/utils/dynamic_chunk_training.py; speechbrain/utils/edit_distance.py; speechbrain/utils/epoch_loop.py; speechbrain/utils/filter_analysis.py; speechbrain/utils/hpopt.py; speechbrain/utils/logger.py; speechbrain/utils/metric_stats.py; speechbrain/utils/run_opts.py; speechbrain/utils/streaming.py; speechbrain/utils/text_to_sequence.py; speechbrain/utils/torch_audio_backend.py; templates/enhancement/enhance_file.py; templates/enhancement/mini_librispeech_prepare.py; templates/enhancement/train.py; templates/hyperparameter_optimization_speaker_id/train.py; templates/speaker_id/custom_model.py; templates/speaker_id/mini_librispeech_prepare.py; templates/speaker_id/train.py; templates/speaker_id/verify_speaker.py; templates/speech_recognition/ASR/train.py; templates/speech_recognition/ASR/transcribe_file.py; templates/speech_recognition/LM/train.py; templates/speech_recognition/Tokenizer/train.py; templates/speech_recognition/mini_librispeech_prepare.py; tests/__init__.py; tests/consistency/test_HF_repo.py; tests/consistency/test_yaml.py; tests/integration/ASR_ConformerTransducer_streaming/example_asr_conformertransducer_streaming_experiment.py; tests/integration/ASR_Transducer/example_asr_transducer_experiment.py; tests/integration/ASR_seq2seq/example_asr_seq2seq_experiment.py; tests/integration/G2P/example_g2p.py; tests/integration/LM_RNN/example_lm_rnn_experiment.py; tests/integration/PLDA/example_plda_experiment.py; tests/integration/VAD/example_vad.py; tests/integration/sampling/example_sorting.py; tests/templates/fetching_ddp_dynbatch_finetuning/finetune.py; tests/templates/fetching_ddp_dynbatch_finetuning/finetune_fetch_once.py; tests/templates/fetching_ddp_dynbatch_finetuning/multisource_mini_recipe.py; tests/templates/fetching_ddp_dynbatch_finetuning/single_node_pretrained.py; tests/unittests/test_CNN.py; tests/unittests/test_RNN.py; tests/unittests/test_activations.py; tests/unittests/test_attention.py; tests/unittests/test_audio_io.py; tests/unittests/test_augment.py; tests/unittests/test_categorical_encoder.py; tests/unittests/test_conformer.py; tests/unittests/test_data_io.py; tests/unittests/test_dropout.py; tests/unittests/test_embedding.py; tests/unittests/test_input_norm.py; tests/unittests/test_length_mask.py; tests/unittests/test_linear.py; tests/unittests/test_multi_mic.py; tests/unittests/test_normalization.py; tests/unittests/test_parallel.py; tests/unittests/test_pooling.py; tests/unittests/test_quaternion_networks.py; tests/unittests/test_samplers.py; tests/unittests/test_schedulers.py; tests/unittests/test_signal_processing.py; tests/unittests/test_transformer_src_tgt_masks.py; tests/unittests/test_voice_analysis.py; tests/utils/check_HF_repo.py; tests/utils/check_docstrings.py; tests/utils/check_url.py; tests/utils/recipe_tests.py; tests/utils/refactoring_checks.py; tools/compute_wer.py; tools/profiling/profile.py; tools/readme_builder.py; tools/tutorial-cell-updater.py,.flake8; .pre-commit-config.yaml; pyproject.toml; requirements.txt; setup.py,,,,,
4886f9d5eee865f513f9,speechbrain/speechbrain,https://github.com/speechbrain/speechbrain,SpeechBrain toolkit CI,speechllm_librispeech,90bff2f9e852bd54f08dab2bd6c1589946302878,5f1b6c9560cb5b1cf19815b4db57fe0ce351fdfe,5f1b6c9560cb5b1cf19815b4db57fe0ce351fdfe; f8a8f2e383f1184ee2c2edcc5b28b1fd95a94a85; 2d3c0f0ad4b99776ed28b84448f094ca09820c61; 113e221856c25c4783c810301858f478e38d6a8d; 31345ae36904980f22615fb96055f991fd9b9f60; 7a1a69f52c6991b04587cfb9d6e3579e95fec386; a7c32280966b5bcf4ab85b97c813c60ffa5e8074; 103fadd4049984597e9fb3927b65df7400362225; 674eb5b31e5d4dd81238cdded42b089ce872bea9; 5b4e5820d44a023a1e55c1e847a7414e12df711d,10,6e4bbbed67d71693835a65d58918521b24703bd8,5d 02:31:04,docs/conf.py; recipes/LibriSpeech/ASR/transformer/train_speechllm.py; speechbrain/decoders/scorer.py; speechbrain/integrations/hdf5/__init__.py; speechbrain/integrations/hdf5/cached_item.py; speechbrain/integrations/huggingface/huggingface.py; speechbrain/integrations/huggingface/wordemb/__init__.py; speechbrain/nnet/activations.py; speechbrain/tokenizers/SentencePiece.py; speechbrain/utils/fetching.py; tests/unittests/test_tokenizer.py,.github/workflows/verify-docs-gen.yml; pyproject.toml; requirements.txt,,.github/workflows/verify-docs-gen.yml; pyproject.toml; requirements.txt,,,
04d94e91b7a099776599,speechbrain/speechbrain,https://github.com/speechbrain/speechbrain,SpeechBrain toolkit CI,speechllm_librispeech,ae52b7a8250df0e41218a915313d92380b0531d2,5e8bbabceeff142f905ee14a2ab327b907b58d44,5e8bbabceeff142f905ee14a2ab327b907b58d44; a5fc69225765534d49f33c1864794e37885d355f,2,97ee31df023ab92b85afa75c711bcdaf19978937,0d 00:28:16,speechbrain/integrations/hdf5/cached_item.py; speechbrain/lobes/models/GatedNN.py; speechbrain/nnet/activations.py; speechbrain/nnet/schedulers.py,,,,,,
4f8250acb38a26c3bd18,speechbrain/speechbrain,https://github.com/speechbrain/speechbrain,SpeechBrain pre-commit,Adel-Moumen-patch-1,e1a0952ba57d6c6f1a858d8c45f666dd2fc7fb02,ecf2f95c0ffc6a55927bf41d04f12640d039bfb5,ecf2f95c0ffc6a55927bf41d04f12640d039bfb5; 9002afd1be94d9442f56ccce5b0a397a61f128ae,2,3d3bb20aab67f15c50656fe1dbd5ab4bf437a9c9,0d 00:12:47,tests/unittests/test_core.py,,,,,,
a8ed723fd7a5dfd37ff6,speechbrain/speechbrain,https://github.com/speechbrain/speechbrain,SpeechBrain pre-commit,add_agents_instructions,9740feb20e4839bd42074296afc0735ffe0d71d9,a15281e7e95b90e2ecdf527b38d9c9f536d85160,a15281e7e95b90e2ecdf527b38d9c9f536d85160,1,b0f891842f561dc0fa31c8fdef3cac5e05bb6318,0d 00:07:43,recipes/ESC50/interpret/interpreter_brain.py; recipes/LJSpeech/TTS/fastspeech2/train.py; recipes/LJSpeech/TTS/fastspeech2/train_internal_alignment.py; recipes/LJSpeech/TTS/tacotron2/train.py; recipes/LJSpeech/TTS/vocoder/diffwave/train.py; recipes/LJSpeech/TTS/vocoder/hifigan/train.py; recipes/LJSpeech/TTS/vocoder/hifigan_discrete/train.py; recipes/LibriTTS/TTS/mstacotron2/train.py; recipes/LibriTTS/focalcodec-stream/libritts_prepare.py; recipes/LibriTTS/focalcodec-stream/metrics/dwer.py; recipes/LibriTTS/focalcodec-stream/metrics/speaker_similarity.py; recipes/LibriTTS/focalcodec-stream/metrics/utmos.py; recipes/LibriTTS/focalcodec-stream/train_decoder.py; recipes/LibriTTS/focalcodec-stream/train_encoder.py; recipes/LibriTTS/focalcodec-stream/train_joint.py; recipes/LibriTTS/focalcodec-stream/train_posemb.py; recipes/LibriTTS/focalcodec-stream/train_quantizer.py; recipes/LibriTTS/focalcodec-stream/utils.py; recipes/LibriTTS/focalcodec/train_decoder.py; recipes/LibriTTS/vocoder/hifigan/train.py; recipes/LibriTTS/vocoder/hifigan_discrete/train.py; recipes/LibriTTS/vocoder/hifigan_discrete/train_spk.py; speechbrain/core.py; speechbrain/dataio/dataio.py; speechbrain/inference/encoders.py; speechbrain/inference/interfaces.py; speechbrain/integrations/audio_tokenizers/kmeans.py; speechbrain/integrations/huggingface/hubert.py; speechbrain/integrations/huggingface/huggingface.py; speechbrain/integrations/huggingface/mert.py; speechbrain/integrations/huggingface/wav2vec2.py; speechbrain/integrations/huggingface/wavlm.py; speechbrain/integrations/huggingface/weighted_ssl.py; speechbrain/lobes/models/DiffWave.py; speechbrain/lobes/models/FastSpeech2.py; speechbrain/lobes/models/HifiGAN.py; speechbrain/lobes/models/Tacotron2.py; speechbrain/lobes/models/dual_path.py; speechbrain/nnet/adapters.py; speechbrain/nnet/losses.py; speechbrain/utils/checkpoints.py; speechbrain/utils/importutils.py; tests/unittests/test_adapters.py; tests/unittests/test_checkpoints.py,,,,,,
2cc83602ee8ff783e097,speechbrain/speechbrain,https://github.com/speechbrain/speechbrain,SpeechBrain pre-commit,develop,43c8ad1bb8da898c851ec0b21d52b3e0e706e81f,8f705513f0244f89d4b0c186f76c7d7b0da37c85,8f705513f0244f89d4b0c186f76c7d7b0da37c85,1,c6d2a8b1836dd86d06404c67d211e518a82fc407,0d 00:16:48,speechbrain/lobes/models/ECAPA_TDNN.py,,,,,,
46148e0003d35b10800f,speechbrain/speechbrain,https://github.com/speechbrain/speechbrain,SpeechBrain pre-commit,develop,a601051f44f66904b7ca6abfa0a5d79021e6ba46,cbaa0bdf189d6ae767a1e4acd91ea67f1704ce3c,cbaa0bdf189d6ae767a1e4acd91ea67f1704ce3c,1,ef9fb393d68a65eae4a5a7e4f5d04ddb7c4a7203,0d 00:03:11,recipes/LibriSpeech/ASR/transformer/extract_ssl_feats.py; speechbrain/processing/multi_mic.py; speechbrain/processing/signal_processing.py; speechbrain/utils/checkpoints.py,requirements.txt,requirements.txt,requirements.txt,,,
1f5acb42868d579e8a8c,speechbrain/speechbrain,https://github.com/speechbrain/speechbrain,SpeechBrain pre-commit,develop,2bafd45d6fb8eb4eb67f42533267a9df89a8986e,3d6d2daed93f886405d4d81cb045521ccb7a0d2f,3d6d2daed93f886405d4d81cb045521ccb7a0d2f; 841e205321029dec56c0354cda51bd2c2c6c29eb; d4316ecab7cddb8fefcdc181a2fe6559a4dffd78,3,e400a03a7036bece22a883158f762cbe6051fc01,0d 00:15:14,speechbrain/lobes/models/dual_path.py; speechbrain/nnet/adapters.py; speechbrain/utils/importutils.py; tests/unittests/test_adapters.py,,,,,,
b47eff53993ffafe2525,speechbrain/speechbrain,https://github.com/speechbrain/speechbrain,SpeechBrain pre-commit,develop,830d60112e70391c06d5956ef30c82b300af773b,825d024659ec6d2b35f6a7206825de4b69d53404,825d024659ec6d2b35f6a7206825de4b69d53404,1,1fbb135f303d9fc6627d9a839ef9a23d2f0d1fe0,0d 00:01:35,speechbrain/lobes/models/transformer/TransformerST.py,,,,,,
eaae35d2d16b68900e87,speechbrain/speechbrain,https://github.com/speechbrain/speechbrain,SpeechBrain pre-commit,fix-ckpt-yaml-load,23882d0563676daeb614d5f72d5581826cd3af3b,1b4923fad5e8675ad673b6809df97b7fe3d94d68,1b4923fad5e8675ad673b6809df97b7fe3d94d68,1,4b447bd820bf4f6f6f6ebaaeb186cdf2ffc37039,0d 00:14:46,recipes/ESC50/interpret/interpreter_brain.py,,,,,,
88e21ce7d6e1749fd381,speechbrain/speechbrain,https://github.com/speechbrain/speechbrain,SpeechBrain pre-commit,remove-ctc-cuda-deprecated,22510bf51018bf15af4ea3749664c2248f401f54,c0b5054e653aad4c3ce7e27c2cae2470bf9554f0,c0b5054e653aad4c3ce7e27c2cae2470bf9554f0,1,4b0646be78b60095cfb1da213051a75bc0bb3f1c,0d 00:24:13,speechbrain/nnet/losses.py,,,,,,
eb77888db80c1123ac39,speechbrain/speechbrain,https://github.com/speechbrain/speechbrain,SpeechBrain pre-commit,sgmse_vbdmd_enhance,62621b0da3aad1e5bb59e545d180f43d674e5b3c,fd2fcec9f65ccaae55b53e48d2451aacc04153be,fd2fcec9f65ccaae55b53e48d2451aacc04153be,1,8dae767d954e7164945b272a541bd6f3e46b76b8,0d 00:04:48,recipes/Voicebank/enhance/SGMSE/train.py; speechbrain/lobes/models/transformer/Conformer.py; speechbrain/utils/epoch_loop.py,,,,,,
e9a96accf3de4a999c37,speechbrain/speechbrain,https://github.com/speechbrain/speechbrain,SpeechBrain pre-commit,sgmse_vbdmd_enhance,a99572dfdd1598a6dcd7e144d4688ea2188f2775,92786988e489e51b78a81e84dcf80fc51bad1c1f,92786988e489e51b78a81e84dcf80fc51bad1c1f; 763685d44307c70aba89a4237d0e552037241e4b,2,469c0fccd80bfcc35df2b200099e41c9100b4247,24d 01:43:10,conftest.py; recipes/AISHELL-1/aishell_prepare.py; recipes/AMI/Diarization/experiment.py; recipes/AMI/ami_prepare.py; recipes/Aishell1Mix/meta/preprocess_dynamic_mixing.py; recipes/Aishell1Mix/prepare_data.py; recipes/Aishell1Mix/separation/dynamic_mixing.py; recipes/Aishell1Mix/separation/scripts/create_aishell1_metadata.py; recipes/Aishell1Mix/separation/scripts/create_aishell1mix_from_metadata.py; recipes/Aishell1Mix/separation/train.py; recipes/AudioMNIST/audiomnist_prepare.py; recipes/AudioMNIST/diffusion/train.py; recipes/BinauralWSJ0Mix/prepare_data.py; recipes/BinauralWSJ0Mix/separation/dynamic_mixing.py; recipes/BinauralWSJ0Mix/separation/train.py; recipes/CVSS/S2ST/extract_code.py; recipes/CVSS/S2ST/train.py; recipes/CVSS/cvss_prepare.py; recipes/CoVoST/AST/train.py; recipes/CoVoST/AST/train_w2v2_llama.py; recipes/CoVoST/covost_prepare.py; recipes/CommonLanguage/common_language_prepare.py; recipes/CommonLanguage/lang_id/train.py; recipes/CommonVoice/ASR/CTC/train_with_wav2vec.py; recipes/CommonVoice/ASR/seq2seq/train.py; recipes/CommonVoice/ASR/seq2seq/train_with_wav2vec.py; recipes/CommonVoice/ASR/transducer/train.py; recipes/CommonVoice/ASR/transformer/train.py; recipes/CommonVoice/ASR/transformer/train_with_whisper.py; recipes/CommonVoice/LM/train.py; recipes/CommonVoice/common_voice_prepare.py; recipes/CommonVoice/self-supervised-learning/wav2vec2/train_hf_wav2vec2.py; recipes/DNS/create_wds_shards.py; recipes/DNS/dns_download.py; recipes/DNS/enhancement/train.py; recipes/DNS/noisyspeech_synthesizer/audiolib.py; recipes/DVoice/ASR/CTC/train_with_wav2vec2.py; recipes/DVoice/dvoice_prepare.py; recipes/ESC50/classification/train.py; recipes/ESC50/esc50_prepare.py; recipes/ESC50/interpret/eval.py; recipes/ESC50/interpret/interpret_amt.py; recipes/ESC50/interpret/interpreter_brain.py; recipes/ESC50/interpret/train_l2i.py; recipes/ESC50/interpret/train_lmac.py; recipes/ESC50/interpret/train_nmf.py; recipes/ESC50/wham_prepare.py; recipes/Fisher-Callhome-Spanish/fisher_callhome_prepare.py; recipes/GigaSpeech/ASR/CTC/train_with_wavlm.py; recipes/GigaSpeech/dataset.py; recipes/GigaSpeech/gigaspeech_prepare.py; recipes/Google-speech-commands/prepare_GSC.py; recipes/Google-speech-commands/train.py; recipes/IEMOCAP/emotion_recognition/iemocap_prepare.py; recipes/IEMOCAP/iemocap_prepare.py; recipes/KsponSpeech/ASR/transformer/train.py; recipes/KsponSpeech/LM/train.py; recipes/KsponSpeech/ksponspeech_prepare.py; recipes/LJSpeech/TTS/fastspeech2/train.py; recipes/LJSpeech/TTS/fastspeech2/train_internal_alignment.py; recipes/LJSpeech/TTS/tacotron2/train.py; recipes/LJSpeech/TTS/vocoder/diffwave/train.py; recipes/LJSpeech/TTS/vocoder/hifigan/train.py; recipes/LJSpeech/TTS/vocoder/hifigan_discrete/extract_code.py; recipes/LJSpeech/TTS/vocoder/hifigan_discrete/train.py; recipes/LJSpeech/ljspeech_prepare.py; recipes/Libri-Light/self-supervised-learning/BEST-RQ/librilight_prepare.py; recipes/Libri-Light/self-supervised-learning/BEST-RQ/train.py; recipes/LibriMix/meta/preprocess_dynamic_mixing.py; recipes/LibriMix/prepare_data.py; recipes/LibriMix/separation/dynamic_mixing.py; recipes/LibriMix/separation/train.py; recipes/LibriParty/VAD/commonlanguage_prepare.py; recipes/LibriParty/VAD/libriparty_prepare.py; recipes/LibriParty/VAD/musan_prepare.py; recipes/LibriParty/VAD/train.py; recipes/LibriParty/generate_dataset/create_custom_dataset.py; recipes/LibriParty/generate_dataset/get_dataset_from_metadata.py; recipes/LibriParty/generate_dataset/local/create_mixtures_from_metadata.py; recipes/LibriParty/generate_dataset/local/create_mixtures_metadata.py; recipes/LibriParty/generate_dataset/local/resample_folder.py; recipes/LibriSpeech/ASR/CTC/train.py; recipes/LibriSpeech/ASR/CTC/train_with_bestrq.py; recipes/LibriSpeech/ASR/CTC/train_with_wav2vec.py; recipes/LibriSpeech/ASR/CTC/train_with_wav2vec_k2.py; recipes/LibriSpeech/ASR/transformer/train_with_whisper.py; recipes/LibriSpeech/G2P/tokenizer_prepare.py; recipes/LibriSpeech/G2P/train.py; recipes/LibriSpeech/G2P/train_lm.py; recipes/LibriSpeech/LM/dataset.py; recipes/LibriSpeech/LM/train.py; recipes/LibriSpeech/librispeech_prepare.py; recipes/LibriSpeech/self-supervised-learning/BEST-RQ/train.py; recipes/LibriTTS/TTS/mstacotron2/compute_speaker_embeddings.py; recipes/LibriTTS/TTS/mstacotron2/train.py; recipes/LibriTTS/libritts_prepare.py; recipes/LibriTTS/vocoder/hifigan/train.py; recipes/LibriTTS/vocoder/hifigan_discrete/extract_code.py; recipes/LibriTTS/vocoder/hifigan_discrete/extract_speaker_embeddings.py; recipes/LibriTTS/vocoder/hifigan_discrete/train.py; recipes/LibriTTS/vocoder/hifigan_discrete/train_spk.py; recipes/Libriheavy/libriheavy_prepare.py; recipes/PeoplesSpeech/ASR/transformer/train.py; recipes/PeoplesSpeech/peoples_speech_prepare.py; recipes/REAL-M/sisnr-estimation/train.py; recipes/RescueSpeech/ASR/noise-robust/train.py; recipes/RescueSpeech/rescuespeech_prepare.py; recipes/SEP-28k/stuttering-detection/train.py; recipes/SLURP/prepare.py; recipes/Switchboard/ASR/CTC/train_with_wav2vec.py; recipes/Switchboard/ASR/seq2seq/train.py; recipes/Switchboard/ASR/transformer/train.py; recipes/Switchboard/LM/train.py; recipes/Switchboard/switchboard_prepare.py; recipes/TIMIT/ASR/transducer/train.py; recipes/TIMIT/ASR/transducer/train_wav2vec.py; recipes/TIMIT/Alignment/train.py; recipes/TIMIT/timit_prepare.py; recipes/Tedlium2/ASR/transformer/tedlium2_prepare.py; recipes/Tedlium2/tedlium2_prepare.py; recipes/UrbanSound8k/SoundClassification/train.py; recipes/UrbanSound8k/urbansound8k_prepare.py; recipes/Voicebank/ASR/CTC/train.py; recipes/Voicebank/MTL/ASR_enhance/train.py; recipes/Voicebank/dereverb/MetricGAN-U/train.py; recipes/Voicebank/dereverb/MetricGAN-U/voicebank_revb_prepare.py; recipes/Voicebank/dereverb/spectral_mask/train.py; recipes/Voicebank/dereverb/spectral_mask/voicebank_revb_prepare.py; recipes/Voicebank/enhance/MetricGAN-U/train.py; recipes/Voicebank/enhance/MetricGAN-U/voicebank_prepare.py; recipes/Voicebank/enhance/MetricGAN/train.py; recipes/Voicebank/enhance/SEGAN/train.py; recipes/Voicebank/enhance/SGMSE/train.py; recipes/Voicebank/enhance/spectral_mask/train.py; recipes/Voicebank/enhance/waveform_map/train.py; recipes/Voicebank/voicebank_prepare.py; recipes/VoxCeleb/SpeakerRec/extract_speaker_embeddings.py; recipes/VoxCeleb/SpeakerRec/speaker_verification_cosine.py; recipes/VoxCeleb/SpeakerRec/speaker_verification_plda.py; recipes/VoxCeleb/SpeakerRec/train_speaker_embeddings.py; recipes/VoxCeleb/voxceleb_prepare.py; recipes/VoxLingua107/lang_id/create_wds_shards.py; recipes/VoxLingua107/lang_id/train.py; recipes/VoxPopuli/ASR/transducer/train.py; recipes/VoxPopuli/Tokenizer/train.py; recipes/VoxPopuli/voxpopuli_prepare.py; recipes/WHAMandWHAMR/enhancement/dynamic_mixing.py; recipes/WHAMandWHAMR/enhancement/train.py; recipes/WHAMandWHAMR/meta/create_whamr_rirs.py; recipes/WHAMandWHAMR/meta/preprocess_dynamic_mixing.py; recipes/WHAMandWHAMR/prepare_data.py; recipes/WHAMandWHAMR/separation/dynamic_mixing.py; recipes/WHAMandWHAMR/separation/train.py; recipes/WSJ0Mix/meta/preprocess_dynamic_mixing.py; recipes/WSJ0Mix/prepare_data.py; recipes/WSJ0Mix/separation/dynamic_mixing.py; recipes/WSJ0Mix/separation/train.py; recipes/ZaionEmotionDataset/emotion_diarization/datasets/prepare_IEMOCAP.py; recipes/ZaionEmotionDataset/emotion_diarization/datasets/vad.py; recipes/ZaionEmotionDataset/emotion_diarization/train.py; recipes/ZaionEmotionDataset/emotion_diarization/zed_prepare.py; setup.py; speechbrain/__init__.py; speechbrain/alignment/__init__.py; speechbrain/alignment/aligner.py; speechbrain/augment/__init__.py; speechbrain/augment/augmenter.py; speechbrain/augment/codec.py; speechbrain/augment/freq_domain.py; speechbrain/augment/preparation.py; speechbrain/augment/time_domain.py; speechbrain/core.py; speechbrain/dataio/__init__.py; speechbrain/dataio/audio_io.py; speechbrain/dataio/batch.py; speechbrain/dataio/dataio.py; speechbrain/dataio/dataloader.py; speechbrain/dataio/dataset.py; speechbrain/dataio/encoder.py; speechbrain/dataio/iterators.py; speechbrain/dataio/legacy.py; speechbrain/dataio/preprocess.py; speechbrain/dataio/sampler.py; speechbrain/decoders/__init__.py; speechbrain/decoders/ctc.py; speechbrain/decoders/scorer.py; speechbrain/decoders/seq2seq.py; speechbrain/decoders/transducer.py; speechbrain/decoders/utils.py; speechbrain/inference/ASR.py; speechbrain/inference/SLU.py; speechbrain/inference/ST.py; speechbrain/inference/TTS.py; speechbrain/inference/VAD.py; speechbrain/inference/classifiers.py; speechbrain/inference/diarization.py; speechbrain/inference/encoders.py; speechbrain/inference/enhancement.py; speechbrain/inference/interfaces.py; speechbrain/inference/interpretability.py; speechbrain/inference/metrics.py; speechbrain/inference/separation.py; speechbrain/inference/speaker.py; speechbrain/inference/text.py; speechbrain/inference/vocoders.py; speechbrain/integrations/alignment/diarization.py; speechbrain/integrations/audio_tokenizers/discrete_ssl.py; speechbrain/integrations/audio_tokenizers/speechtokenizer_interface.py; speechbrain/integrations/audio_tokenizers/wavtokenizer_interface.py; speechbrain/integrations/decoders/kenlm_scorer.py; speechbrain/integrations/hdf5/__init__.py; speechbrain/integrations/hdf5/cached_item.py; speechbrain/integrations/huggingface/encodec.py; speechbrain/integrations/huggingface/llama.py; speechbrain/integrations/huggingface/mbart.py; speechbrain/integrations/huggingface/mimi.py; speechbrain/integrations/huggingface/nllb.py; speechbrain/integrations/huggingface/textencoder.py; speechbrain/integrations/huggingface/weighted_ssl.py; speechbrain/integrations/huggingface/whisper.py; speechbrain/integrations/huggingface/wordemb/transformer.py; speechbrain/integrations/huggingface/wordemb/util.py; speechbrain/integrations/k2_fsa/align.py; speechbrain/integrations/k2_fsa/graph_compiler.py; speechbrain/integrations/k2_fsa/lattice_decoder.py; speechbrain/integrations/k2_fsa/lexicon.py; speechbrain/integrations/k2_fsa/losses.py; speechbrain/integrations/k2_fsa/prepare_lang.py; speechbrain/integrations/k2_fsa/utils.py; speechbrain/integrations/models/sgmse_plus.py; speechbrain/integrations/nlp/bleu.py; speechbrain/integrations/tests/test_ctc_segmentation.py; speechbrain/integrations/tests/test_k2.py; speechbrain/lm/__init__.py; speechbrain/lm/arpa.py; speechbrain/lm/ngram.py; speechbrain/lobes/__init__.py; speechbrain/lobes/beamform_multimic.py; speechbrain/lobes/downsampling.py; speechbrain/lobes/features.py; speechbrain/lobes/models/BESTRQ.py; speechbrain/lobes/models/Cnn14.py; speechbrain/lobes/models/ECAPA_TDNN.py; speechbrain/lobes/models/FastSpeech2.py; speechbrain/lobes/models/HifiGAN.py; speechbrain/lobes/models/L2I.py; speechbrain/lobes/models/MSTacotron2.py; speechbrain/lobes/models/PIQ.py; speechbrain/lobes/models/ResNet.py; speechbrain/lobes/models/Tacotron2.py; speechbrain/lobes/models/Xvector.py; speechbrain/lobes/models/__init__.py; speechbrain/lobes/models/beats.py; speechbrain/lobes/models/conv_tasnet.py; speechbrain/lobes/models/discrete/dac.py; speechbrain/lobes/models/dual_path.py; speechbrain/lobes/models/fairseq_wav2vec.py; speechbrain/lobes/models/g2p/homograph.py; speechbrain/lobes/models/resepformer.py; speechbrain/lobes/models/segan_model.py; speechbrain/lobes/models/transformer/Branchformer.py; speechbrain/lobes/models/transformer/Conformer.py; speechbrain/lobes/models/transformer/Transformer.py; speechbrain/lobes/models/transformer/TransformerASR.py; speechbrain/lobes/models/transformer/TransformerST.py; speechbrain/lobes/models/wav2vec.py; speechbrain/nnet/CNN.py; speechbrain/nnet/__init__.py; speechbrain/nnet/adapters.py; speechbrain/nnet/attention.py; speechbrain/nnet/autoencoders.py; speechbrain/nnet/complex_networks/__init__.py; speechbrain/nnet/diffusion.py; speechbrain/nnet/dropout.py; speechbrain/nnet/embedding.py; speechbrain/nnet/loss/__init__.py; speechbrain/nnet/loss/stoi_loss.py; speechbrain/nnet/loss/transducer_loss.py; speechbrain/nnet/losses.py; speechbrain/nnet/normalization.py; speechbrain/nnet/pooling.py; speechbrain/nnet/quantisers.py; speechbrain/nnet/quaternion_networks/__init__.py; speechbrain/nnet/quaternion_networks/q_linear.py; speechbrain/nnet/quaternion_networks/q_pooling.py; speechbrain/nnet/schedulers.py; speechbrain/nnet/transducer/__init__.py; speechbrain/nnet/transducer/transducer_joint.py; speechbrain/nnet/unet.py; speechbrain/nnet/utils.py; speechbrain/processing/NMF.py; speechbrain/processing/PLDA_LDA.py; speechbrain/processing/__init__.py; speechbrain/processing/decomposition.py; speechbrain/processing/features.py; speechbrain/processing/multi_mic.py; speechbrain/processing/signal_processing.py; speechbrain/processing/vocal_features.py; speechbrain/tokenizers/SentencePiece.py; speechbrain/tokenizers/__init__.py; speechbrain/tokenizers/discrete_SSL_tokenizer.py; speechbrain/utils/Accuracy.py; speechbrain/utils/DER.py; speechbrain/utils/EDER.py; speechbrain/utils/__init__.py; speechbrain/utils/checkpoints.py; speechbrain/utils/data_pipeline.py; speechbrain/utils/data_utils.py; speechbrain/utils/depgraph.py; speechbrain/utils/dictionaries.py; speechbrain/utils/distances.py; speechbrain/utils/distributed.py; speechbrain/utils/dynamic_chunk_training.py; speechbrain/utils/edit_distance.py; speechbrain/utils/epoch_loop.py; speechbrain/utils/filter_analysis.py; speechbrain/utils/hpopt.py; speechbrain/utils/logger.py; speechbrain/utils/metric_stats.py; speechbrain/utils/run_opts.py; speechbrain/utils/streaming.py; speechbrain/utils/text_to_sequence.py; speechbrain/utils/torch_audio_backend.py; templates/enhancement/enhance_file.py; templates/enhancement/mini_librispeech_prepare.py; templates/enhancement/train.py; templates/hyperparameter_optimization_speaker_id/train.py; templates/speaker_id/custom_model.py; templates/speaker_id/mini_librispeech_prepare.py; templates/speaker_id/train.py; templates/speaker_id/verify_speaker.py; templates/speech_recognition/ASR/train.py; templates/speech_recognition/ASR/transcribe_file.py; templates/speech_recognition/LM/train.py; templates/speech_recognition/Tokenizer/train.py; templates/speech_recognition/mini_librispeech_prepare.py; tests/__init__.py; tests/consistency/test_HF_repo.py; tests/consistency/test_yaml.py; tests/integration/ASR_ConformerTransducer_streaming/example_asr_conformertransducer_streaming_experiment.py; tests/integration/ASR_Transducer/example_asr_transducer_experiment.py; tests/integration/ASR_seq2seq/example_asr_seq2seq_experiment.py; tests/integration/G2P/example_g2p.py; tests/integration/LM_RNN/example_lm_rnn_experiment.py; tests/integration/PLDA/example_plda_experiment.py; tests/integration/VAD/example_vad.py; tests/integration/sampling/example_sorting.py; tests/templates/fetching_ddp_dynbatch_finetuning/finetune.py; tests/templates/fetching_ddp_dynbatch_finetuning/finetune_fetch_once.py; tests/templates/fetching_ddp_dynbatch_finetuning/multisource_mini_recipe.py; tests/templates/fetching_ddp_dynbatch_finetuning/single_node_pretrained.py; tests/unittests/test_CNN.py; tests/unittests/test_RNN.py; tests/unittests/test_activations.py; tests/unittests/test_attention.py; tests/unittests/test_audio_io.py; tests/unittests/test_augment.py; tests/unittests/test_categorical_encoder.py; tests/unittests/test_conformer.py; tests/unittests/test_data_io.py; tests/unittests/test_dropout.py; tests/unittests/test_embedding.py; tests/unittests/test_input_norm.py; tests/unittests/test_length_mask.py; tests/unittests/test_linear.py; tests/unittests/test_multi_mic.py; tests/unittests/test_normalization.py; tests/unittests/test_parallel.py; tests/unittests/test_pooling.py; tests/unittests/test_quaternion_networks.py; tests/unittests/test_samplers.py; tests/unittests/test_schedulers.py; tests/unittests/test_signal_processing.py; tests/unittests/test_transformer_src_tgt_masks.py; tests/unittests/test_voice_analysis.py; tests/utils/check_HF_repo.py; tests/utils/check_docstrings.py; tests/utils/check_url.py; tests/utils/recipe_tests.py; tests/utils/refactoring_checks.py; tools/compute_wer.py; tools/profiling/profile.py; tools/readme_builder.py; tools/tutorial-cell-updater.py,.flake8; .pre-commit-config.yaml; pyproject.toml; requirements.txt; setup.py,,,,,
e1c88ef5d5f9adfb978f,speechbrain/speechbrain,https://github.com/speechbrain/speechbrain,SpeechBrain pre-commit,speechllm_librispeech,bf38b594b7c820a24d45308e631c24fe2653921d,1635b6accff606371ca2b9c5245d6627f89a45c4,1635b6accff606371ca2b9c5245d6627f89a45c4; 4d68fa324e0e788b13ff61cf73f10b230e7ada67; 386e09f499c3255289dac4759603be1e7caf12a5; 7c3d40e7060385a2df95db26522494b3d68d81a4,4,86f73861eb42e1738ab51747896ab3b4eb4f4a19,0d 00:02:18,recipes/LibriSpeech/librispeech_prepare.py; speechbrain/decoders/seq2seq.py; speechbrain/inference/ASR.py; speechbrain/lobes/models/GatedNN.py,,,,,,
2e1611dcda4ba9c04b39,speechbrain/speechbrain,https://github.com/speechbrain/speechbrain,SpeechBrain pre-commit,speechllm_librispeech,810d172e50703d0bae47a3fafe08da8a45bd7ea9,90bff2f9e852bd54f08dab2bd6c1589946302878,90bff2f9e852bd54f08dab2bd6c1589946302878; 5f1b6c9560cb5b1cf19815b4db57fe0ce351fdfe; f8a8f2e383f1184ee2c2edcc5b28b1fd95a94a85; 2d3c0f0ad4b99776ed28b84448f094ca09820c61; 113e221856c25c4783c810301858f478e38d6a8d; 31345ae36904980f22615fb96055f991fd9b9f60; 7a1a69f52c6991b04587cfb9d6e3579e95fec386,7,a7c32280966b5bcf4ab85b97c813c60ffa5e8074,3d 22:42:59,docs/conf.py; recipes/LibriSpeech/ASR/transformer/train_speechllm.py; speechbrain/integrations/hdf5/__init__.py; speechbrain/integrations/hdf5/cached_item.py; speechbrain/integrations/huggingface/wordemb/__init__.py; speechbrain/nnet/activations.py,.github/workflows/verify-docs-gen.yml,,,,,
19335ea0ce0f2fd800ab,speechbrain/speechbrain,https://github.com/speechbrain/speechbrain,SpeechBrain pre-commit,speechllm_librispeech,a7c32280966b5bcf4ab85b97c813c60ffa5e8074,103fadd4049984597e9fb3927b65df7400362225,103fadd4049984597e9fb3927b65df7400362225; 674eb5b31e5d4dd81238cdded42b089ce872bea9; 5b4e5820d44a023a1e55c1e847a7414e12df711d; 6e4bbbed67d71693835a65d58918521b24703bd8,4,e503d253b659e84787aa69da09ba116bfca4fa81,4d 19:32:34,docs/conf.py; speechbrain/decoders/scorer.py; speechbrain/integrations/huggingface/huggingface.py; speechbrain/tokenizers/SentencePiece.py; tests/unittests/test_tokenizer.py,.github/workflows/verify-docs-gen.yml; pyproject.toml; requirements.txt,,,,,
e36d9258984f3c8426a7,speechbrain/speechbrain,https://github.com/speechbrain/speechbrain,SpeechBrain pre-commit,speechllm_librispeech,ae52b7a8250df0e41218a915313d92380b0531d2,5e8bbabceeff142f905ee14a2ab327b907b58d44,5e8bbabceeff142f905ee14a2ab327b907b58d44,1,a5fc69225765534d49f33c1864794e37885d355f,0d 00:15:44,speechbrain/integrations/hdf5/cached_item.py; speechbrain/nnet/activations.py; speechbrain/nnet/schedulers.py,,,,,,
ef6402fc378885384864,speechbrain/speechbrain,https://github.com/speechbrain/speechbrain,Verify docs generation,SENSE,56c738a0167fd2883cabb4a2696af90bec66e8b6,cda84edd24ae5a9820e472d3459800fd8f441d2a,cda84edd24ae5a9820e472d3459800fd8f441d2a,1,51727d4ee2c429402a1274acb06ecfe020b24f84,32d 20:41:37,conftest.py; docs/conf.py; recipes/CommonVoice/SENSE/common_voice_sense_prepare.py; recipes/CommonVoice/SENSE/train.py; recipes/CommonVoice/common_voice_sense_prepare.py; recipes/GigaSpeech/gigaspeech_prepare.py; recipes/KsponSpeech/ASR/transformer/ksponspeech_prepare.py; recipes/KsponSpeech/ASR/transformer/train.py; recipes/KsponSpeech/LM/ksponspeech_prepare.py; recipes/KsponSpeech/LM/train.py; recipes/KsponSpeech/Tokenizer/ksponspeech_prepare.py; recipes/KsponSpeech/Tokenizer/train.py; recipes/KsponSpeech/convert_to_wav.py; recipes/KsponSpeech/ksponspeech_prepare.py; recipes/LibriSpeech/ASR/transformer/extract_ssl_feats.py; recipes/LibriSpeech/ASR/transformer/train_speechllm.py; recipes/LibriSpeech/librispeech_prepare.py; recipes/LibriTTS/focalcodec/libritts_prepare.py; recipes/LibriTTS/focalcodec/metrics/dwer.py; recipes/LibriTTS/focalcodec/metrics/speaker_similarity.py; recipes/LibriTTS/focalcodec/metrics/utmos.py; recipes/LibriTTS/focalcodec/train_decoder.py; recipes/LibriTTS/focalcodec/train_quantizer.py; recipes/LibriTTS/focalcodec/utils.py; recipes/Loquacious/loquacious_set_prepare.py; recipes/PeoplesSpeech/peoples_speech_prepare.py; speechbrain/__init__.py; speechbrain/core.py; speechbrain/dataio/batch.py; speechbrain/dataio/dataio.py; speechbrain/dataio/dataset.py; speechbrain/dataio/legacy.py; speechbrain/decoders/ctc.py; speechbrain/decoders/scorer.py; speechbrain/decoders/seq2seq.py; speechbrain/inference/ASR.py; speechbrain/inference/interfaces.py; speechbrain/integrations/__init__.py; speechbrain/integrations/alignment/__init__.py; speechbrain/integrations/alignment/ctc_seg.py; speechbrain/integrations/audio_tokenizers/__init__.py; speechbrain/integrations/decoders/__init__.py; speechbrain/integrations/hdf5/__init__.py; speechbrain/integrations/hdf5/cached_item.py; speechbrain/integrations/huggingface/__init__.py; speechbrain/integrations/huggingface/huggingface.py; speechbrain/integrations/huggingface/llama.py; speechbrain/integrations/huggingface/w2v_bert.py; speechbrain/integrations/huggingface/wordemb/__init__.py; speechbrain/integrations/models/__init__.py; speechbrain/integrations/nlp/bgeM3_embeddings.py; speechbrain/integrations/numba/__init__.py; speechbrain/integrations/numba/transducer_loss.py; speechbrain/integrations/tests/test_cached_item.py; speechbrain/lobes/models/GatedNN.py; speechbrain/lobes/models/HifiGAN.py; speechbrain/lobes/models/bsq.py; speechbrain/nnet/adapters.py; speechbrain/nnet/loss/__init__.py; speechbrain/nnet/loss/transducer_loss.py; speechbrain/nnet/losses.py; speechbrain/nnet/schedulers.py; speechbrain/processing/PLDA_LDA.py; speechbrain/processing/multi_mic.py; speechbrain/processing/signal_processing.py; speechbrain/tokenizers/SentencePiece.py; speechbrain/utils/autocast.py; speechbrain/utils/checkpoints.py; speechbrain/utils/data_pipeline.py; speechbrain/utils/distributed.py; speechbrain/utils/fetching.py; speechbrain/utils/parallel.py; tests/unittests/test_autocast.py; tests/unittests/test_batching.py; tests/unittests/test_data_pipeline.py; tests/unittests/test_parallel.py; tests/unittests/test_tokenizer.py,.github/workflows/verify-docs-gen.yml; pyproject.toml; requirements.txt,,.github/workflows/verify-docs-gen.yml; pyproject.toml; requirements.txt,,,
c1a8929076b8598d7ff5,speechbrain/speechbrain,https://github.com/speechbrain/speechbrain,Verify docs generation,caching-dynamic-item-dataset,4541a34cafa7752161784e13d7eae39ce2da26f8,256ff26f4fb29b1ebe6cdcf7cb030225aca6a74a,256ff26f4fb29b1ebe6cdcf7cb030225aca6a74a,1,301e68823c23f48d36a0391cbd7e08b9316a30ad,0d 00:31:30,speechbrain/utils/data_pipeline.py; templates/speaker_id/train.py,pyproject.toml; requirements.txt,,pyproject.toml; requirements.txt,,,
a301c17c32e770b66048,speechbrain/speechbrain,https://github.com/speechbrain/speechbrain,Verify docs generation,develop,5c3c71004c247b6ed58b8f8332f6e03b6f12c5cf,ba4f674bb8dbe4276d463b9fdb9b7bce13aea42b,ba4f674bb8dbe4276d463b9fdb9b7bce13aea42b; f97c1b2f1b608d459fd2be2cb6730e9e3d276173,2,0202ec539e63ec66240aa726fabeb09f1d90071a,9d 14:47:48,speechbrain/decoders/scorer.py; speechbrain/integrations/huggingface/huggingface.py; speechbrain/tokenizers/SentencePiece.py; tests/unittests/test_tokenizer.py,.github/workflows/verify-docs-gen.yml; pyproject.toml; requirements.txt,,.github/workflows/verify-docs-gen.yml; pyproject.toml; requirements.txt,,,
8987df7140ef256050be,speechbrain/speechbrain,https://github.com/speechbrain/speechbrain,Verify docs generation,patch-1,363cef620956c9bc1255f9a1692dac626280f097,1e7db6f1e16a04850e1b830e31c3633ead9b662d,1e7db6f1e16a04850e1b830e31c3633ead9b662d,1,bda6255c77ed032a2a990da315708b55b6670292,4d 05:50:41,docs/conf.py; recipes/Aishell1Mix/meta/preprocess_dynamic_mixing.py; recipes/Aishell1Mix/separation/dynamic_mixing.py; recipes/Aishell1Mix/separation/train.py; recipes/BinauralWSJ0Mix/separation/dynamic_mixing.py; recipes/BinauralWSJ0Mix/separation/train.py; recipes/CVSS/S2ST/extract_code.py; recipes/CVSS/S2ST/train.py; recipes/CVSS/cvss_prepare.py; recipes/CoVoST/AST/train.py; recipes/CoVoST/AST/train_w2v2_llama.py; recipes/CommonLanguage/common_language_prepare.py; recipes/CommonLanguage/lang_id/train.py; recipes/CommonVoice/ASR/CTC/train_with_wav2vec.py; recipes/CommonVoice/ASR/seq2seq/train.py; recipes/CommonVoice/ASR/seq2seq/train_with_wav2vec.py; recipes/CommonVoice/ASR/transducer/train.py; recipes/CommonVoice/ASR/transformer/train.py; recipes/CommonVoice/ASR/transformer/train_with_whisper.py; recipes/CommonVoice/self-supervised-learning/wav2vec2/train_hf_wav2vec2.py; recipes/DNS/create_wds_shards.py; recipes/DNS/enhancement/train.py; recipes/DVoice/ASR/CTC/train_with_wav2vec2.py; recipes/ESC50/classification/train.py; recipes/ESC50/esc50_prepare.py; recipes/ESC50/interpret/eval.py; recipes/ESC50/interpret/interpret_amt.py; recipes/ESC50/interpret/interpreter_brain.py; recipes/ESC50/wham_prepare.py; recipes/Fisher-Callhome-Spanish/fisher_callhome_prepare.py; recipes/GigaSpeech/gigaspeech_prepare.py; recipes/Google-speech-commands/train.py; recipes/KsponSpeech/ASR/transformer/ksponspeech_prepare.py; recipes/KsponSpeech/ASR/transformer/train.py; recipes/KsponSpeech/LM/ksponspeech_prepare.py; recipes/KsponSpeech/LM/train.py; recipes/KsponSpeech/Tokenizer/ksponspeech_prepare.py; recipes/KsponSpeech/Tokenizer/train.py; recipes/KsponSpeech/convert_to_wav.py; recipes/KsponSpeech/ksponspeech_prepare.py; recipes/LJSpeech/TTS/fastspeech2/train.py; recipes/LJSpeech/TTS/fastspeech2/train_internal_alignment.py; recipes/LJSpeech/TTS/vocoder/diffwave/train.py; recipes/LJSpeech/TTS/vocoder/hifigan/train.py; recipes/LJSpeech/TTS/vocoder/hifigan_discrete/extract_code.py; recipes/LJSpeech/TTS/vocoder/hifigan_discrete/train.py; recipes/LJSpeech/ljspeech_prepare.py; recipes/LibriMix/meta/preprocess_dynamic_mixing.py; recipes/LibriMix/separation/dynamic_mixing.py; recipes/LibriMix/separation/train.py; recipes/LibriParty/VAD/commonlanguage_prepare.py; recipes/LibriParty/VAD/musan_prepare.py; recipes/LibriParty/generate_dataset/local/create_mixtures_from_metadata.py; recipes/LibriParty/generate_dataset/local/create_mixtures_metadata.py; recipes/LibriParty/generate_dataset/local/resample_folder.py; recipes/LibriTTS/TTS/mstacotron2/compute_speaker_embeddings.py; recipes/LibriTTS/TTS/mstacotron2/train.py; recipes/LibriTTS/focalcodec/libritts_prepare.py; recipes/LibriTTS/focalcodec/metrics/dwer.py; recipes/LibriTTS/focalcodec/metrics/speaker_similarity.py; recipes/LibriTTS/focalcodec/metrics/utmos.py; recipes/LibriTTS/focalcodec/train_decoder.py; recipes/LibriTTS/focalcodec/train_quantizer.py; recipes/LibriTTS/focalcodec/utils.py; recipes/LibriTTS/libritts_prepare.py; recipes/LibriTTS/vocoder/hifigan/train.py; recipes/LibriTTS/vocoder/hifigan_discrete/extract_code.py; recipes/LibriTTS/vocoder/hifigan_discrete/extract_speaker_embeddings.py; recipes/LibriTTS/vocoder/hifigan_discrete/train.py; recipes/LibriTTS/vocoder/hifigan_discrete/train_spk.py; recipes/RescueSpeech/ASR/noise-robust/train.py; recipes/RescueSpeech/rescuespeech_prepare.py; recipes/SEP-28k/stuttering-detection/train.py; recipes/Switchboard/ASR/CTC/train_with_wav2vec.py; recipes/Switchboard/ASR/seq2seq/train.py; recipes/Switchboard/ASR/transformer/train.py; recipes/Tedlium2/ASR/transformer/tedlium2_prepare.py; recipes/Tedlium2/tedlium2_prepare.py; recipes/UrbanSound8k/SoundClassification/train.py; recipes/UrbanSound8k/urbansound8k_prepare.py; recipes/Voicebank/MTL/ASR_enhance/train.py; recipes/Voicebank/dereverb/MetricGAN-U/train.py; recipes/Voicebank/dereverb/spectral_mask/train.py; recipes/Voicebank/enhance/MetricGAN-U/train.py; recipes/Voicebank/enhance/MetricGAN-U/voicebank_prepare.py; recipes/Voicebank/enhance/MetricGAN/train.py; recipes/Voicebank/enhance/SEGAN/train.py; recipes/Voicebank/enhance/SGMSE/enhance.py; recipes/Voicebank/enhance/SGMSE/train.py; recipes/Voicebank/enhance/SGMSE/voicebank_prepare.py; recipes/Voicebank/enhance/spectral_mask/train.py; recipes/Voicebank/enhance/waveform_map/train.py; recipes/Voicebank/voicebank_prepare.py; recipes/VoxCeleb/SpeakerRec/extract_speaker_embeddings.py; recipes/VoxCeleb/SpeakerRec/speaker_verification_cosine.py; recipes/VoxCeleb/SpeakerRec/speaker_verification_plda.py; recipes/VoxCeleb/SpeakerRec/train_speaker_embeddings.py; recipes/VoxCeleb/voxceleb_prepare.py; recipes/VoxLingua107/lang_id/create_wds_shards.py; recipes/WHAMandWHAMR/enhancement/dynamic_mixing.py; recipes/WHAMandWHAMR/enhancement/train.py; recipes/WHAMandWHAMR/meta/create_whamr_rirs.py; recipes/WHAMandWHAMR/meta/preprocess_dynamic_mixing.py; recipes/WHAMandWHAMR/separation/dynamic_mixing.py; recipes/WHAMandWHAMR/separation/train.py; recipes/WSJ0Mix/meta/preprocess_dynamic_mixing.py; recipes/WSJ0Mix/separation/dynamic_mixing.py; recipes/WSJ0Mix/separation/train.py; speechbrain/augment/preparation.py; speechbrain/augment/time_domain.py; speechbrain/dataio/audio_io.py; speechbrain/dataio/batch.py; speechbrain/dataio/dataio.py; speechbrain/dataio/legacy.py; speechbrain/dataio/preprocess.py; speechbrain/decoders/scorer.py; speechbrain/decoders/transducer.py; speechbrain/inference/ASR.py; speechbrain/inference/TTS.py; speechbrain/inference/VAD.py; speechbrain/inference/classifiers.py; speechbrain/inference/encoders.py; speechbrain/inference/enhancement.py; speechbrain/inference/interfaces.py; speechbrain/inference/interpretability.py; speechbrain/inference/separation.py; speechbrain/inference/speaker.py; speechbrain/inference/vocoders.py; speechbrain/integrations/__init__.py; speechbrain/integrations/alignment/__init__.py; speechbrain/integrations/alignment/ctc_seg.py; speechbrain/integrations/audio_tokenizers/__init__.py; speechbrain/integrations/decoders/__init__.py; speechbrain/integrations/hdf5/cached_item.py; speechbrain/integrations/huggingface/__init__.py; speechbrain/integrations/huggingface/huggingface.py; speechbrain/integrations/k2_fsa/align.py; speechbrain/integrations/models/__init__.py; speechbrain/integrations/models/sgmse_plus.py; speechbrain/integrations/tests/test_cached_item.py; speechbrain/lobes/models/ECAPA_TDNN.py; speechbrain/lobes/models/HifiGAN.py; speechbrain/lobes/models/bsq.py; speechbrain/tokenizers/SentencePiece.py; speechbrain/utils/autocast.py; speechbrain/utils/checkpoints.py; speechbrain/utils/distributed.py; speechbrain/utils/fetching.py; speechbrain/utils/run_opts.py; tests/unittests/test_audio_io.py; tests/unittests/test_augment.py; tests/unittests/test_autocast.py; tests/unittests/test_batching.py; tests/unittests/test_core.py; tests/unittests/test_data_pipeline.py; tests/unittests/test_tokenizer.py,.github/workflows/pythonapp.yml; .github/workflows/release.yml; .github/workflows/verify-docs-gen.yml; pyproject.toml; requirements.txt,.github/workflows/pythonapp.yml; .github/workflows/release.yml; pyproject.toml; requirements.txt,.github/workflows/verify-docs-gen.yml; pyproject.toml; requirements.txt,,,
815267336638d2b99ead,speechbrain/speechbrain,https://github.com/speechbrain/speechbrain,Verify docs generation,speechllm_librispeech,810d172e50703d0bae47a3fafe08da8a45bd7ea9,90bff2f9e852bd54f08dab2bd6c1589946302878,90bff2f9e852bd54f08dab2bd6c1589946302878; 5f1b6c9560cb5b1cf19815b4db57fe0ce351fdfe; f8a8f2e383f1184ee2c2edcc5b28b1fd95a94a85; 2d3c0f0ad4b99776ed28b84448f094ca09820c61; 113e221856c25c4783c810301858f478e38d6a8d,5,31345ae36904980f22615fb96055f991fd9b9f60,3d 22:13:16,docs/conf.py; recipes/LibriSpeech/ASR/transformer/train_speechllm.py; speechbrain/integrations/hdf5/__init__.py; speechbrain/integrations/hdf5/cached_item.py; speechbrain/integrations/huggingface/wordemb/__init__.py; speechbrain/nnet/activations.py,.github/workflows/verify-docs-gen.yml,,,,,
28c931327ec6978a5380,speechbrain/speechbrain,https://github.com/speechbrain/speechbrain,Verify docs generation,speechllm_librispeech,ae52b7a8250df0e41218a915313d92380b0531d2,5e8bbabceeff142f905ee14a2ab327b907b58d44,5e8bbabceeff142f905ee14a2ab327b907b58d44; a5fc69225765534d49f33c1864794e37885d355f,2,97ee31df023ab92b85afa75c711bcdaf19978937,0d 00:28:16,speechbrain/integrations/hdf5/cached_item.py; speechbrain/lobes/models/GatedNN.py; speechbrain/nnet/activations.py; speechbrain/nnet/schedulers.py,,,,,,
cc071ee0ecb5d19d8b3a,speechbrain/speechbrain,https://github.com/speechbrain/speechbrain,uv in /. for virtualenv - Update #1231982305,develop,f3b75208d69e1958611b5b3ca64a9ab1a9fea4f5,0202ec539e63ec66240aa726fabeb09f1d90071a,0202ec539e63ec66240aa726fabeb09f1d90071a,1,0202ec539e63ec66240aa726fabeb09f1d90071a,0d 00:00:02,docs/conf.py; recipes/Aishell1Mix/meta/preprocess_dynamic_mixing.py; recipes/Aishell1Mix/separation/dynamic_mixing.py; recipes/Aishell1Mix/separation/train.py; recipes/BinauralWSJ0Mix/separation/dynamic_mixing.py; recipes/BinauralWSJ0Mix/separation/train.py; recipes/CVSS/S2ST/extract_code.py; recipes/CVSS/S2ST/train.py; recipes/CVSS/cvss_prepare.py; recipes/CoVoST/AST/train.py; recipes/CoVoST/AST/train_w2v2_llama.py; recipes/CommonLanguage/common_language_prepare.py; recipes/CommonLanguage/lang_id/train.py; recipes/CommonVoice/ASR/CTC/train_with_wav2vec.py; recipes/CommonVoice/ASR/seq2seq/train.py; recipes/CommonVoice/ASR/seq2seq/train_with_wav2vec.py; recipes/CommonVoice/ASR/transducer/train.py; recipes/CommonVoice/ASR/transformer/train.py; recipes/CommonVoice/ASR/transformer/train_with_whisper.py; recipes/CommonVoice/self-supervised-learning/wav2vec2/train_hf_wav2vec2.py; recipes/DNS/create_wds_shards.py; recipes/DNS/enhancement/train.py; recipes/DVoice/ASR/CTC/train_with_wav2vec2.py; recipes/ESC50/classification/train.py; recipes/ESC50/esc50_prepare.py; recipes/ESC50/interpret/eval.py; recipes/ESC50/interpret/interpret_amt.py; recipes/ESC50/interpret/interpreter_brain.py; recipes/ESC50/wham_prepare.py; recipes/Fisher-Callhome-Spanish/fisher_callhome_prepare.py; recipes/GigaSpeech/gigaspeech_prepare.py; recipes/Google-speech-commands/train.py; recipes/KsponSpeech/ASR/transformer/ksponspeech_prepare.py; recipes/KsponSpeech/ASR/transformer/train.py; recipes/KsponSpeech/LM/ksponspeech_prepare.py; recipes/KsponSpeech/LM/train.py; recipes/KsponSpeech/Tokenizer/ksponspeech_prepare.py; recipes/KsponSpeech/Tokenizer/train.py; recipes/KsponSpeech/convert_to_wav.py; recipes/KsponSpeech/ksponspeech_prepare.py; recipes/LJSpeech/TTS/fastspeech2/train.py; recipes/LJSpeech/TTS/fastspeech2/train_internal_alignment.py; recipes/LJSpeech/TTS/vocoder/diffwave/train.py; recipes/LJSpeech/TTS/vocoder/hifigan/train.py; recipes/LJSpeech/TTS/vocoder/hifigan_discrete/extract_code.py; recipes/LJSpeech/TTS/vocoder/hifigan_discrete/train.py; recipes/LJSpeech/ljspeech_prepare.py; recipes/LibriMix/meta/preprocess_dynamic_mixing.py; recipes/LibriMix/separation/dynamic_mixing.py; recipes/LibriMix/separation/train.py; recipes/LibriParty/VAD/commonlanguage_prepare.py; recipes/LibriParty/VAD/musan_prepare.py; recipes/LibriParty/generate_dataset/local/create_mixtures_from_metadata.py; recipes/LibriParty/generate_dataset/local/create_mixtures_metadata.py; recipes/LibriParty/generate_dataset/local/resample_folder.py; recipes/LibriTTS/TTS/mstacotron2/compute_speaker_embeddings.py; recipes/LibriTTS/TTS/mstacotron2/train.py; recipes/LibriTTS/focalcodec/libritts_prepare.py; recipes/LibriTTS/focalcodec/metrics/dwer.py; recipes/LibriTTS/focalcodec/metrics/speaker_similarity.py; recipes/LibriTTS/focalcodec/metrics/utmos.py; recipes/LibriTTS/focalcodec/train_decoder.py; recipes/LibriTTS/focalcodec/train_quantizer.py; recipes/LibriTTS/focalcodec/utils.py; recipes/LibriTTS/libritts_prepare.py; recipes/LibriTTS/vocoder/hifigan/train.py; recipes/LibriTTS/vocoder/hifigan_discrete/extract_code.py; recipes/LibriTTS/vocoder/hifigan_discrete/extract_speaker_embeddings.py; recipes/LibriTTS/vocoder/hifigan_discrete/train.py; recipes/LibriTTS/vocoder/hifigan_discrete/train_spk.py; recipes/RescueSpeech/ASR/noise-robust/train.py; recipes/RescueSpeech/rescuespeech_prepare.py; recipes/SEP-28k/stuttering-detection/train.py; recipes/Switchboard/ASR/CTC/train_with_wav2vec.py; recipes/Switchboard/ASR/seq2seq/train.py; recipes/Switchboard/ASR/transformer/train.py; recipes/Tedlium2/ASR/transformer/tedlium2_prepare.py; recipes/Tedlium2/tedlium2_prepare.py; recipes/UrbanSound8k/SoundClassification/train.py; recipes/UrbanSound8k/urbansound8k_prepare.py; recipes/Voicebank/MTL/ASR_enhance/train.py; recipes/Voicebank/dereverb/MetricGAN-U/train.py; recipes/Voicebank/dereverb/spectral_mask/train.py; recipes/Voicebank/enhance/MetricGAN-U/train.py; recipes/Voicebank/enhance/MetricGAN-U/voicebank_prepare.py; recipes/Voicebank/enhance/MetricGAN/train.py; recipes/Voicebank/enhance/SEGAN/train.py; recipes/Voicebank/enhance/SGMSE/enhance.py; recipes/Voicebank/enhance/SGMSE/train.py; recipes/Voicebank/enhance/SGMSE/voicebank_prepare.py; recipes/Voicebank/enhance/spectral_mask/train.py; recipes/Voicebank/enhance/waveform_map/train.py; recipes/Voicebank/voicebank_prepare.py; recipes/VoxCeleb/SpeakerRec/extract_speaker_embeddings.py; recipes/VoxCeleb/SpeakerRec/speaker_verification_cosine.py; recipes/VoxCeleb/SpeakerRec/speaker_verification_plda.py; recipes/VoxCeleb/SpeakerRec/train_speaker_embeddings.py; recipes/VoxCeleb/voxceleb_prepare.py; recipes/VoxLingua107/lang_id/create_wds_shards.py; recipes/WHAMandWHAMR/enhancement/dynamic_mixing.py; recipes/WHAMandWHAMR/enhancement/train.py; recipes/WHAMandWHAMR/meta/create_whamr_rirs.py; recipes/WHAMandWHAMR/meta/preprocess_dynamic_mixing.py; recipes/WHAMandWHAMR/separation/dynamic_mixing.py; recipes/WHAMandWHAMR/separation/train.py; recipes/WSJ0Mix/meta/preprocess_dynamic_mixing.py; recipes/WSJ0Mix/separation/dynamic_mixing.py; recipes/WSJ0Mix/separation/train.py; speechbrain/augment/preparation.py; speechbrain/augment/time_domain.py; speechbrain/dataio/audio_io.py; speechbrain/dataio/batch.py; speechbrain/dataio/dataio.py; speechbrain/dataio/dataset.py; speechbrain/dataio/legacy.py; speechbrain/dataio/preprocess.py; speechbrain/decoders/scorer.py; speechbrain/decoders/transducer.py; speechbrain/inference/ASR.py; speechbrain/inference/TTS.py; speechbrain/inference/VAD.py; speechbrain/inference/classifiers.py; speechbrain/inference/encoders.py; speechbrain/inference/enhancement.py; speechbrain/inference/interfaces.py; speechbrain/inference/interpretability.py; speechbrain/inference/separation.py; speechbrain/inference/speaker.py; speechbrain/inference/vocoders.py; speechbrain/integrations/__init__.py; speechbrain/integrations/alignment/__init__.py; speechbrain/integrations/alignment/ctc_seg.py; speechbrain/integrations/audio_tokenizers/__init__.py; speechbrain/integrations/decoders/__init__.py; speechbrain/integrations/hdf5/__init__.py; speechbrain/integrations/hdf5/cached_item.py; speechbrain/integrations/huggingface/__init__.py; speechbrain/integrations/huggingface/huggingface.py; speechbrain/integrations/k2_fsa/align.py; speechbrain/integrations/models/__init__.py; speechbrain/integrations/models/sgmse_plus.py; speechbrain/integrations/tests/test_cached_item.py; speechbrain/lobes/models/ECAPA_TDNN.py; speechbrain/lobes/models/HifiGAN.py; speechbrain/lobes/models/bsq.py; speechbrain/tokenizers/SentencePiece.py; speechbrain/utils/autocast.py; speechbrain/utils/checkpoints.py; speechbrain/utils/data_pipeline.py; speechbrain/utils/distributed.py; speechbrain/utils/fetching.py; speechbrain/utils/run_opts.py; speechbrain/utils/torch_audio_backend.py; templates/speaker_id/train.py; tests/unittests/test_audio_io.py; tests/unittests/test_augment.py; tests/unittests/test_autocast.py; tests/unittests/test_batching.py; tests/unittests/test_core.py; tests/unittests/test_data_pipeline.py; tests/unittests/test_tokenizer.py,.github/workflows/pythonapp.yml; .github/workflows/release.yml; .github/workflows/verify-docs-gen.yml; pyproject.toml; requirements.txt,.github/workflows/pythonapp.yml; .github/workflows/release.yml; .github/workflows/verify-docs-gen.yml; pyproject.toml; requirements.txt,,,,
67fda6838ebb33ae7df5,speechbrain/speechbrain,https://github.com/speechbrain/speechbrain,pip in /recipes/BinauralWSJ0Mix for GitPython - Update #1337291279,develop,0202ec539e63ec66240aa726fabeb09f1d90071a,0202ec539e63ec66240aa726fabeb09f1d90071a,0202ec539e63ec66240aa726fabeb09f1d90071a; 0202ec539e63ec66240aa726fabeb09f1d90071a; 0202ec539e63ec66240aa726fabeb09f1d90071a; 39ef3587c9573e2649376a867164b279e5d68b3f; 39ef3587c9573e2649376a867164b279e5d68b3f; 39ef3587c9573e2649376a867164b279e5d68b3f; 39ef3587c9573e2649376a867164b279e5d68b3f; d48d36cb0a1f223f5a3f3e6fc5fe17c217640b42; d48d36cb0a1f223f5a3f3e6fc5fe17c217640b42; d48d36cb0a1f223f5a3f3e6fc5fe17c217640b42; d48d36cb0a1f223f5a3f3e6fc5fe17c217640b42; 8b133b65b5c3ee14b96b19b20bf3fefc2d956b71; 8b133b65b5c3ee14b96b19b20bf3fefc2d956b71; 8b133b65b5c3ee14b96b19b20bf3fefc2d956b71; 8b133b65b5c3ee14b96b19b20bf3fefc2d956b71; 8b133b65b5c3ee14b96b19b20bf3fefc2d956b71; 9c826ef3937bac885c8a6ca86c6889a30f256fb5,17,9c826ef3937bac885c8a6ca86c6889a30f256fb5,81d 13:19:22,conftest.py; docs/conf.py; recipes/AMI/Diarization/experiment.py; recipes/CommonVoice/SENSE/common_voice_sense_prepare.py; recipes/CommonVoice/SENSE/train.py; recipes/CommonVoice/common_voice_prepare.py; recipes/CommonVoice/common_voice_sense_prepare.py; recipes/ESC50/esc50_prepare.py; recipes/ESC50/interpret/interpret_amt.py; recipes/GigaSpeech/ASR/transducer/train.py; recipes/GigaSpeech/gigaspeech_prepare.py; recipes/LJSpeech/TTS/tacotron2/train.py; recipes/LJSpeech/TTS/vocoder/hifigan_discrete/extract_code.py; recipes/LibriParty/generate_dataset/create_custom_dataset.py; recipes/LibriParty/generate_dataset/get_dataset_from_metadata.py; recipes/LibriSpeech/ASR/transducer/train.py; recipes/LibriSpeech/ASR/transformer/extract_ssl_feats.py; recipes/LibriSpeech/ASR/transformer/train_speechllm.py; recipes/LibriSpeech/librispeech_prepare.py; recipes/LibriTTS/TTS/mstacotron2/train.py; recipes/LibriTTS/vocoder/hifigan_discrete/extract_code.py; recipes/Loquacious/loquacious_set_prepare.py; recipes/PeoplesSpeech/peoples_speech_prepare.py; recipes/SEP-28k/stuttering-detection/train.py; recipes/VoxCeleb/SpeakerRec/extract_speaker_embeddings.py; recipes/VoxCeleb/SpeakerRec/speaker_verification_cosine.py; recipes/VoxCeleb/SpeakerRec/speaker_verification_plda.py; recipes/VoxPopuli/ASR/transducer/train.py; speechbrain/__init__.py; speechbrain/core.py; speechbrain/dataio/audio_io.py; speechbrain/dataio/dataio.py; speechbrain/dataio/dataset.py; speechbrain/dataio/legacy.py; speechbrain/decoders/ctc.py; speechbrain/decoders/scorer.py; speechbrain/decoders/seq2seq.py; speechbrain/inference/ASR.py; speechbrain/inference/interfaces.py; speechbrain/integrations/audio_tokenizers/kmeans.py; speechbrain/integrations/hdf5/__init__.py; speechbrain/integrations/hdf5/cached_item.py; speechbrain/integrations/huggingface/llama.py; speechbrain/integrations/huggingface/w2v_bert.py; speechbrain/integrations/huggingface/whisper.py; speechbrain/integrations/huggingface/wordemb/__init__.py; speechbrain/integrations/nlp/bgeM3_embeddings.py; speechbrain/integrations/numba/__init__.py; speechbrain/integrations/numba/transducer_loss.py; speechbrain/lobes/models/GatedNN.py; speechbrain/lobes/models/MSTacotron2.py; speechbrain/lobes/models/Tacotron2.py; speechbrain/nnet/adapters.py; speechbrain/nnet/loss/__init__.py; speechbrain/nnet/loss/transducer_loss.py; speechbrain/nnet/losses.py; speechbrain/nnet/schedulers.py; speechbrain/processing/PLDA_LDA.py; speechbrain/processing/features.py; speechbrain/processing/multi_mic.py; speechbrain/processing/signal_processing.py; speechbrain/tokenizers/SentencePiece.py; speechbrain/utils/checkpoints.py; speechbrain/utils/data_pipeline.py; speechbrain/utils/logger.py; speechbrain/utils/parallel.py; speechbrain/utils/run_opts.py; speechbrain/utils/torch_audio_backend.py; tests/integration/ASR_ConformerTransducer_streaming/example_asr_conformertransducer_streaming_experiment.py; tests/integration/ASR_Transducer/example_asr_transducer_experiment.py; tests/unittests/test_audio_io.py; tests/unittests/test_losses.py; tests/unittests/test_parallel.py; tests/utils/recipe_tests.py,pyproject.toml; requirements.txt,,,,,
bfeb66152ec18ad30d1a,stratosphereips/StratosphereLinuxIPS,https://github.com/stratosphereips/StratosphereLinuxIPS,github_actions in /. - Update #1368927480,develop,1d66d707f077d337d76192a5f2fe321da8760f22,b2897a586b135725c3b01e85c15660d8b78565a8,b2897a586b135725c3b01e85c15660d8b78565a8; b2897a586b135725c3b01e85c15660d8b78565a8; cc2e19b286f76a8e5c0c0b5998f6049c3112a6fe; cc2e19b286f76a8e5c0c0b5998f6049c3112a6fe; cc2e19b286f76a8e5c0c0b5998f6049c3112a6fe; cc2e19b286f76a8e5c0c0b5998f6049c3112a6fe; cc2e19b286f76a8e5c0c0b5998f6049c3112a6fe; cc2e19b286f76a8e5c0c0b5998f6049c3112a6fe; b8f148f8760cdb908aa770cc752500e555e84326; b8f148f8760cdb908aa770cc752500e555e84326; b8f148f8760cdb908aa770cc752500e555e84326; b8f148f8760cdb908aa770cc752500e555e84326; abc8ee4fc6ff043e477952c03db76a55cd0e9710; abc8ee4fc6ff043e477952c03db76a55cd0e9710; abc8ee4fc6ff043e477952c03db76a55cd0e9710; abc8ee4fc6ff043e477952c03db76a55cd0e9710; abc8ee4fc6ff043e477952c03db76a55cd0e9710; abc8ee4fc6ff043e477952c03db76a55cd0e9710; abc8ee4fc6ff043e477952c03db76a55cd0e9710; abc8ee4fc6ff043e477952c03db76a55cd0e9710; abc8ee4fc6ff043e477952c03db76a55cd0e9710; abc8ee4fc6ff043e477952c03db76a55cd0e9710; abc8ee4fc6ff043e477952c03db76a55cd0e9710; abc8ee4fc6ff043e477952c03db76a55cd0e9710; abc8ee4fc6ff043e477952c03db76a55cd0e9710; abc8ee4fc6ff043e477952c03db76a55cd0e9710; abc8ee4fc6ff043e477952c03db76a55cd0e9710; abc8ee4fc6ff043e477952c03db76a55cd0e9710; abc8ee4fc6ff043e477952c03db76a55cd0e9710; abc8ee4fc6ff043e477952c03db76a55cd0e9710,30,1cbc698edade4eaa4f9247c7a387fef12b18c6f8,191d 00:18:53,conftest.py; docker/light/generate_requirements.py; managers/metadata_manager.py; managers/process_manager.py; managers/redis_manager.py; managers/ui_manager.py; managers/update_manager.py; modules/anomaly_detection_https/__init__.py; modules/anomaly_detection_https/analyze_ad_log.py; modules/anomaly_detection_https/analyze_alerts_json.py; modules/anomaly_detection_https/anomaly_detection_https.py; modules/arp/arp.py; modules/arp/filter.py; modules/arp_poisoner/arp_poisoner.py; modules/blocking/blocking.py; modules/blocking/exec_iptables_cmd.py; modules/brute_force_detector/__init__.py; modules/brute_force_detector/brute_force_detector.py; modules/cesnet/cesnet.py; modules/cesnet/warden_client.py; modules/cyst/cyst.py; modules/exporting_alerts/exporting_alerts.py; modules/exporting_alerts/stix_exporter.py; modules/feeds_update_manager/__init__.py; modules/feeds_update_manager/feeds_update_manager.py; modules/feeds_update_manager/timer_manager.py; modules/fides/__init__.py; modules/fides/evaluation/__init__.py; modules/fides/evaluation/discount_factor.py; modules/fides/evaluation/recommendation/__init__.py; modules/fides/evaluation/recommendation/new_history.py; modules/fides/evaluation/recommendation/peer_update.py; modules/fides/evaluation/recommendation/process.py; modules/fides/evaluation/recommendation/selection.py; modules/fides/evaluation/service/__init__.py; modules/fides/evaluation/service/interaction.py; modules/fides/evaluation/service/peer_update.py; modules/fides/evaluation/service/process.py; modules/fides/evaluation/ti_aggregation.py; modules/fides/evaluation/ti_evaluation.py; modules/fides/fides.py; modules/fides/messaging/__init__.py; modules/fides/messaging/dacite/__init__.py; modules/fides/messaging/dacite/cache.py; modules/fides/messaging/dacite/config.py; modules/fides/messaging/dacite/core.py; modules/fides/messaging/dacite/data.py; modules/fides/messaging/dacite/dataclasses.py; modules/fides/messaging/dacite/exceptions.py; modules/fides/messaging/dacite/frozen_dict.py; modules/fides/messaging/dacite/types.py; modules/fides/messaging/message_handler.py; modules/fides/messaging/model.py; modules/fides/messaging/network_bridge.py; modules/fides/messaging/queue.py; modules/fides/messaging/queue_in_memory.py; modules/fides/messaging/redis_simplex_queue.py; modules/fides/model/__init__.py; modules/fides/model/alert.py; modules/fides/model/aliases.py; modules/fides/model/configuration.py; modules/fides/model/peer.py; modules/fides/model/peer_trust_data.py; modules/fides/model/recommendation.py; modules/fides/model/recommendation_history.py; modules/fides/model/service_history.py; modules/fides/model/threat_intelligence.py; modules/fides/originals/__init__.py; modules/fides/originals/abstracts.py; modules/fides/originals/database.py; modules/fides/persistence/__init__.py; modules/fides/persistence/fides_sqlite_db.py; modules/fides/persistence/threat_intelligence.py; modules/fides/persistence/threat_intelligence_db.py; modules/fides/persistence/trust.py; modules/fides/persistence/trust_db.py; modules/fides/protocols/__init__.py; modules/fides/protocols/alert.py; modules/fides/protocols/initial_trusl.py; modules/fides/protocols/opinion.py; modules/fides/protocols/peer_list.py; modules/fides/protocols/protocol.py; modules/fides/protocols/recommendation.py; modules/fides/protocols/threat_intelligence.py; modules/fides/utils/__init__.py; modules/fides/utils/logger.py; modules/fides/utils/time.py; modules/fidesModule/__init__.py; modules/fidesModule/evaluation/__init__.py; modules/fidesModule/evaluation/discount_factor.py; modules/fidesModule/evaluation/recommendation/__init__.py; modules/fidesModule/evaluation/recommendation/new_history.py; modules/fidesModule/evaluation/recommendation/peer_update.py; modules/fidesModule/evaluation/recommendation/process.py; modules/fidesModule/evaluation/recommendation/selection.py; modules/fidesModule/evaluation/service/__init__.py; modules/fidesModule/evaluation/service/interaction.py; modules/fidesModule/evaluation/service/peer_update.py; modules/fidesModule/evaluation/service/process.py; modules/fidesModule/evaluation/ti_aggregation.py; modules/fidesModule/evaluation/ti_evaluation.py; modules/fidesModule/fidesModule.py; modules/fidesModule/messaging/__init__.py; modules/fidesModule/messaging/dacite/__init__.py; modules/fidesModule/messaging/dacite/cache.py; modules/fidesModule/messaging/dacite/config.py; modules/fidesModule/messaging/dacite/core.py; modules/fidesModule/messaging/dacite/data.py; modules/fidesModule/messaging/dacite/dataclasses.py; modules/fidesModule/messaging/dacite/exceptions.py; modules/fidesModule/messaging/dacite/frozen_dict.py; modules/fidesModule/messaging/dacite/types.py; modules/fidesModule/messaging/message_handler.py; modules/fidesModule/messaging/model.py; modules/fidesModule/messaging/network_bridge.py; modules/fidesModule/messaging/queue.py; modules/fidesModule/messaging/queue_in_memory.py; modules/fidesModule/messaging/redis_simplex_queue.py; modules/fidesModule/model/__init__.py; modules/fidesModule/model/alert.py; modules/fidesModule/model/aliases.py; modules/fidesModule/model/configuration.py; modules/fidesModule/model/peer.py; modules/fidesModule/model/peer_trust_data.py; modules/fidesModule/model/recommendation.py; modules/fidesModule/model/recommendation_history.py; modules/fidesModule/model/service_history.py; modules/fidesModule/model/threat_intelligence.py; modules/fidesModule/originals/__init__.py; modules/fidesModule/originals/abstracts.py; modules/fidesModule/originals/database.py; modules/fidesModule/persistence/__init__.py; modules/fidesModule/persistence/sqlite_db.py; modules/fidesModule/persistence/threat_intelligence.py; modules/fidesModule/persistence/threat_intelligence_db.py; modules/fidesModule/persistence/trust.py; modules/fidesModule/persistence/trust_db.py; modules/fidesModule/protocols/__init__.py; modules/fidesModule/protocols/alert.py; modules/fidesModule/protocols/initial_trusl.py; modules/fidesModule/protocols/opinion.py; modules/fidesModule/protocols/peer_list.py; modules/fidesModule/protocols/protocol.py; modules/fidesModule/protocols/recommendation.py; modules/fidesModule/protocols/threat_intelligence.py; modules/fidesModule/utils/__init__.py; modules/fidesModule/utils/logger.py; modules/fidesModule/utils/time.py; modules/flow_alerts/__init__.py; modules/flow_alerts/conn.py; modules/flow_alerts/dns.py; modules/flow_alerts/downloaded_file.py; modules/flow_alerts/flow_alerts.py; modules/flow_alerts/notice.py; modules/flow_alerts/set_evidence.py; modules/flow_alerts/smtp.py; modules/flow_alerts/software.py; modules/flow_alerts/ssh.py; modules/flow_alerts/ssl.py; modules/flow_alerts/timer_thread.py; modules/flow_alerts/tunnel.py; modules/flow_ml_detection/__init__.py; modules/flow_ml_detection/flow_ml_detection.py; modules/flowalerts/__init__.py; modules/flowalerts/conn.py; modules/flowalerts/dns.py; modules/flowalerts/downloaded_file.py; modules/flowalerts/flowalerts.py; modules/flowalerts/notice.py; modules/flowalerts/set_evidence.py; modules/flowalerts/smtp.py; modules/flowalerts/software.py; modules/flowalerts/ssh.py; modules/flowalerts/ssl.py; modules/flowalerts/timer_thread.py; modules/flowalerts/tunnel.py; modules/flowmldetection/__init__.py; modules/flowmldetection/flowmldetection.py; modules/http_analyzer/http_analyzer.py; modules/ip_info/asn_info.py; modules/ip_info/ip_info.py; modules/iris/__init__.py; modules/iris/iris.py; modules/irisModule/__init__.py; modules/irisModule/irisModule.py; modules/leak_detector/leak_detector.py; modules/network_discovery/horizontal_portscan.py; modules/network_discovery/network_discovery.py; modules/network_discovery/vertical_portscan.py; modules/p2p_trust/__init__.py; modules/p2p_trust/p2p_trust.py; modules/p2p_trust/testing/__init__.py; modules/p2p_trust/testing/json_data.py; modules/p2p_trust/trust/__init__.py; modules/p2p_trust/trust/base_model.py; modules/p2p_trust/trust/model.py; modules/p2p_trust/trust/trustdb.py; modules/p2p_trust/utils/__init__.py; modules/p2p_trust/utils/go_director.py; modules/p2p_trust/utils/utils.py; modules/p2ptrust/__init__.py; modules/p2ptrust/p2ptrust.py; modules/p2ptrust/testing/__init__.py; modules/p2ptrust/testing/json_data.py; modules/p2ptrust/testing/test_p2p.py; modules/p2ptrust/trust/__init__.py; modules/p2ptrust/trust/base_model.py; modules/p2ptrust/trust/model.py; modules/p2ptrust/trust/trustdb.py; modules/p2ptrust/utils/__init__.py; modules/p2ptrust/utils/go_director.py; modules/p2ptrust/utils/utils.py; modules/risk_iq/__init__.py; modules/risk_iq/risk_iq.py; modules/riskiq/__init__.py; modules/riskiq/riskiq.py; modules/rnn_cc_detection/rnn_cc_detection.py; modules/rnn_cc_detection/strato_letters_exporter.py; modules/template/template.py; modules/threat_intelligence/circl_lu.py; modules/threat_intelligence/spamhaus.py; modules/threat_intelligence/threat_intelligence.py; modules/threat_intelligence/urlhaus.py; modules/timeline/timeline.py; modules/update_manager/__init__.py; modules/update_manager/timer_manager.py; modules/update_manager/update_manager.py; modules/virustotal/virustotal.py; slips.py; slips/daemon.py; slips/main.py; slips_files/common/abstracts/iasync_module.py; slips_files/common/abstracts/icore.py; slips_files/common/abstracts/iexporter.py; slips_files/common/abstracts/iflowalerts_analyzer.py; slips_files/common/abstracts/iinput_handler.py; slips_files/common/abstracts/iinput_type.py; slips_files/common/abstracts/imodule.py; slips_files/common/abstracts/isqlite.py; slips_files/common/idmefv2.py; slips_files/common/input_type.py; slips_files/common/output_paths.py; slips_files/common/parsers/arg_parser.py; slips_files/common/parsers/config_parser.py; slips_files/common/performance_paths.py; slips_files/common/performance_profilers/_memory_profiler_example_no_import.py; slips_files/common/performance_profilers/memory_profiler.py; slips_files/common/plotter.py; slips_files/common/slips_utils.py; slips_files/core/aid_manager.py; slips_files/core/database/database_manager.py; slips_files/core/database/redis_db/alert_handler.py; slips_files/core/database/redis_db/cleanup_mixin.py; slips_files/core/database/redis_db/constants.py; slips_files/core/database/redis_db/database.py; slips_files/core/database/redis_db/flow_tracker_db.py; slips_files/core/database/redis_db/ioc_handler.py; slips_files/core/database/redis_db/p2p_handler.py; slips_files/core/database/redis_db/profile_handler.py; slips_files/core/database/redis_db/publisher.py; slips_files/core/database/redis_db/scan_detections_db.py; slips_files/core/database/sqlite_db/database.py; slips_files/core/evidence_handler.py; slips_files/core/evidence_handler_worker.py; slips_files/core/evidence_logger.py; slips_files/core/flows/zeek.py; slips_files/core/helpers/bloom_filters_manager.py; slips_files/core/helpers/checker.py; slips_files/core/helpers/filemonitor.py; slips_files/core/helpers/flow_handler.py; slips_files/core/helpers/localnet_handler.py; slips_files/core/helpers/symbols_handler.py; slips_files/core/helpers/whitelist/domain_whitelist.py; slips_files/core/helpers/whitelist/ip_whitelist.py; slips_files/core/helpers/whitelist/mac_whitelist.py; slips_files/core/helpers/whitelist/matcher.py; slips_files/core/helpers/whitelist/organization_whitelist.py; slips_files/core/helpers/whitelist/whitelist.py; slips_files/core/helpers/whitelist/whitelist_parser.py; slips_files/core/input.py; slips_files/core/input/__init__.py; slips_files/core/input/binetflow/__init__.py; slips_files/core/input/binetflow/binetflow_input.py; slips_files/core/input/binetflow/binetflow_tabs_input.py; slips_files/core/input/cyst/__init__.py; slips_files/core/input/cyst/cyst_input.py; slips_files/core/input/input.py; slips_files/core/input/nfdump/__init__.py; slips_files/core/input/nfdump/nfdump_input.py; slips_files/core/input/observer_manager.py; slips_files/core/input/stdin/__init__.py; slips_files/core/input/stdin/stdin_input.py; slips_files/core/input/suricata/__init__.py; slips_files/core/input/suricata/suricata_input.py; slips_files/core/input/zeek/__init__.py; slips_files/core/input/zeek/interface_input.py; slips_files/core/input/zeek/pcap_input.py; slips_files/core/input/zeek/utils/__init__.py; slips_files/core/input/zeek/utils/dos_protector.py; slips_files/core/input/zeek/utils/zeek_file_remover.py; slips_files/core/input/zeek/utils/zeek_input_utils.py; slips_files/core/input/zeek/zeek_dir_input.py; slips_files/core/input/zeek/zeek_log_file_input.py; slips_files/core/input_profilers/argus.py; slips_files/core/input_profilers/nfdump.py; slips_files/core/input_profilers/suricata.py; slips_files/core/input_profilers/zeek.py; slips_files/core/input_profilers/zeek_to_slips_maps.py; slips_files/core/output.py; slips_files/core/profiler.py; slips_files/core/profiler_worker.py; slips_files/core/structures/flow_attributes.py; slips_files/core/text_formatters/evidence_formatter.py; slips_files/core/zeek_cmd_builder.py; tests/common_test_utils.py; tests/destrctor.py; tests/integration/__init__.py; tests/integration/conftest.py; tests/integration/test_config_files/__init__.py; tests/integration/test_config_files/test_config_files.py; tests/integration/test_dataset/__init__.py; tests/integration/test_dataset/test_dataset.py; tests/integration/test_fides/__init__.py; tests/integration/test_fides/test_fides.py; tests/integration/test_iris/__init__.py; tests/integration/test_iris/test_iris.py; tests/integration/test_pcap_dataset/__init__.py; tests/integration/test_pcap_dataset/test_pcap_dataset.py; tests/integration/test_portscans/__init__.py; tests/integration/test_portscans/test_portscans.py; tests/integration/test_zeek_dataset/__init__.py; tests/integration/test_zeek_dataset/test_zeek_dataset.py; tests/integration_tests/__init__.py; tests/integration_tests/test_config_files.py; tests/integration_tests/test_dataset.py; tests/integration_tests/test_fides.py; tests/integration_tests/test_iris.py; tests/integration_tests/test_pcap_dataset.py; tests/integration_tests/test_portscans.py; tests/integration_tests/test_zeek_dataset.py; tests/module_factory.py; tests/test_alert_handler.py; tests/test_arp.py; tests/test_arp_filter.py; tests/test_arp_poisoner.py; tests/test_asn_info.py; tests/test_base_model.py; tests/test_blocking.py; tests/test_cesnet.py; tests/test_checker.py; tests/test_circllu.py; tests/test_conn.py; tests/test_daemon.py; tests/test_database.py; tests/test_dns.py; tests/test_downloaded_file.py; tests/test_evidence.py; tests/test_evidence_formatter.py; tests/test_evidence_handler.py; tests/test_fides_bridge.py; tests/test_fides_module.py; tests/test_fides_queues.py; tests/test_fides_sqlite_db.py; tests/test_flow_handler.py; tests/test_go_director.py; tests/test_horizontal_portscans.py; tests/test_host_ip_manager.py; tests/test_http_analyzer.py; tests/test_idea_format.py; tests/test_input.py; tests/test_ioc_handler.py; tests/test_ip_info.py; tests/test_leak_detector.py; tests/test_main.py; tests/test_markov_chain.py; tests/test_metadata_manager.py; tests/test_network_discovery.py; tests/test_notice.py; tests/test_notify.py; tests/test_output.py; tests/test_process_manager.py; tests/test_profile_handler.py; tests/test_profiler.py; tests/test_profilers_manager.py; tests/test_redis_manager.py; tests/test_riskiq.py; tests/test_rnn_cc_detection.py; tests/test_set_evidence.py; tests/test_slips.py; tests/test_slips_utils.py; tests/test_smtp.py; tests/test_software.py; tests/test_spamhaus.py; tests/test_ssh.py; tests/test_ssl.py; tests/test_symbols_handler.py; tests/test_threat_intelligence.py; tests/test_timeline.py; tests/test_trustdb.py; tests/test_tunnel.py; tests/test_unblocker.py; tests/test_update_file_manager.py; tests/test_urlhaus.py; tests/test_vertical_portscans.py; tests/test_virustotal.py; tests/test_whitelist.py; tests/unit/__init__.py; tests/unit/common_test_utils.py; tests/unit/managers/test_host_ip_manager.py; tests/unit/managers/test_metadata_manager.py; tests/unit/managers/test_process_manager.py; tests/unit/managers/test_profilers_manager.py; tests/unit/managers/test_redis_manager.py; tests/unit/managers/test_slips.py; tests/unit/managers/test_update_manager.py; tests/unit/modules/anomaly_detection_https/test_anomaly_detection_https.py; tests/unit/modules/arp/test_arp.py; tests/unit/modules/arp/test_arp_filter.py; tests/unit/modules/arp_poisoner/test_arp_poisoner.py; tests/unit/modules/blocking/test_blocking.py; tests/unit/modules/blocking/test_unblocker.py; tests/unit/modules/brute_force_detector/test_brute_force_detector.py; tests/unit/modules/cesnet/test_cesnet.py; tests/unit/modules/fides/test_fides_bridge.py; tests/unit/modules/fides/test_fides_module.py; tests/unit/modules/fides/test_fides_queues.py; tests/unit/modules/fides/test_fides_sqlite_db.py; tests/unit/modules/flow_alerts/test_conn.py; tests/unit/modules/flow_alerts/test_dns.py; tests/unit/modules/flow_alerts/test_downloaded_file.py; tests/unit/modules/flow_alerts/test_notice.py; tests/unit/modules/flow_alerts/test_set_evidence.py; tests/unit/modules/flow_alerts/test_smtp.py; tests/unit/modules/flow_alerts/test_software.py; tests/unit/modules/flow_alerts/test_ssh.py; tests/unit/modules/flow_alerts/test_ssl.py; tests/unit/modules/flow_alerts/test_tunnel.py; tests/unit/modules/http_analyzer/test_http_analyzer.py; tests/unit/modules/ip_info/test_asn_info.py; tests/unit/modules/ip_info/test_ip_info.py; tests/unit/modules/leak_detector/test_leak_detector.py; tests/unit/modules/network_discovery/test_horizontal_portscans.py; tests/unit/modules/network_discovery/test_network_discovery.py; tests/unit/modules/network_discovery/test_vertical_portscans.py; tests/unit/modules/p2p_trust/test_p2p_trust.py; tests/unit/modules/p2p_trust/trust/test_base_model.py; tests/unit/modules/p2p_trust/trust/test_go_director.py; tests/unit/modules/p2p_trust/trust/test_trustdb.py; tests/unit/modules/risk_iq/test_risk_iq.py; tests/unit/modules/rnn_cc_detection/test_rnn_cc_detection.py; tests/unit/modules/threat_intelligence/test_circllu.py; tests/unit/modules/threat_intelligence/test_spamhaus.py; tests/unit/modules/threat_intelligence/test_threat_intelligence.py; tests/unit/modules/threat_intelligence/test_urlhaus.py; tests/unit/modules/timeline/test_timeline.py; tests/unit/modules/update_manager/test_update_file_manager.py; tests/unit/modules/virustotal/test_virustotal.py; tests/unit/slips/test_daemon.py; tests/unit/slips/test_main.py; tests/unit/slips_files/common/abstracts/test_imodule.py; tests/unit/slips_files/common/test_markov_chain.py; tests/unit/slips_files/common/test_output_paths.py; tests/unit/slips_files/common/test_slips_utils.py; tests/unit/slips_files/core/database/redis_db/test_alert_handler.py; tests/unit/slips_files/core/database/redis_db/test_ioc_handler.py; tests/unit/slips_files/core/database/redis_db/test_profile_handler.py; tests/unit/slips_files/core/database/redis_db/test_scan_detections_db.py; tests/unit/slips_files/core/database/test_database.py; tests/unit/slips_files/core/helpers/test_bloom_filters_manager.py; tests/unit/slips_files/core/helpers/test_checker.py; tests/unit/slips_files/core/helpers/test_flow_handler.py; tests/unit/slips_files/core/helpers/test_localnet_handler.py; tests/unit/slips_files/core/helpers/test_notify.py; tests/unit/slips_files/core/helpers/test_symbols_handler.py; tests/unit/slips_files/core/helpers/whitelist/test_whitelist.py; tests/unit/slips_files/core/input/test_argus_input_profiler.py; tests/unit/slips_files/core/input/test_binetflow_input.py; tests/unit/slips_files/core/input/test_binetflow_tabs_input.py; tests/unit/slips_files/core/input/test_cyst_input.py; tests/unit/slips_files/core/input/test_dos_protector.py; tests/unit/slips_files/core/input/test_input.py; tests/unit/slips_files/core/input/test_interface_input.py; tests/unit/slips_files/core/input/test_nfdump_input.py; tests/unit/slips_files/core/input/test_observer_manager.py; tests/unit/slips_files/core/input/test_pcap_input.py; tests/unit/slips_files/core/input/test_stdin_input.py; tests/unit/slips_files/core/input/test_suricata_input.py; tests/unit/slips_files/core/input/test_zeek_dir_input.py; tests/unit/slips_files/core/input/test_zeek_file_remover.py; tests/unit/slips_files/core/input/test_zeek_input_profiler.py; tests/unit/slips_files/core/input/test_zeek_input_utils.py; tests/unit/slips_files/core/input/test_zeek_log_file_input.py; tests/unit/slips_files/core/structures/test_evidence.py; tests/unit/slips_files/core/structures/test_idea_format.py; tests/unit/slips_files/core/test_evidence_handler.py; tests/unit/slips_files/core/test_evidence_handler_worker.py; tests/unit/slips_files/core/test_evidence_logger.py; tests/unit/slips_files/core/test_output.py; tests/unit/slips_files/core/test_profiler.py; tests/unit/slips_files/core/test_profiler_worker.py; tests/unit/slips_files/core/text_formatters/test_evidence_formatter.py; webinterface/analysis/analysis.py,.github/workflows/create-a-new-release.yml; .github/workflows/install-slips-dependencies.yml; .github/workflows/integration-tests.yml; .github/workflows/publish-slips-images.yml; .github/workflows/unit-tests.yml; .github/workflows/update-code-docs.yml; .pre-commit-config.yaml; docker/Dockerfile; docker/dependency_image_for_CI/Dockerfile; docker/light/Dockerfile; install/requirements.txt,,.github/workflows/create-a-new-release.yml; .github/workflows/install-slips-dependencies.yml; .github/workflows/integration-tests.yml; .github/workflows/publish-slips-images.yml; .github/workflows/unit-tests.yml; .github/workflows/update-code-docs.yml; .pre-commit-config.yaml; docker/Dockerfile; docker/dependency_image_for_CI/Dockerfile; docker/light/Dockerfile; install/requirements.txt,,,
c089b4c446d8693ea934,stratosphereips/StratosphereLinuxIPS,https://github.com/stratosphereips/StratosphereLinuxIPS,pip in /install for urllib3 - Update #1203213925,master,97c32c2bcd477561438815b950d0c2a10b8d5f2a,97c32c2bcd477561438815b950d0c2a10b8d5f2a,97c32c2bcd477561438815b950d0c2a10b8d5f2a,1,97c32c2bcd477561438815b950d0c2a10b8d5f2a,33d 00:35:55,,,,,,,
4e404b444372888a41b4,stratosphereips/StratosphereLinuxIPS,https://github.com/stratosphereips/StratosphereLinuxIPS,pip in /install for urllib3 - Update #1227167335,master,97c32c2bcd477561438815b950d0c2a10b8d5f2a,97c32c2bcd477561438815b950d0c2a10b8d5f2a,97c32c2bcd477561438815b950d0c2a10b8d5f2a; 97c32c2bcd477561438815b950d0c2a10b8d5f2a; 97c32c2bcd477561438815b950d0c2a10b8d5f2a,3,3554bc4875495198269dad6d156a9c02414dd3ed,6d 01:40:14,managers/process_manager.py; modules/blocking/exec_iptables_cmd.py; modules/flowalerts/conn.py; modules/flowalerts/dns.py; modules/flowalerts/notice.py; modules/flowalerts/set_evidence.py; modules/flowmldetection/flowmldetection.py; modules/ip_info/asn_info.py; modules/ip_info/ip_info.py; modules/network_discovery/horizontal_portscan.py; modules/network_discovery/network_discovery.py; modules/network_discovery/vertical_portscan.py; modules/p2ptrust/p2ptrust.py; modules/p2ptrust/utils/go_director.py; modules/p2ptrust/utils/utils.py; modules/rnn_cc_detection/rnn_cc_detection.py; modules/rnn_cc_detection/strato_letters_exporter.py; modules/threat_intelligence/threat_intelligence.py; modules/virustotal/virustotal.py; slips/main.py; slips_files/common/abstracts/iasync_module.py; slips_files/common/abstracts/icore.py; slips_files/common/abstracts/iinput_type.py; slips_files/common/abstracts/imodule.py; slips_files/common/abstracts/isqlite.py; slips_files/common/parsers/config_parser.py; slips_files/common/slips_utils.py; slips_files/core/aid_manager.py; slips_files/core/database/database_manager.py; slips_files/core/database/redis_db/alert_handler.py; slips_files/core/database/redis_db/constants.py; slips_files/core/database/redis_db/database.py; slips_files/core/database/redis_db/flow_tracker_db.py; slips_files/core/database/redis_db/ioc_handler.py; slips_files/core/database/redis_db/profile_handler.py; slips_files/core/database/redis_db/publisher.py; slips_files/core/database/redis_db/scan_detections_db.py; slips_files/core/database/redis_db/timewindow_updater_thread/tw_updater.py; slips_files/core/evidence_handler.py; slips_files/core/evidence_logger.py; slips_files/core/flows/zeek.py; slips_files/core/helpers/bloom_filters_manager.py; slips_files/core/helpers/flow_handler.py; slips_files/core/helpers/symbols_handler.py; slips_files/core/helpers/whitelist/domain_whitelist.py; slips_files/core/helpers/whitelist/ip_whitelist.py; slips_files/core/helpers/whitelist/mac_whitelist.py; slips_files/core/helpers/whitelist/matcher.py; slips_files/core/helpers/whitelist/organization_whitelist.py; slips_files/core/input.py; slips_files/core/input_profilers/argus.py; slips_files/core/input_profilers/nfdump.py; slips_files/core/input_profilers/suricata.py; slips_files/core/input_profilers/zeek.py; slips_files/core/profiler.py; slips_files/core/profiler_worker.py; slips_files/core/structures/flow_attributes.py; slips_files/core/text_formatters/evidence_formatter.py; tests/integration_tests/test_dataset.py; tests/integration_tests/test_portscans.py; tests/module_factory.py; tests/test_alert_handler.py; tests/test_arp_filter.py; tests/test_asn_info.py; tests/test_blocking.py; tests/test_conn.py; tests/test_database.py; tests/test_evidence_handler.py; tests/test_evidence_logger.py; tests/test_flow_handler.py; tests/test_horizontal_portscans.py; tests/test_ioc_handler.py; tests/test_main.py; tests/test_network_discovery.py; tests/test_profile_handler.py; tests/test_profiler.py; tests/test_profiler_worker.py; tests/test_rnn_cc_detection.py; tests/test_scan_detections_db.py; tests/test_slips_utils.py; tests/test_symbols_handler.py; tests/test_vertical_portscans.py; tests/test_whitelist.py; webinterface/analysis/analysis.py,.github/workflows/install-slips-dependencies.yml; .github/workflows/integration-tests.yml; .github/workflows/publish-slips-images.yml; .github/workflows/unit-tests.yml; docker/Dockerfile; docker/dependency_image_for_CI/Dockerfile; install/requirements.txt,,.github/workflows/install-slips-dependencies.yml; .github/workflows/integration-tests.yml; .github/workflows/publish-slips-images.yml; .github/workflows/unit-tests.yml; docker/Dockerfile; docker/dependency_image_for_CI/Dockerfile; install/requirements.txt,,,
c35ff3c287bcf452f144,stratosphereips/StratosphereLinuxIPS,https://github.com/stratosphereips/StratosphereLinuxIPS,pip in /install for black - Update #1277093286,master,3166690625ce7e0af565a80a2840c2f6005dc8d0,56da56c6b2ff318bf3202c8ab511dc05ca68b98e,56da56c6b2ff318bf3202c8ab511dc05ca68b98e; c5e89536119d70abc26060217c295eec033e057d,2,c5e89536119d70abc26060217c295eec033e057d,9d 02:21:32,managers/process_manager.py; managers/redis_manager.py; modules/anomaly_detection_https/__init__.py; modules/anomaly_detection_https/analyze_ad_log.py; modules/anomaly_detection_https/anomaly_detection_https.py; modules/arp/arp.py; modules/arp_poisoner/arp_poisoner.py; modules/blocking/blocking.py; modules/cesnet/cesnet.py; modules/cyst/cyst.py; modules/exporting_alerts/exporting_alerts.py; modules/exporting_alerts/stix_exporter.py; modules/fidesModule/fidesModule.py; modules/fidesModule/persistence/fides_sqlite_db.py; modules/fidesModule/persistence/sqlite_db.py; modules/fidesModule/persistence/threat_intelligence_db.py; modules/fidesModule/persistence/trust_db.py; modules/flowalerts/conn.py; modules/flowalerts/flowalerts.py; modules/flowalerts/ssh.py; modules/flowmldetection/flowmldetection.py; modules/http_analyzer/http_analyzer.py; modules/ip_info/ip_info.py; modules/irisModule/irisModule.py; modules/leak_detector/leak_detector.py; modules/network_discovery/network_discovery.py; modules/p2ptrust/p2ptrust.py; modules/riskiq/riskiq.py; modules/rnn_cc_detection/rnn_cc_detection.py; modules/template/template.py; modules/threat_intelligence/threat_intelligence.py; modules/timeline/timeline.py; modules/update_manager/update_manager.py; modules/virustotal/virustotal.py; slips/main.py; slips_files/common/abstracts/iasync_module.py; slips_files/common/abstracts/icore.py; slips_files/common/abstracts/iinput_handler.py; slips_files/common/abstracts/imodule.py; slips_files/common/input_type.py; slips_files/common/parsers/arg_parser.py; slips_files/common/parsers/config_parser.py; slips_files/common/performance_profilers/_memory_profiler_example_no_import.py; slips_files/core/database/database_manager.py; slips_files/core/database/redis_db/alert_handler.py; slips_files/core/database/redis_db/cleanup_mixin.py; slips_files/core/database/redis_db/constants.py; slips_files/core/database/redis_db/database.py; slips_files/core/database/redis_db/flow_tracker_db.py; slips_files/core/database/redis_db/ioc_handler.py; slips_files/core/database/redis_db/p2p_handler.py; slips_files/core/database/redis_db/profile_handler.py; slips_files/core/database/redis_db/publisher.py; slips_files/core/database/redis_db/scan_detections_db.py; slips_files/core/database/sqlite_db/database.py; slips_files/core/evidence_handler.py; slips_files/core/flows/zeek.py; slips_files/core/helpers/checker.py; slips_files/core/helpers/localnet_cache.py; slips_files/core/input.py; slips_files/core/input/__init__.py; slips_files/core/input/binetflow/__init__.py; slips_files/core/input/binetflow/binetflow_input.py; slips_files/core/input/binetflow/binetflow_tabs_input.py; slips_files/core/input/cyst/__init__.py; slips_files/core/input/cyst/cyst_input.py; slips_files/core/input/input.py; slips_files/core/input/nfdump/__init__.py; slips_files/core/input/nfdump/nfdump_input.py; slips_files/core/input/observer_manager.py; slips_files/core/input/stdin/__init__.py; slips_files/core/input/stdin/stdin_input.py; slips_files/core/input/suricata/__init__.py; slips_files/core/input/suricata/suricata_input.py; slips_files/core/input/zeek/__init__.py; slips_files/core/input/zeek/interface_input.py; slips_files/core/input/zeek/pcap_input.py; slips_files/core/input/zeek/utils/__init__.py; slips_files/core/input/zeek/utils/zeek_file_remover.py; slips_files/core/input/zeek/utils/zeek_input_utils.py; slips_files/core/input/zeek/zeek_dir_input.py; slips_files/core/input/zeek/zeek_log_file_input.py; slips_files/core/input_profilers/zeek.py; slips_files/core/profiler.py; slips_files/core/profiler_worker.py; slips_files/core/zeek_cmd_builder.py; tests/common_test_utils.py; tests/destrctor.py; tests/integration/__init__.py; tests/integration/test_config_files.py; tests/integration/test_dataset.py; tests/integration/test_fides.py; tests/integration/test_iris.py; tests/integration/test_pcap_dataset.py; tests/integration/test_portscans.py; tests/integration/test_zeek_dataset.py; tests/integration_tests/__init__.py; tests/integration_tests/test_config_files.py; tests/integration_tests/test_dataset.py; tests/integration_tests/test_fides.py; tests/integration_tests/test_iris.py; tests/integration_tests/test_pcap_dataset.py; tests/integration_tests/test_portscans.py; tests/integration_tests/test_zeek_dataset.py; tests/module_factory.py; tests/test_alert_handler.py; tests/test_arp.py; tests/test_arp_filter.py; tests/test_arp_poisoner.py; tests/test_asn_info.py; tests/test_base_model.py; tests/test_blocking.py; tests/test_cesnet.py; tests/test_checker.py; tests/test_circllu.py; tests/test_conn.py; tests/test_daemon.py; tests/test_database.py; tests/test_dns.py; tests/test_downloaded_file.py; tests/test_evidence.py; tests/test_evidence_formatter.py; tests/test_evidence_handler.py; tests/test_evidence_logger.py; tests/test_fides_bridge.py; tests/test_fides_module.py; tests/test_fides_queues.py; tests/test_fides_sqlite_db.py; tests/test_flow_handler.py; tests/test_go_director.py; tests/test_horizontal_portscans.py; tests/test_host_ip_manager.py; tests/test_http_analyzer.py; tests/test_idea_format.py; tests/test_input.py; tests/test_ioc_handler.py; tests/test_ip_info.py; tests/test_leak_detector.py; tests/test_main.py; tests/test_markov_chain.py; tests/test_metadata_manager.py; tests/test_network_discovery.py; tests/test_notice.py; tests/test_notify.py; tests/test_output.py; tests/test_process_manager.py; tests/test_profile_handler.py; tests/test_profiler.py; tests/test_profiler_worker.py; tests/test_profilers_manager.py; tests/test_redis_manager.py; tests/test_riskiq.py; tests/test_rnn_cc_detection.py; tests/test_scan_detections_db.py; tests/test_set_evidence.py; tests/test_slips.py; tests/test_slips_utils.py; tests/test_smtp.py; tests/test_software.py; tests/test_spamhaus.py; tests/test_ssh.py; tests/test_ssl.py; tests/test_symbols_handler.py; tests/test_threat_intelligence.py; tests/test_timeline.py; tests/test_trustdb.py; tests/test_tunnel.py; tests/test_unblocker.py; tests/test_update_file_manager.py; tests/test_urlhaus.py; tests/test_vertical_portscans.py; tests/test_virustotal.py; tests/test_whitelist.py; tests/unit/__init__.py; tests/unit/common_test_utils.py; tests/unit/destrctor.py; tests/unit/managers/test_host_ip_manager.py; tests/unit/managers/test_metadata_manager.py; tests/unit/managers/test_process_manager.py; tests/unit/managers/test_profilers_manager.py; tests/unit/managers/test_redis_manager.py; tests/unit/managers/test_slips.py; tests/unit/modules/arp/test_arp.py; tests/unit/modules/arp/test_arp_filter.py; tests/unit/modules/arp_poisoner/test_arp_poisoner.py; tests/unit/modules/blocking/test_blocking.py; tests/unit/modules/blocking/test_unblocker.py; tests/unit/modules/cesnet/test_cesnet.py; tests/unit/modules/fidesModule/test_fides_bridge.py; tests/unit/modules/fidesModule/test_fides_module.py; tests/unit/modules/fidesModule/test_fides_queues.py; tests/unit/modules/fidesModule/test_fides_sqlite_db.py; tests/unit/modules/flowalerts/test_conn.py; tests/unit/modules/flowalerts/test_dns.py; tests/unit/modules/flowalerts/test_downloaded_file.py; tests/unit/modules/flowalerts/test_notice.py; tests/unit/modules/flowalerts/test_set_evidence.py; tests/unit/modules/flowalerts/test_smtp.py; tests/unit/modules/flowalerts/test_software.py; tests/unit/modules/flowalerts/test_ssh.py; tests/unit/modules/flowalerts/test_ssl.py; tests/unit/modules/flowalerts/test_tunnel.py; tests/unit/modules/http_analyzer/test_http_analyzer.py; tests/unit/modules/ip_info/test_asn_info.py; tests/unit/modules/ip_info/test_ip_info.py; tests/unit/modules/leak_detector/test_leak_detector.py; tests/unit/modules/network_discovery/test_horizontal_portscans.py; tests/unit/modules/network_discovery/test_network_discovery.py; tests/unit/modules/network_discovery/test_vertical_portscans.py; tests/unit/modules/p2ptrust/trust/test_base_model.py; tests/unit/modules/p2ptrust/trust/test_go_director.py; tests/unit/modules/p2ptrust/trust/test_trustdb.py; tests/unit/modules/riskiq/test_riskiq.py; tests/unit/modules/rnn_cc_detection/test_rnn_cc_detection.py; tests/unit/modules/threat_intelligence/test_circllu.py; tests/unit/modules/threat_intelligence/test_spamhaus.py; tests/unit/modules/threat_intelligence/test_threat_intelligence.py; tests/unit/modules/threat_intelligence/test_urlhaus.py; tests/unit/modules/timeline/test_timeline.py; tests/unit/modules/update_manager/test_update_file_manager.py; tests/unit/modules/virustotal/test_virustotal.py; tests/unit/slips/test_daemon.py; tests/unit/slips/test_main.py; tests/unit/slips_files/common/test_markov_chain.py; tests/unit/slips_files/common/test_slips_utils.py; tests/unit/slips_files/core/database/redis_db/test_alert_handler.py; tests/unit/slips_files/core/database/redis_db/test_ioc_handler.py; tests/unit/slips_files/core/database/redis_db/test_profile_handler.py; tests/unit/slips_files/core/database/redis_db/test_scan_detections_db.py; tests/unit/slips_files/core/database/test_database.py; tests/unit/slips_files/core/helpers/test_checker.py; tests/unit/slips_files/core/helpers/test_flow_handler.py; tests/unit/slips_files/core/helpers/test_notify.py; tests/unit/slips_files/core/helpers/test_symbols_handler.py; tests/unit/slips_files/core/helpers/whitelist/test_whitelist.py; tests/unit/slips_files/core/input/test_binetflow_input.py; tests/unit/slips_files/core/input/test_binetflow_tabs_input.py; tests/unit/slips_files/core/input/test_cyst_input.py; tests/unit/slips_files/core/input/test_input.py; tests/unit/slips_files/core/input/test_interface_input.py; tests/unit/slips_files/core/input/test_nfdump_input.py; tests/unit/slips_files/core/input/test_observer_manager.py; tests/unit/slips_files/core/input/test_pcap_input.py; tests/unit/slips_files/core/input/test_stdin_input.py; tests/unit/slips_files/core/input/test_suricata_input.py; tests/unit/slips_files/core/input/test_zeek_dir_input.py; tests/unit/slips_files/core/input/test_zeek_file_remover.py; tests/unit/slips_files/core/input/test_zeek_input_utils.py; tests/unit/slips_files/core/input/test_zeek_log_file_input.py; tests/unit/slips_files/core/structures/test_evidence.py; tests/unit/slips_files/core/structures/test_idea_format.py; tests/unit/slips_files/core/test_evidence_handler.py; tests/unit/slips_files/core/test_evidence_logger.py; tests/unit/slips_files/core/test_output.py; tests/unit/slips_files/core/test_profiler.py; tests/unit/slips_files/core/test_profiler_worker.py; tests/unit/slips_files/core/text_formatters/test_evidence_formatter.py; webinterface/analysis/analysis.py,.github/workflows/integration-tests.yml; .github/workflows/publish-slips-images.yml; .github/workflows/unit-tests.yml; .pre-commit-config.yaml; docker/Dockerfile; install/requirements.txt,.github/workflows/integration-tests.yml; .github/workflows/publish-slips-images.yml; .github/workflows/unit-tests.yml; .pre-commit-config.yaml; docker/Dockerfile; install/requirements.txt,,,,
0cb476f130812745b8b9,stratosphereips/StratosphereLinuxIPS,https://github.com/stratosphereips/StratosphereLinuxIPS,pip in /install for pytest - Update #1321828918,master,c5e89536119d70abc26060217c295eec033e057d,195d32fd71cb0517df6bf0c9b81aa40fd233cdfe,195d32fd71cb0517df6bf0c9b81aa40fd233cdfe; 9a2af634ddb8507518345767f1bab4a4a9413980; 9a2af634ddb8507518345767f1bab4a4a9413980; 9a2af634ddb8507518345767f1bab4a4a9413980; 9a2af634ddb8507518345767f1bab4a4a9413980,5,9a2af634ddb8507518345767f1bab4a4a9413980,24d 15:44:24,docker/light/generate_requirements.py; managers/process_manager.py; managers/redis_manager.py; modules/anomaly_detection_https/analyze_ad_log.py; modules/anomaly_detection_https/analyze_alerts_json.py; modules/anomaly_detection_https/anomaly_detection_https.py; modules/bruteforcing/__init__.py; modules/bruteforcing/bruteforcing.py; modules/flowalerts/conn.py; modules/flowalerts/notice.py; modules/flowalerts/ssh.py; modules/network_discovery/network_discovery.py; modules/timeline/timeline.py; slips/main.py; slips_files/common/parsers/config_parser.py; slips_files/common/performance_paths.py; slips_files/common/plotter.py; slips_files/common/slips_utils.py; slips_files/core/aid_manager.py; slips_files/core/database/database_manager.py; slips_files/core/database/redis_db/alert_handler.py; slips_files/core/database/redis_db/constants.py; slips_files/core/database/redis_db/database.py; slips_files/core/database/redis_db/profile_handler.py; slips_files/core/evidence_handler.py; slips_files/core/evidence_handler_worker.py; slips_files/core/evidence_logger.py; slips_files/core/flows/zeek.py; slips_files/core/helpers/localnet_cache.py; slips_files/core/helpers/localnet_handler.py; slips_files/core/input/input.py; slips_files/core/input/zeek/zeek_dir_input.py; slips_files/core/input_profilers/argus.py; slips_files/core/input_profilers/zeek.py; slips_files/core/input_profilers/zeek_to_slips_maps.py; slips_files/core/profiler.py; slips_files/core/profiler_worker.py; tests/module_factory.py; tests/unit/managers/test_redis_manager.py; tests/unit/modules/anomaly_detection_https/test_anomaly_detection_https.py; tests/unit/modules/bruteforcing/test_bruteforcing.py; tests/unit/modules/flowalerts/test_conn.py; tests/unit/modules/flowalerts/test_notice.py; tests/unit/modules/flowalerts/test_ssh.py; tests/unit/slips_files/core/database/redis_db/test_alert_handler.py; tests/unit/slips_files/core/database/redis_db/test_profile_handler.py; tests/unit/slips_files/core/database/test_database.py; tests/unit/slips_files/core/helpers/test_localnet_handler.py; tests/unit/slips_files/core/input/test_argus_input_profiler.py; tests/unit/slips_files/core/input/test_input.py; tests/unit/slips_files/core/input/test_zeek_input_profiler.py; tests/unit/slips_files/core/test_evidence_handler.py; tests/unit/slips_files/core/test_evidence_handler_worker.py; tests/unit/slips_files/core/test_evidence_logger.py; tests/unit/slips_files/core/test_profiler.py; tests/unit/slips_files/core/test_profiler_worker.py; webinterface/analysis/analysis.py,.github/workflows/integration-tests.yml; .github/workflows/unit-tests.yml; .github/workflows/update-code-docs.yml; docker/dependency_image_for_CI/Dockerfile; docker/light/Dockerfile; install/requirements.txt,docker/dependency_image_for_CI/Dockerfile; install/requirements.txt,,,,
949336fb69e76aa6e20a,stratosphereips/StratosphereLinuxIPS,https://github.com/stratosphereips/StratosphereLinuxIPS,pip in /install for GitPython - Update #1355253456,master,9a2af634ddb8507518345767f1bab4a4a9413980,9a2af634ddb8507518345767f1bab4a4a9413980,9a2af634ddb8507518345767f1bab4a4a9413980; 5857dd313b7cc8fed28f2fe60ad86e1c2043997c,2,0326e1e73feaf5976699c8f70c7c9a30c5d16f2b,12d 08:40:33,conftest.py; managers/ap_manager.py; managers/metadata_manager.py; managers/process_manager.py; managers/redis_manager.py; managers/ui_manager.py; managers/update_manager.py; modules/anomaly_detection_https/anomaly_detection_https.py; modules/arp/arp.py; modules/arp/filter.py; modules/arp_poisoner/arp_poisoner.py; modules/blocking/blocking.py; modules/brute_force_detector/__init__.py; modules/brute_force_detector/brute_force_detector.py; modules/bruteforcing/__init__.py; modules/bruteforcing/bruteforcing.py; modules/cesnet/cesnet.py; modules/cesnet/warden_client.py; modules/cyst/cyst.py; modules/exporting_alerts/exporting_alerts.py; modules/exporting_alerts/stix_exporter.py; modules/feeds_update_manager/__init__.py; modules/feeds_update_manager/feeds_update_manager.py; modules/feeds_update_manager/timer_manager.py; modules/fides/__init__.py; modules/fides/evaluation/__init__.py; modules/fides/evaluation/discount_factor.py; modules/fides/evaluation/recommendation/__init__.py; modules/fides/evaluation/recommendation/new_history.py; modules/fides/evaluation/recommendation/peer_update.py; modules/fides/evaluation/recommendation/process.py; modules/fides/evaluation/recommendation/selection.py; modules/fides/evaluation/service/__init__.py; modules/fides/evaluation/service/interaction.py; modules/fides/evaluation/service/peer_update.py; modules/fides/evaluation/service/process.py; modules/fides/evaluation/ti_aggregation.py; modules/fides/evaluation/ti_evaluation.py; modules/fides/fides.py; modules/fides/messaging/__init__.py; modules/fides/messaging/dacite/__init__.py; modules/fides/messaging/dacite/cache.py; modules/fides/messaging/dacite/config.py; modules/fides/messaging/dacite/core.py; modules/fides/messaging/dacite/data.py; modules/fides/messaging/dacite/dataclasses.py; modules/fides/messaging/dacite/exceptions.py; modules/fides/messaging/dacite/frozen_dict.py; modules/fides/messaging/dacite/types.py; modules/fides/messaging/message_handler.py; modules/fides/messaging/model.py; modules/fides/messaging/network_bridge.py; modules/fides/messaging/queue.py; modules/fides/messaging/queue_in_memory.py; modules/fides/messaging/redis_simplex_queue.py; modules/fides/model/__init__.py; modules/fides/model/alert.py; modules/fides/model/aliases.py; modules/fides/model/configuration.py; modules/fides/model/peer.py; modules/fides/model/peer_trust_data.py; modules/fides/model/recommendation.py; modules/fides/model/recommendation_history.py; modules/fides/model/service_history.py; modules/fides/model/threat_intelligence.py; modules/fides/originals/__init__.py; modules/fides/originals/abstracts.py; modules/fides/originals/database.py; modules/fides/persistence/__init__.py; modules/fides/persistence/fides_sqlite_db.py; modules/fides/persistence/threat_intelligence.py; modules/fides/persistence/threat_intelligence_db.py; modules/fides/persistence/trust.py; modules/fides/persistence/trust_db.py; modules/fides/protocols/__init__.py; modules/fides/protocols/alert.py; modules/fides/protocols/initial_trusl.py; modules/fides/protocols/opinion.py; modules/fides/protocols/peer_list.py; modules/fides/protocols/protocol.py; modules/fides/protocols/recommendation.py; modules/fides/protocols/threat_intelligence.py; modules/fides/utils/__init__.py; modules/fides/utils/logger.py; modules/fides/utils/time.py; modules/fidesModule/__init__.py; modules/fidesModule/evaluation/__init__.py; modules/fidesModule/evaluation/discount_factor.py; modules/fidesModule/evaluation/recommendation/__init__.py; modules/fidesModule/evaluation/recommendation/new_history.py; modules/fidesModule/evaluation/recommendation/peer_update.py; modules/fidesModule/evaluation/recommendation/process.py; modules/fidesModule/evaluation/recommendation/selection.py; modules/fidesModule/evaluation/service/__init__.py; modules/fidesModule/evaluation/service/interaction.py; modules/fidesModule/evaluation/service/peer_update.py; modules/fidesModule/evaluation/service/process.py; modules/fidesModule/evaluation/ti_aggregation.py; modules/fidesModule/evaluation/ti_evaluation.py; modules/fidesModule/fidesModule.py; modules/fidesModule/messaging/__init__.py; modules/fidesModule/messaging/dacite/__init__.py; modules/fidesModule/messaging/dacite/cache.py; modules/fidesModule/messaging/dacite/config.py; modules/fidesModule/messaging/dacite/core.py; modules/fidesModule/messaging/dacite/data.py; modules/fidesModule/messaging/dacite/dataclasses.py; modules/fidesModule/messaging/dacite/exceptions.py; modules/fidesModule/messaging/dacite/frozen_dict.py; modules/fidesModule/messaging/dacite/types.py; modules/fidesModule/messaging/message_handler.py; modules/fidesModule/messaging/model.py; modules/fidesModule/messaging/network_bridge.py; modules/fidesModule/messaging/queue.py; modules/fidesModule/messaging/queue_in_memory.py; modules/fidesModule/messaging/redis_simplex_queue.py; modules/fidesModule/model/__init__.py; modules/fidesModule/model/alert.py; modules/fidesModule/model/aliases.py; modules/fidesModule/model/configuration.py; modules/fidesModule/model/peer.py; modules/fidesModule/model/peer_trust_data.py; modules/fidesModule/model/recommendation.py; modules/fidesModule/model/recommendation_history.py; modules/fidesModule/model/service_history.py; modules/fidesModule/model/threat_intelligence.py; modules/fidesModule/originals/__init__.py; modules/fidesModule/originals/abstracts.py; modules/fidesModule/originals/database.py; modules/fidesModule/persistence/__init__.py; modules/fidesModule/persistence/fides_sqlite_db.py; modules/fidesModule/persistence/threat_intelligence.py; modules/fidesModule/persistence/threat_intelligence_db.py; modules/fidesModule/persistence/trust.py; modules/fidesModule/persistence/trust_db.py; modules/fidesModule/protocols/__init__.py; modules/fidesModule/protocols/alert.py; modules/fidesModule/protocols/initial_trusl.py; modules/fidesModule/protocols/opinion.py; modules/fidesModule/protocols/peer_list.py; modules/fidesModule/protocols/protocol.py; modules/fidesModule/protocols/recommendation.py; modules/fidesModule/protocols/threat_intelligence.py; modules/fidesModule/utils/__init__.py; modules/fidesModule/utils/logger.py; modules/fidesModule/utils/time.py; modules/flow_alerts/__init__.py; modules/flow_alerts/conn.py; modules/flow_alerts/dns.py; modules/flow_alerts/downloaded_file.py; modules/flow_alerts/flow_alerts.py; modules/flow_alerts/notice.py; modules/flow_alerts/set_evidence.py; modules/flow_alerts/smtp.py; modules/flow_alerts/software.py; modules/flow_alerts/ssh.py; modules/flow_alerts/ssl.py; modules/flow_alerts/timer_thread.py; modules/flow_alerts/tunnel.py; modules/flow_ml_detection/__init__.py; modules/flow_ml_detection/flow_ml_detection.py; modules/flowalerts/__init__.py; modules/flowalerts/conn.py; modules/flowalerts/dns.py; modules/flowalerts/downloaded_file.py; modules/flowalerts/flowalerts.py; modules/flowalerts/notice.py; modules/flowalerts/set_evidence.py; modules/flowalerts/smtp.py; modules/flowalerts/software.py; modules/flowalerts/ssh.py; modules/flowalerts/ssl.py; modules/flowalerts/timer_thread.py; modules/flowalerts/tunnel.py; modules/flowmldetection/__init__.py; modules/flowmldetection/flowmldetection.py; modules/http_analyzer/http_analyzer.py; modules/ip_info/asn_info.py; modules/ip_info/ip_info.py; modules/iris/__init__.py; modules/iris/iris.py; modules/irisModule/__init__.py; modules/irisModule/irisModule.py; modules/leak_detector/leak_detector.py; modules/network_discovery/network_discovery.py; modules/p2p_trust/__init__.py; modules/p2p_trust/p2p_trust.py; modules/p2p_trust/testing/__init__.py; modules/p2p_trust/testing/json_data.py; modules/p2p_trust/trust/__init__.py; modules/p2p_trust/trust/base_model.py; modules/p2p_trust/trust/model.py; modules/p2p_trust/trust/trustdb.py; modules/p2p_trust/utils/__init__.py; modules/p2p_trust/utils/go_director.py; modules/p2p_trust/utils/utils.py; modules/p2ptrust/__init__.py; modules/p2ptrust/p2ptrust.py; modules/p2ptrust/testing/__init__.py; modules/p2ptrust/testing/json_data.py; modules/p2ptrust/testing/test_p2p.py; modules/p2ptrust/trust/__init__.py; modules/p2ptrust/trust/base_model.py; modules/p2ptrust/trust/model.py; modules/p2ptrust/trust/trustdb.py; modules/p2ptrust/utils/__init__.py; modules/p2ptrust/utils/go_director.py; modules/p2ptrust/utils/utils.py; modules/risk_iq/__init__.py; modules/risk_iq/risk_iq.py; modules/riskiq/__init__.py; modules/riskiq/riskiq.py; modules/rnn_cc_detection/rnn_cc_detection.py; modules/template/template.py; modules/threat_intelligence/circl_lu.py; modules/threat_intelligence/spamhaus.py; modules/threat_intelligence/threat_intelligence.py; modules/threat_intelligence/urlhaus.py; modules/timeline/timeline.py; modules/update_manager/__init__.py; modules/update_manager/timer_manager.py; modules/update_manager/update_manager.py; modules/virustotal/virustotal.py; slips/daemon.py; slips/main.py; slips_files/common/abstracts/iasync_module.py; slips_files/common/abstracts/icore.py; slips_files/common/abstracts/iexporter.py; slips_files/common/abstracts/iflowalerts_analyzer.py; slips_files/common/abstracts/imodule.py; slips_files/common/idmefv2.py; slips_files/common/output_paths.py; slips_files/common/parsers/arg_parser.py; slips_files/common/parsers/config_parser.py; slips_files/common/performance_profilers/memory_profiler.py; slips_files/common/slips_utils.py; slips_files/core/aid_manager.py; slips_files/core/database/database_manager.py; slips_files/core/database/redis_db/alert_handler.py; slips_files/core/database/redis_db/cleanup_mixin.py; slips_files/core/database/redis_db/constants.py; slips_files/core/database/redis_db/database.py; slips_files/core/database/redis_db/flow_tracker_db.py; slips_files/core/database/redis_db/ioc_handler.py; slips_files/core/database/redis_db/p2p_handler.py; slips_files/core/database/redis_db/profile_handler.py; slips_files/core/database/redis_db/scan_detections_db.py; slips_files/core/database/redis_db/timewindow_updater_thread/tw_updater.py; slips_files/core/database/sqlite_db/database.py; slips_files/core/evidence_handler.py; slips_files/core/evidence_handler_worker.py; slips_files/core/evidence_logger.py; slips_files/core/helpers/bloom_filters_manager.py; slips_files/core/helpers/checker.py; slips_files/core/helpers/filemonitor.py; slips_files/core/helpers/symbols_handler.py; slips_files/core/helpers/whitelist/whitelist.py; slips_files/core/helpers/whitelist/whitelist_parser.py; slips_files/core/input/cyst/cyst_input.py; slips_files/core/input/input.py; slips_files/core/input/zeek/interface_input.py; slips_files/core/input/zeek/pcap_input.py; slips_files/core/input/zeek/utils/dos_protector.py; slips_files/core/input/zeek/utils/zeek_file_remover.py; slips_files/core/input/zeek/utils/zeek_input_utils.py; slips_files/core/input/zeek/zeek_dir_input.py; slips_files/core/output.py; slips_files/core/profiler.py; slips_files/core/profiler_worker.py; slips_files/core/text_formatters/evidence_formatter.py; slips_files/core/zeek_cmd_builder.py; tests/common_test_utils.py; tests/integration/conftest.py; tests/integration/test_config_files.py; tests/integration/test_config_files/__init__.py; tests/integration/test_config_files/test_config_files.py; tests/integration/test_dataset.py; tests/integration/test_dataset/__init__.py; tests/integration/test_dataset/test_dataset.py; tests/integration/test_fides.py; tests/integration/test_fides/__init__.py; tests/integration/test_fides/test_fides.py; tests/integration/test_iris.py; tests/integration/test_iris/__init__.py; tests/integration/test_iris/test_iris.py; tests/integration/test_pcap_dataset.py; tests/integration/test_pcap_dataset/__init__.py; tests/integration/test_pcap_dataset/test_pcap_dataset.py; tests/integration/test_portscans.py; tests/integration/test_portscans/__init__.py; tests/integration/test_portscans/test_portscans.py; tests/integration/test_zeek_dataset.py; tests/integration/test_zeek_dataset/__init__.py; tests/integration/test_zeek_dataset/test_zeek_dataset.py; tests/module_factory.py; tests/unit/destrctor.py; tests/unit/managers/test_process_manager.py; tests/unit/managers/test_redis_manager.py; tests/unit/managers/test_slips.py; tests/unit/managers/test_update_manager.py; tests/unit/modules/anomaly_detection_https/test_anomaly_detection_https.py; tests/unit/modules/arp/test_arp_filter.py; tests/unit/modules/arp_poisoner/test_arp_poisoner.py; tests/unit/modules/blocking/test_blocking.py; tests/unit/modules/brute_force_detector/test_brute_force_detector.py; tests/unit/modules/bruteforcing/test_bruteforcing.py; tests/unit/modules/fides/test_fides_bridge.py; tests/unit/modules/fides/test_fides_module.py; tests/unit/modules/fides/test_fides_queues.py; tests/unit/modules/fides/test_fides_sqlite_db.py; tests/unit/modules/fidesModule/test_fides_bridge.py; tests/unit/modules/fidesModule/test_fides_module.py; tests/unit/modules/fidesModule/test_fides_queues.py; tests/unit/modules/fidesModule/test_fides_sqlite_db.py; tests/unit/modules/flow_alerts/test_conn.py; tests/unit/modules/flow_alerts/test_dns.py; tests/unit/modules/flow_alerts/test_downloaded_file.py; tests/unit/modules/flow_alerts/test_notice.py; tests/unit/modules/flow_alerts/test_set_evidence.py; tests/unit/modules/flow_alerts/test_smtp.py; tests/unit/modules/flow_alerts/test_software.py; tests/unit/modules/flow_alerts/test_ssh.py; tests/unit/modules/flow_alerts/test_ssl.py; tests/unit/modules/flow_alerts/test_tunnel.py; tests/unit/modules/flowalerts/test_conn.py; tests/unit/modules/flowalerts/test_dns.py; tests/unit/modules/flowalerts/test_downloaded_file.py; tests/unit/modules/flowalerts/test_notice.py; tests/unit/modules/flowalerts/test_set_evidence.py; tests/unit/modules/flowalerts/test_smtp.py; tests/unit/modules/flowalerts/test_software.py; tests/unit/modules/flowalerts/test_ssh.py; tests/unit/modules/flowalerts/test_ssl.py; tests/unit/modules/flowalerts/test_tunnel.py; tests/unit/modules/ip_info/test_asn_info.py; tests/unit/modules/p2p_trust/trust/test_base_model.py; tests/unit/modules/p2p_trust/trust/test_go_director.py; tests/unit/modules/p2p_trust/trust/test_trustdb.py; tests/unit/modules/p2ptrust/trust/test_base_model.py; tests/unit/modules/p2ptrust/trust/test_go_director.py; tests/unit/modules/p2ptrust/trust/test_trustdb.py; tests/unit/modules/risk_iq/test_risk_iq.py; tests/unit/modules/riskiq/test_riskiq.py; tests/unit/modules/rnn_cc_detection/test_rnn_cc_detection.py; tests/unit/modules/update_manager/test_update_file_manager.py; tests/unit/slips/test_daemon.py; tests/unit/slips/test_main.py; tests/unit/slips_files/common/abstracts/test_imodule.py; tests/unit/slips_files/common/test_output_paths.py; tests/unit/slips_files/common/test_slips_utils.py; tests/unit/slips_files/core/database/test_database.py; tests/unit/slips_files/core/helpers/test_bloom_filters_manager.py; tests/unit/slips_files/core/helpers/test_checker.py; tests/unit/slips_files/core/helpers/whitelist/test_whitelist.py; tests/unit/slips_files/core/input/test_dos_protector.py; tests/unit/slips_files/core/input/test_input.py; tests/unit/slips_files/core/input/test_interface_input.py; tests/unit/slips_files/core/input/test_pcap_input.py; tests/unit/slips_files/core/input/test_zeek_file_remover.py; tests/unit/slips_files/core/input/test_zeek_input_utils.py; tests/unit/slips_files/core/test_evidence_handler.py; tests/unit/slips_files/core/test_evidence_handler_worker.py; tests/unit/slips_files/core/test_profiler.py; tests/unit/slips_files/core/test_profiler_worker.py; tests/unit/slips_files/core/text_formatters/test_evidence_formatter.py; webinterface/analysis/analysis.py,.github/workflows/create-a-new-release.yml; .github/workflows/integration-tests.yml; docker/Dockerfile; docker/dependency_image_for_CI/Dockerfile; docker/light/Dockerfile; install/requirements.txt,,docker/Dockerfile; docker/light/Dockerfile,,,
eca21617fd7c66de8a09,stratosphereips/StratosphereLinuxIPS,https://github.com/stratosphereips/StratosphereLinuxIPS,pip in /install for GitPython - Update #1357375363,master,0326e1e73feaf5976699c8f70c7c9a30c5d16f2b,0326e1e73feaf5976699c8f70c7c9a30c5d16f2b,0326e1e73feaf5976699c8f70c7c9a30c5d16f2b,1,0326e1e73feaf5976699c8f70c7c9a30c5d16f2b,0d 16:09:39,,,,,,,
f3bd1f130f22056b75ab,stratosphereips/StratosphereLinuxIPS,https://github.com/stratosphereips/StratosphereLinuxIPS,pip in /install for GitPython - Update #1477485532,master,0326e1e73feaf5976699c8f70c7c9a30c5d16f2b,0326e1e73feaf5976699c8f70c7c9a30c5d16f2b,0326e1e73feaf5976699c8f70c7c9a30c5d16f2b; 0326e1e73feaf5976699c8f70c7c9a30c5d16f2b; 0326e1e73feaf5976699c8f70c7c9a30c5d16f2b; 330dd01e0dc862cd49554f689e24ef56339e3666,4,330dd01e0dc862cd49554f689e24ef56339e3666,73d 04:51:47,managers/ap_manager.py; managers/metadata_manager.py; managers/process_manager.py; managers/redis_manager.py; managers/ui_manager.py; managers/update_manager.py; modules/arp_poisoner/arp_poisoner.py; modules/blocking/exec_iptables_cmd.py; modules/exporting_alerts/stix_exporter.py; modules/feeds_update_manager/feed_config_mixin.py; modules/feeds_update_manager/feed_update_policy_mixin.py; modules/feeds_update_manager/feeds_update_manager.py; modules/feeds_update_manager/fingerprint_feed_parser_mixin.py; modules/feeds_update_manager/local_feed_updater_mixin.py; modules/feeds_update_manager/remote_feed_updater_mixin.py; modules/feeds_update_manager/ti_feed_parser_mixin.py; modules/feeds_update_manager/timer_manager.py; modules/feeds_update_manager/whitelist_updater_mixin.py; modules/fides/persistence/fides_sqlite_db.py; modules/flow_alerts/conn.py; modules/flow_alerts/dns.py; modules/flow_alerts/flow_alerts.py; modules/flow_alerts/login.py; modules/flow_alerts/set_evidence.py; modules/flow_alerts/timer_thread.py; modules/flow_alerts/utils.py; modules/http_analyzer/http_analyzer.py; modules/ip_info/asn_info.py; modules/ip_info/ip_info.py; modules/iris/iris.py; modules/leak_detector/leak_detector.py; modules/p2p_trust/p2p_trust.py; modules/threat_intelligence/threat_intelligence.py; slips/daemon.py; slips/main.py; slips_files/common/abstracts/iasync_module.py; slips_files/common/abstracts/imodule.py; slips_files/common/abstracts/isqlite.py; slips_files/common/flow_classifier.py; slips_files/common/idmefv2.py; slips_files/common/input_type.py; slips_files/common/parsers/arg_parser.py; slips_files/common/parsers/config_parser.py; slips_files/common/performance_profilers/memory_profiler.py; slips_files/common/plotter.py; slips_files/common/slips_utils.py; slips_files/common/sqlite_flock.py; slips_files/common/timer_manager.py; slips_files/core/database/database_manager.py; slips_files/core/database/redis_db/constants.py; slips_files/core/database/redis_db/database.py; slips_files/core/database/redis_db/flow_tracker_db.py; slips_files/core/database/redis_db/profile_handler.py; slips_files/core/database/sqlite_db/database.py; slips_files/core/evidence_handler_worker.py; slips_files/core/flows/zeek.py; slips_files/core/helpers/checker.py; slips_files/core/helpers/flow_handler.py; slips_files/core/helpers/localnet_handler.py; slips_files/core/input/input.py; slips_files/core/input/nfdump/nfdump_input.py; slips_files/core/input/zeek/interface_input.py; slips_files/core/input/zeek/pcap_input.py; slips_files/core/input/zeek/utils/zeek_file_remover.py; slips_files/core/input/zeek/utils/zeek_input_utils.py; slips_files/core/input_profilers/zeek.py; slips_files/core/input_profilers/zeek_to_slips_maps.py; slips_files/core/profiler.py; slips_files/core/profiler_worker.py; slips_files/core/structures/evidence.py; slips_files/core/supported_logfiles.py; slips_files/core/worker_manager_mixin.py; slips_files/core/zeek_cmd_builder.py; tests/common_test_utils.py; tests/integration/conftest.py; tests/integration/test_config_files/test_config_files.py; tests/integration/test_dataset/test_dataset.py; tests/integration/test_fides/test_fides.py; tests/integration/test_iris/test_iris.py; tests/integration/test_pcap_dataset/test_pcap_dataset.py; tests/integration/test_portscans/test_portscans.py; tests/integration/test_slips_params.py; tests/integration/test_zeek_dataset/test_zeek_dataset.py; tests/module_factory.py; tests/unit/managers/test_metadata_manager.py; tests/unit/managers/test_process_manager.py; tests/unit/managers/test_redis_manager.py; tests/unit/managers/test_slips.py; tests/unit/managers/test_update_manager.py; tests/unit/modules/arp_poisoner/test_arp_poisoner.py; tests/unit/modules/fides/test_fides_sqlite_db.py; tests/unit/modules/flow_alerts/test_conn.py; tests/unit/modules/flow_alerts/test_dns.py; tests/unit/modules/flow_alerts/test_login.py; tests/unit/modules/flow_alerts/test_set_evidence.py; tests/unit/modules/flow_alerts/test_utils.py; tests/unit/modules/ip_info/test_asn_info.py; tests/unit/modules/ip_info/test_ip_info.py; tests/unit/modules/p2p_trust/test_p2p_trust.py; tests/unit/modules/update_manager/test_update_file_manager.py; tests/unit/slips/test_daemon.py; tests/unit/slips/test_main.py; tests/unit/slips_files/common/abstracts/test_iasync_module.py; tests/unit/slips_files/common/test_idmefv2.py; tests/unit/slips_files/common/test_slips_utils.py; tests/unit/slips_files/common/test_sqlite_flock.py; tests/unit/slips_files/core/database/sqlite_db/test_sqlite_database.py; tests/unit/slips_files/core/database/test_database.py; tests/unit/slips_files/core/helpers/test_flow_handler.py; tests/unit/slips_files/core/helpers/test_localnet_handler.py; tests/unit/slips_files/core/input/test_input.py; tests/unit/slips_files/core/input/test_interface_input.py; tests/unit/slips_files/core/input/test_pcap_input.py; tests/unit/slips_files/core/input/test_zeek_input_profiler.py; tests/unit/slips_files/core/input/test_zeek_input_utils.py; tests/unit/slips_files/core/test_profiler.py; tests/unit/slips_files/core/test_profiler_worker.py; tests/unit/slips_files/core/test_worker_manager_mixin.py; tests/unit/slips_files/core/test_zeek_cmd_builder.py; webinterface/app.py; webinterface/database/database.py; webinterface/utils.py,.dockerignore; .github/workflows/create-a-new-release.yml; .github/workflows/dockerfile-pr-tests.yml; .github/workflows/integration-tests.yml; .github/workflows/monthly-develop-to-master-pr.yml; .github/workflows/publish-slips-images.yml; .github/workflows/test-suite.yml; .github/workflows/unit-tests.yml; docker/Dockerfile; docker/light/Dockerfile; docker/light/requirements.txt; install/requirements.txt,,,,,
8fba04beeee7bf6d2cf0,stratosphereips/StratosphereLinuxIPS,https://github.com/stratosphereips/StratosphereLinuxIPS,pip in /docker/light for gitpython - Update #1479920611,master,330dd01e0dc862cd49554f689e24ef56339e3666,330dd01e0dc862cd49554f689e24ef56339e3666,330dd01e0dc862cd49554f689e24ef56339e3666,1,330dd01e0dc862cd49554f689e24ef56339e3666,0d 07:38:11,,,,,,,
45d59652839f238a51bf,stratosphereips/StratosphereLinuxIPS,https://github.com/stratosphereips/StratosphereLinuxIPS,pip in /docker/light for GitPython - Update #1505897471,master,330dd01e0dc862cd49554f689e24ef56339e3666,330dd01e0dc862cd49554f689e24ef56339e3666,330dd01e0dc862cd49554f689e24ef56339e3666; 330dd01e0dc862cd49554f689e24ef56339e3666; 330dd01e0dc862cd49554f689e24ef56339e3666; 330dd01e0dc862cd49554f689e24ef56339e3666,4,330dd01e0dc862cd49554f689e24ef56339e3666,7d 05:11:06,,,,,,,
d12fd1046589981e829f,stratosphereips/StratosphereLinuxIPS,https://github.com/stratosphereips/StratosphereLinuxIPS,pip in /install for GitPython - Update #1505959414,master,330dd01e0dc862cd49554f689e24ef56339e3666,330dd01e0dc862cd49554f689e24ef56339e3666,330dd01e0dc862cd49554f689e24ef56339e3666,1,330dd01e0dc862cd49554f689e24ef56339e3666,0d 00:00:00,,,,,,,
13d4b629ff9e75e6853a,stratosphereips/StratosphereLinuxIPS,https://github.com/stratosphereips/StratosphereLinuxIPS,pip in /docker/light for GitPython - Update #1514260961,master,330dd01e0dc862cd49554f689e24ef56339e3666,330dd01e0dc862cd49554f689e24ef56339e3666,330dd01e0dc862cd49554f689e24ef56339e3666; 330dd01e0dc862cd49554f689e24ef56339e3666,2,330dd01e0dc862cd49554f689e24ef56339e3666,4d 13:11:20,,,,,,,
0189e984b914c366fdd2,stratosphereips/StratosphereLinuxIPS,https://github.com/stratosphereips/StratosphereLinuxIPS,pip in /install for keras - Update #1514442137,master,330dd01e0dc862cd49554f689e24ef56339e3666,330dd01e0dc862cd49554f689e24ef56339e3666,330dd01e0dc862cd49554f689e24ef56339e3666; 330dd01e0dc862cd49554f689e24ef56339e3666; 330dd01e0dc862cd49554f689e24ef56339e3666; 330dd01e0dc862cd49554f689e24ef56339e3666,4,330dd01e0dc862cd49554f689e24ef56339e3666,0d 02:53:00,,,,,,,
c3729ee76953fc15c56e,stratosphereips/StratosphereLinuxIPS,https://github.com/stratosphereips/StratosphereLinuxIPS,pip in /install for keras - Update #1550622362,master,330dd01e0dc862cd49554f689e24ef56339e3666,330dd01e0dc862cd49554f689e24ef56339e3666,330dd01e0dc862cd49554f689e24ef56339e3666; 330dd01e0dc862cd49554f689e24ef56339e3666; 330dd01e0dc862cd49554f689e24ef56339e3666; 330dd01e0dc862cd49554f689e24ef56339e3666; 330dd01e0dc862cd49554f689e24ef56339e3666; 330dd01e0dc862cd49554f689e24ef56339e3666; 330dd01e0dc862cd49554f689e24ef56339e3666,7,b115d85ec103b076d660de9c4b2aa3c00026b399,23d 14:42:41,managers/host_ip_manager.py; managers/metadata_manager.py; managers/process_manager.py; managers/process_manager/__init__.py; managers/process_manager/config_mixin.py; managers/process_manager/module_loading_mixin.py; managers/process_manager/process_manager.py; managers/process_manager/reporting_mixin.py; managers/process_manager/shutdown_mixin.py; managers/process_manager/startup_mixin.py; managers/redis_manager.py; managers/timewindow_manager.py; managers/ui_manager.py; managers/update_manager.py; modules/alert_summary/__init__.py; modules/alert_summary/alert_summary.py; modules/anomaly_detection_https/anomaly_detection_https.py; modules/arp/arp.py; modules/arp/filter.py; modules/arp_poisoner/arp_poisoner.py; modules/brute_force_detector/brute_force_detector.py; modules/conn_analyzer/__init__.py; modules/conn_analyzer/conn_analyzer.py; modules/conn_analyzer/set_evidence.py; modules/exporting_alerts/exporting_alerts.py; modules/exporting_alerts/idmef_exporter.py; modules/exporting_alerts/stix_exporter.py; modules/feeds_update_manager/feed_update_policy_mixin.py; modules/feeds_update_manager/feeds_update_manager.py; modules/feeds_update_manager/local_feed_updater_mixin.py; modules/feeds_update_manager/remote_feed_updater_mixin.py; modules/feeds_update_manager/ti_feed_parser_mixin.py; modules/feeds_update_manager/whitelist_updater_mixin.py; modules/flow_alerts/conn.py; modules/flow_alerts/dns.py; modules/flow_alerts/flow_alerts.py; modules/flow_alerts/notice.py; modules/flow_alerts/set_evidence.py; modules/flow_alerts/ssl.py; modules/flow_alerts/utils.py; modules/flow_ml_detection/__init__.py; modules/flow_ml_detection/flow_ml_detection.py; modules/ip_info/ip_info.py; modules/iris/iris.py; modules/leak_detector/leak_detector.py; modules/llm_proxy/__init__.py; modules/llm_proxy/anthropic_backend_mixin.py; modules/llm_proxy/llm_backend.py; modules/llm_proxy/llm_backend_config.py; modules/llm_proxy/llm_errors.py; modules/llm_proxy/llm_proxy.py; modules/llm_proxy/ollama_backend_mixin.py; modules/llm_proxy/openai_backend_mixin.py; modules/ml_linear_model/__init__.py; modules/ml_linear_model/ml_linear_model.py; modules/ml_online_model/__init__.py; modules/ml_online_model/ml_online_model.py; modules/network_discovery/horizontal_portscan.py; modules/network_discovery/network_discovery.py; modules/network_discovery/vertical_portscan.py; modules/p2p_trust/p2p_trust.py; modules/regex_generator/__init__.py; modules/regex_generator/log_rotator.py; modules/regex_generator/match_strength.py; modules/regex_generator/regex_errors.py; modules/regex_generator/regex_generator.py; modules/rnn_cc_detection/rnn_cc_detection.py; modules/supported_module_names.py; modules/t_cell/__init__.py; modules/t_cell/analyze_t_cell.py; modules/t_cell/t_cell.py; modules/template/ml_backend_template.py; slips/main.py; slips_files/common/abstracts/icore.py; slips_files/common/abstracts/imodule.py; slips_files/common/abstracts/ml_module_base.py; slips_files/common/idmefv2.py; slips_files/common/ips/__init__.py; slips_files/common/ips/ips.py; slips_files/common/ml_modules_utils/__init__.py; slips_files/common/ml_modules_utils/base_utils.py; slips_files/common/ml_modules_utils/plot_testing_performance.py; slips_files/common/ml_modules_utils/plot_train_performance.py; slips_files/common/parsers/config_parser.py; slips_files/common/performance_profilers/memory_profiler.py; slips_files/common/printer.py; slips_files/common/slips_utils.py; slips_files/common/sqlite_flock.py; slips_files/common/startup_report.py; slips_files/common/style.py; slips_files/core/database/database_manager.py; slips_files/core/database/redis_db/alert_handler.py; slips_files/core/database/redis_db/cleanup_mixin.py; slips_files/core/database/redis_db/constants.py; slips_files/core/database/redis_db/database.py; slips_files/core/database/redis_db/profile_handler.py; slips_files/core/database/redis_db/publisher.py; slips_files/core/database/redis_db/scan_detections_db.py; slips_files/core/database/sqlite_db/database.py; slips_files/core/database/sqlite_db/regex_generator_db.py; slips_files/core/database/sqlite_db/t_cell_db.py; slips_files/core/evidence_handler.py; slips_files/core/evidence_handler_worker.py; slips_files/core/helpers/localnet_handler.py; slips_files/core/helpers/notify.py; slips_files/core/helpers/risk_weights_config_parser.py; slips_files/core/input/input.py; slips_files/core/input/zeek/interface_input.py; slips_files/core/input/zeek/pcap_input.py; slips_files/core/input/zeek/utils/zeek_input_utils.py; slips_files/core/input_profilers/zeek.py; slips_files/core/output.py; slips_files/core/profiler.py; slips_files/core/profiler_worker.py; slips_files/core/structures/alerts.py; slips_files/core/structures/evidence.py; slips_files/core/structures/risk_weights.py; slips_files/core/text_formatters/evidence_formatter.py; slips_files/core/worker_manager_mixin.py; slips_files/logs_analysis/analyze_incidents.py; tests/common_test_utils.py; tests/integration/test_config_files/test_config_files.py; tests/integration/test_dataset/test_dataset.py; tests/integration/test_fides/test_fides.py; tests/integration/test_iris/test_iris.py; tests/integration/test_pcap_dataset/test_pcap_dataset.py; tests/integration/test_portscans/test_portscans.py; tests/integration/test_zeek_dataset/test_zeek_dataset.py; tests/module_factory.py; tests/unit/managers/__init__.py; tests/unit/managers/process_manager/__init__.py; tests/unit/managers/process_manager/test_config_mixin.py; tests/unit/managers/process_manager/test_module_loading_mixin.py; tests/unit/managers/process_manager/test_process_manager.py; tests/unit/managers/process_manager/test_reporting_mixin.py; tests/unit/managers/process_manager/test_shutdown_mixin.py; tests/unit/managers/process_manager/test_startup_mixin.py; tests/unit/managers/test_metadata_manager.py; tests/unit/managers/test_process_manager.py; tests/unit/managers/test_redis_manager.py; tests/unit/managers/test_slips.py; tests/unit/managers/test_timewindow_manager.py; tests/unit/managers/test_update_manager.py; tests/unit/modules/alert_summary/__init__.py; tests/unit/modules/alert_summary/test_alert_summary.py; tests/unit/modules/anomaly_detection_https/test_anomaly_detection_https.py; tests/unit/modules/arp/test_arp.py; tests/unit/modules/arp/test_arp_filter.py; tests/unit/modules/conn_analyzer/__init__.py; tests/unit/modules/conn_analyzer/test_conn_analyzer.py; tests/unit/modules/conn_analyzer/test_set_evidence.py; tests/unit/modules/flow_alerts/__init__.py; tests/unit/modules/flow_alerts/test_conn.py; tests/unit/modules/flow_alerts/test_notice.py; tests/unit/modules/flow_alerts/test_set_evidence.py; tests/unit/modules/flow_alerts/test_ssl.py; tests/unit/modules/ip_info/test_ip_info.py; tests/unit/modules/llm/test_anthropic_backend_mixin.py; tests/unit/modules/llm/test_llm.py; tests/unit/modules/llm/test_llm_backend.py; tests/unit/modules/llm/test_llm_backend_config.py; tests/unit/modules/llm/test_llm_errors.py; tests/unit/modules/llm/test_ollama_backend_mixin.py; tests/unit/modules/llm/test_openai_backend_mixin.py; tests/unit/modules/llm_proxy/__init__.py; tests/unit/modules/llm_proxy/test_anthropic_backend_mixin.py; tests/unit/modules/llm_proxy/test_llm_backend.py; tests/unit/modules/llm_proxy/test_llm_backend_config.py; tests/unit/modules/llm_proxy/test_llm_errors.py; tests/unit/modules/llm_proxy/test_llm_proxy.py; tests/unit/modules/llm_proxy/test_ollama_backend_mixin.py; tests/unit/modules/llm_proxy/test_openai_backend_mixin.py; tests/unit/modules/ml_models/test_ml_base_detection.py; tests/unit/modules/ml_models/test_ml_linear_model.py; tests/unit/modules/ml_models/test_ml_modules.py; tests/unit/modules/ml_models/test_ml_online_model.py; tests/unit/modules/regex_generator/__init__.py; tests/unit/modules/regex_generator/test_log_rotator.py; tests/unit/modules/regex_generator/test_match_strength.py; tests/unit/modules/regex_generator/test_regex_errors.py; tests/unit/modules/regex_generator/test_regex_generator.py; tests/unit/modules/rnn_cc_detection/test_rnn_cc_detection.py; tests/unit/modules/t_cell/__init__.py; tests/unit/modules/t_cell/test_analyze_t_cell.py; tests/unit/modules/t_cell/test_t_cell.py; tests/unit/modules/t_cell/test_t_cell_db.py; tests/unit/modules/test_supported_module_names.py; tests/unit/modules/update_manager/test_update_file_manager.py; tests/unit/slips/test_main.py; tests/unit/slips_files/common/abstracts/test_imodule.py; tests/unit/slips_files/common/test_config_parser.py; tests/unit/slips_files/common/test_idmefv2.py; tests/unit/slips_files/common/test_sqlite_flock.py; tests/unit/slips_files/common/test_startup_report.py; tests/unit/slips_files/core/database/redis_db/test_alert_handler.py; tests/unit/slips_files/core/database/redis_db/test_profile_handler.py; tests/unit/slips_files/core/database/sqlite_db/test_regex_generator_db.py; tests/unit/slips_files/core/database/sqlite_db/test_t_cell_db.py; tests/unit/slips_files/core/database/test_database.py; tests/unit/slips_files/core/helpers/test_notify.py; tests/unit/slips_files/core/helpers/test_risk_weights_config_parser.py; tests/unit/slips_files/core/input/test_binetflow_input.py; tests/unit/slips_files/core/input/test_binetflow_tabs_input.py; tests/unit/slips_files/core/input/test_cyst_input.py; tests/unit/slips_files/core/input/test_input.py; tests/unit/slips_files/core/input/test_interface_input.py; tests/unit/slips_files/core/input/test_nfdump_input.py; tests/unit/slips_files/core/input/test_pcap_input.py; tests/unit/slips_files/core/input/test_stdin_input.py; tests/unit/slips_files/core/input/test_suricata_input.py; tests/unit/slips_files/core/input/test_zeek_dir_input.py; tests/unit/slips_files/core/input/test_zeek_input_utils.py; tests/unit/slips_files/core/input/test_zeek_log_file_input.py; tests/unit/slips_files/core/structures/test_evidence.py; tests/unit/slips_files/core/structures/test_risk_weights.py; tests/unit/slips_files/core/test_evidence_handler.py; tests/unit/slips_files/core/test_evidence_handler_worker.py; tests/unit/slips_files/core/test_profiler.py; tests/unit/slips_files/core/test_profiler_worker.py; tests/unit/slips_files/core/text_formatters/test_evidence_formatter.py; tests/unit/slips_files/logs_analysis/test_analyze_incidents.py; webinterface/app.py; webinterface/database/database.py; webinterface/utils.py,.github/workflows/dependabot-develop-tests.yml; .github/workflows/dockerfile-pr-tests.yml; .github/workflows/integration-tests.yml; .github/workflows/publish-slips-images.yml; .github/workflows/test-suite.yml; .github/workflows/unit-tests.yml; docker/Dockerfile; docker/light/Dockerfile; install/requirements.txt,,.github/workflows/dependabot-develop-tests.yml; .github/workflows/dockerfile-pr-tests.yml; .github/workflows/integration-tests.yml; .github/workflows/publish-slips-images.yml; .github/workflows/test-suite.yml; .github/workflows/unit-tests.yml; docker/Dockerfile; docker/light/Dockerfile; install/requirements.txt,,,
f674e43be046ed7e40e1,stratosphereips/StratosphereLinuxIPS,https://github.com/stratosphereips/StratosphereLinuxIPS,unit-tests,alya/add_per_port_redis_logfile,6aab9ce69f6d55de4e8a4a71aed64d833688646b,36ace8d8cc78719b4ef66992f06e64c1fb8bcfac,36ace8d8cc78719b4ef66992f06e64c1fb8bcfac; 0ac2f424f6aa8986386aac29d8a819791c466e63,2,73c467662f8972aeb4c71bb32594b2a32733a2fb,0d 06:13:17,modules/network_discovery/network_discovery.py; slips_files/core/database/redis_db/cleanup_mixin.py; slips_files/core/database/redis_db/profile_handler.py; tests/module_factory.py; tests/test_fides_module.py; tests/test_network_discovery.py; tests/test_profile_handler.py; tests/test_ssh.py,,,,,,
12f7f840908d4f9da3ea,stratosphereips/StratosphereLinuxIPS,https://github.com/stratosphereips/StratosphereLinuxIPS,unit-tests,alya/add_per_port_redis_logfile,805d12b4c30a618cc6c6e54175fbf6d39e362752,f30e650232b24d695176355d8c6e402ccea5e83f,f30e650232b24d695176355d8c6e402ccea5e83f,1,1645545bc9f4a967f219992b281be1634a987256,0d 00:06:33,modules/update_manager/update_manager.py; slips_files/core/database/redis_db/p2p_handler.py; tests/integration_tests/test_fides.py,,,,,,
80b0026593988d594a99,stratosphereips/StratosphereLinuxIPS,https://github.com/stratosphereips/StratosphereLinuxIPS,unit-tests,alya/close_redis_servers_after_the_analysis,09fa135a8e15b43a3b8fea969710d104f54adab9,1c09ca2d803b219550032fb1b7fd9c4e402a7a9e,1c09ca2d803b219550032fb1b7fd9c4e402a7a9e,1,195c2681e51b21276424db9ec17ed8932557db05,0d 00:14:58,managers/process_manager.py; managers/redis_manager.py; slips_files/core/database/redis_db/database.py; tests/common_test_utils.py; tests/unit/managers/test_redis_manager.py; tests/unit/slips_files/core/database/test_database.py,.github/workflows/integration-tests.yml,,.github/workflows/integration-tests.yml,,,
8ad92949495a8532e4ce,stratosphereips/StratosphereLinuxIPS,https://github.com/stratosphereips/StratosphereLinuxIPS,unit-tests,alya/decrease_the_profiler_workers_dynamically,5d94e635dcc62ed04230794245a3b9f5b4dea9d8,e230317b88e9f7b2e00af8584652a56239a4d842,e230317b88e9f7b2e00af8584652a56239a4d842,1,9191b7e222ba7fec938c43417683b8a9352d1c62,0d 00:43:31,slips/main.py; slips_files/core/database/database_manager.py; slips_files/core/worker_manager_mixin.py; tests/unit/slips_files/core/test_profiler.py; tests/unit/slips_files/core/test_worker_manager_mixin.py,,,,,,
57482f2eb3498c2ca24d,stratosphereips/StratosphereLinuxIPS,https://github.com/stratosphereips/StratosphereLinuxIPS,unit-tests,alya/fix_slips_getting_oom_killed,bee4f3f820fc0c5580e1c49a1243e9a912776440,a806cdff728f72da1a16f3dc83d730903c9a3f06,a806cdff728f72da1a16f3dc83d730903c9a3f06; ca50af2ba6eb8798552a4fd7bd8c997b6077e5c4; f60961f8415ff573f6821d8a790c28f4182c183b,3,2c41a98f9e9558af642b8b5cd88f1dbfc224f7fb,1d 02:51:46,managers/process_manager.py; managers/redis_manager.py; modules/anomaly_detection_https/anomaly_detection_https.py; modules/arp/arp.py; modules/arp_poisoner/arp_poisoner.py; modules/blocking/blocking.py; modules/cesnet/cesnet.py; modules/cyst/cyst.py; modules/exporting_alerts/exporting_alerts.py; modules/fidesModule/fidesModule.py; modules/flowalerts/flowalerts.py; modules/flowmldetection/flowmldetection.py; modules/http_analyzer/http_analyzer.py; modules/ip_info/ip_info.py; modules/irisModule/irisModule.py; modules/leak_detector/leak_detector.py; modules/network_discovery/network_discovery.py; modules/p2ptrust/p2ptrust.py; modules/riskiq/riskiq.py; modules/rnn_cc_detection/rnn_cc_detection.py; modules/template/template.py; modules/threat_intelligence/threat_intelligence.py; modules/timeline/timeline.py; modules/update_manager/update_manager.py; modules/virustotal/virustotal.py; slips/main.py; slips_files/common/abstracts/iasync_module.py; slips_files/common/abstracts/icore.py; slips_files/common/abstracts/imodule.py; slips_files/core/database/database_manager.py; slips_files/core/database/redis_db/constants.py; slips_files/core/database/redis_db/database.py; slips_files/core/evidence_handler.py; slips_files/core/input/binetflow/binetflow_input.py; slips_files/core/input/cyst/cyst_input.py; slips_files/core/input/input.py; slips_files/core/input/nfdump/nfdump_input.py; slips_files/core/input/suricata/suricata_input.py; slips_files/core/input/zeek/zeek_log_file_input.py; slips_files/core/profiler.py; slips_files/core/profiler_worker.py; tests/module_factory.py; tests/unit/managers/test_process_manager.py; tests/unit/modules/fidesModule/test_fides_module.py; tests/unit/slips_files/core/input/test_input.py; tests/unit/slips_files/core/input/test_suricata_input.py; tests/unit/slips_files/core/input/test_zeek_log_file_input.py; tests/unit/slips_files/core/test_profiler.py; tests/unit/slips_files/core/test_profiler_worker.py,,,,,,
3e08f9f477f2d4092c80,stratosphereips/StratosphereLinuxIPS,https://github.com/stratosphereips/StratosphereLinuxIPS,unit-tests,alya/fixing_immune-signature-generation,4ba58f63cbe00e6adf37123a6eb3f277834d479f,9653045a88fb5e9c833b067d225ed92e5ed63867,9653045a88fb5e9c833b067d225ed92e5ed63867; 163fc36d2b80ca65676091f88bbc885c5ec1d153; c3813af86ea5b8f599a2a92031000d7de3052cfb; ed86965601670ab19bec9e7d42f71e04ce107711; c95209e057f807fbd3cc1fb4a7c001b1dee09023; 24473166734b97e905349381fb0137a0da793603; 344cb5e31d206a4cc810ce9a3ffc5756324d7ce5; 204f61edb719d05062934e8fef69e7919dfa53c9; 24dc495ca6b12eedb6fbb6f6906ae8c092108e72; 9b6517830dcf8d63a854db6393f86f3937aa6dfe,10,4c2f6d62e40c6a5fa030a209e4b9e69ef65712c7,48d 05:54:43,managers/metadata_manager.py; managers/process_manager.py; managers/process_manager/__init__.py; managers/process_manager/config_mixin.py; managers/process_manager/module_loading_mixin.py; managers/process_manager/process_manager.py; managers/process_manager/reporting_mixin.py; managers/process_manager/shutdown_mixin.py; managers/process_manager/startup_mixin.py; managers/timewindow_manager.py; managers/update_manager.py; modules/alert_summary/alert_summary.py; modules/arp/arp.py; modules/arp/filter.py; modules/exporting_alerts/exporting_alerts.py; modules/exporting_alerts/idmef_exporter.py; modules/exporting_alerts/stix_exporter.py; modules/feeds_update_manager/feed_update_policy_mixin.py; modules/llm_proxy/llm_proxy.py; modules/network_discovery/horizontal_portscan.py; modules/network_discovery/vertical_portscan.py; modules/regex_generator/regex_generator.py; modules/rnn_cc_detection/rnn_cc_detection.py; modules/supported_module_names.py; modules/t_cell/t_cell.py; slips/main.py; slips_files/common/abstracts/imodule.py; slips_files/common/idmefv2.py; slips_files/common/parsers/config_parser.py; slips_files/core/database/database_manager.py; slips_files/core/database/redis_db/alert_handler.py; slips_files/core/database/redis_db/cleanup_mixin.py; slips_files/core/database/redis_db/constants.py; slips_files/core/database/redis_db/database.py; slips_files/core/database/redis_db/profile_handler.py; slips_files/core/database/redis_db/scan_detections_db.py; slips_files/core/evidence_handler.py; slips_files/core/evidence_handler_worker.py; slips_files/core/helpers/risk_weights_config_parser.py; slips_files/core/input/input.py; slips_files/core/profiler_worker.py; slips_files/core/structures/alerts.py; slips_files/core/structures/evidence.py; slips_files/core/structures/risk_weights.py; slips_files/core/text_formatters/evidence_formatter.py; tests/integration/test_fides/test_fides.py; tests/integration/test_iris/test_iris.py; tests/module_factory.py; tests/unit/managers/__init__.py; tests/unit/managers/process_manager/__init__.py; tests/unit/managers/process_manager/test_config_mixin.py; tests/unit/managers/process_manager/test_module_loading_mixin.py; tests/unit/managers/process_manager/test_process_manager.py; tests/unit/managers/process_manager/test_reporting_mixin.py; tests/unit/managers/process_manager/test_shutdown_mixin.py; tests/unit/managers/process_manager/test_startup_mixin.py; tests/unit/managers/test_metadata_manager.py; tests/unit/managers/test_process_manager.py; tests/unit/managers/test_slips.py; tests/unit/managers/test_timewindow_manager.py; tests/unit/managers/test_update_manager.py; tests/unit/modules/alert_summary/__init__.py; tests/unit/modules/alert_summary/test_alert_summary.py; tests/unit/modules/arp/test_arp_filter.py; tests/unit/modules/llm/test_llm.py; tests/unit/modules/llm_proxy/__init__.py; tests/unit/modules/llm_proxy/test_anthropic_backend_mixin.py; tests/unit/modules/llm_proxy/test_llm_backend.py; tests/unit/modules/llm_proxy/test_llm_backend_config.py; tests/unit/modules/llm_proxy/test_llm_errors.py; tests/unit/modules/llm_proxy/test_llm_proxy.py; tests/unit/modules/llm_proxy/test_ollama_backend_mixin.py; tests/unit/modules/llm_proxy/test_openai_backend_mixin.py; tests/unit/modules/regex_generator/__init__.py; tests/unit/modules/regex_generator/test_regex_errors.py; tests/unit/modules/t_cell/__init__.py; tests/unit/modules/t_cell/test_t_cell.py; tests/unit/modules/test_supported_module_names.py; tests/unit/modules/update_manager/test_update_file_manager.py; tests/unit/slips/test_daemon.py; tests/unit/slips/test_main.py; tests/unit/slips_files/common/abstracts/test_imodule.py; tests/unit/slips_files/common/test_config_parser.py; tests/unit/slips_files/common/test_idmefv2.py; tests/unit/slips_files/core/database/redis_db/test_alert_handler.py; tests/unit/slips_files/core/database/sqlite_db/test_regex_generator_db.py; tests/unit/slips_files/core/database/sqlite_db/test_t_cell_db.py; tests/unit/slips_files/core/database/test_database.py; tests/unit/slips_files/core/helpers/test_risk_weights_config_parser.py; tests/unit/slips_files/core/input/test_input.py; tests/unit/slips_files/core/structures/test_evidence.py; tests/unit/slips_files/core/structures/test_risk_weights.py; tests/unit/slips_files/core/test_evidence_handler.py; tests/unit/slips_files/core/test_evidence_handler_worker.py; tests/unit/slips_files/core/text_formatters/test_evidence_formatter.py; webinterface/app.py,.github/workflows/dockerfile-pr-tests.yml; .github/workflows/integration-tests.yml; .github/workflows/monthly-develop-to-master-pr.yml; .github/workflows/test-suite.yml; .github/workflows/unit-tests.yml; docker/Dockerfile; docker/light/Dockerfile; install/requirements.txt,,,,,
ceafe4ce72167b62b208,stratosphereips/StratosphereLinuxIPS,https://github.com/stratosphereips/StratosphereLinuxIPS,unit-tests,alya/fixing_immune-signature-generation,d4392b91feeb8991845f8621f04cde5654090e0d,28bf6ea2fa488ce9cb92409e971a8cfd7720510d,28bf6ea2fa488ce9cb92409e971a8cfd7720510d,1,4730945226c8a2af6c1a16abdcc706fac288dbe3,0d 00:17:58,slips/main.py; slips_files/core/profiler.py; slips_files/core/profiler_worker.py; slips_files/core/worker_manager_mixin.py; tests/unit/slips/test_main.py; tests/unit/slips_files/core/test_profiler.py; tests/unit/slips_files/core/test_profiler_worker.py,,,,,,
956bcda46a5b62e6c336,stratosphereips/StratosphereLinuxIPS,https://github.com/stratosphereips/StratosphereLinuxIPS,unit-tests,alya/immune/stress_testing,0806f6d87c5c3a53a4d17b2e4ba18325b5f0a8a9,c356c90ea8cbcc704c55bd8b90cc0b7249a41abd,c356c90ea8cbcc704c55bd8b90cc0b7249a41abd,1,b60e39ed4af933dbb35e54b7ad5649643608b764,0d 01:33:21,slips_files/common/slips_utils.py; slips_files/core/database/database_manager.py; slips_files/core/database/redis_db/database.py; slips_files/core/helpers/localnet_cache.py; slips_files/core/helpers/localnet_handler.py; slips_files/core/profiler.py; slips_files/core/profiler_worker.py; tests/module_factory.py; tests/unit/slips_files/core/helpers/test_localnet_handler.py; tests/unit/slips_files/core/test_profiler.py,,,,,,
fd7313576c0a1a457fd0,stratosphereips/StratosphereLinuxIPS,https://github.com/stratosphereips/StratosphereLinuxIPS,unit-tests,alya/improve_integration_tests,670db48b039e6146b8aa24ffd04651e4a8527d59,df3c5ce8c27be3e99cdc2ccd42669b849fb4fbfd,df3c5ce8c27be3e99cdc2ccd42669b849fb4fbfd,1,e665512dd11f24be073d73b55ed77e7a351d74c9,0d 00:07:01,tests/integration/test_fides/test_fides.py; tests/integration/test_iris/test_iris.py,,,,,,
1218f405b8de40eeda98,stratosphereips/StratosphereLinuxIPS,https://github.com/stratosphereips/StratosphereLinuxIPS,unit-tests,alya/improve_integration_tests,c25a20b50e03446d05ef0e30d59352f8da9c25ac,a765be69bf0815dc65f5726a367a8ab2f8d52def,a765be69bf0815dc65f5726a367a8ab2f8d52def; 4126f3bd9488e30259b87e8c09a83d7694ce87e2,2,2a54e55b71af9410e3222b79667eceecffb3d0d7,0d 00:19:47,modules/fides/fides.py; modules/fides/messaging/message_handler.py; modules/fides/messaging/model.py; modules/fides/messaging/network_bridge.py; modules/fides/model/peer_trust_data.py; modules/fides/persistence/threat_intelligence_db.py; modules/fides/persistence/trust_db.py; modules/fides/protocols/threat_intelligence.py; modules/fides/utils/logger.py; slips/main.py; tests/common_test_utils.py; tests/integration/test_fides/test_fides.py; tests/module_factory.py; tests/unit/modules/fides/test_fides_bridge.py,.github/workflows/integration-tests.yml,.github/workflows/integration-tests.yml,,,,
128a336c6c51a4b55879,stratosphereips/StratosphereLinuxIPS,https://github.com/stratosphereips/StratosphereLinuxIPS,unit-tests,develop,046293b85709118fad77c5af30bc5ace012978bb,33393d8b914170bfe466f4b431c7074dd701a9fd,33393d8b914170bfe466f4b431c7074dd701a9fd; 435b185358e8ff3007d96fae17164d3122a69099; c0db94482b2e7f0c988bc24c3eac0c592652f51d,3,1c07a2e413066f9cb286f500c26dea273538ffc5,0d 00:46:42,modules/flowalerts/flowalerts.py; modules/ip_info/ip_info.py; modules/threat_intelligence/threat_intelligence.py; modules/update_manager/update_manager.py; slips_files/common/abstracts/iasync_module.py; slips_files/core/database/redis_db/alert_handler.py; slips_files/core/database/redis_db/ioc_handler.py; slips_files/core/database/redis_db/profile_handler.py; slips_files/core/evidence_handler.py; slips_files/core/structures/evidence.py; slips_files/core/text_formatters/evidence.py; slips_files/core/text_formatters/evidence_formatter.py; tests/module_factory.py; tests/test_evidence_formatter.py; webinterface/analysis/analysis.py,.github/workflows/install-slips-dependencies.yml; .github/workflows/integration-tests.yml; .github/workflows/publish-slips-images.yml; .github/workflows/unit-tests.yml; .github/workflows/update-code-docs.yml; install/requirements.txt,.github/workflows/install-slips-dependencies.yml; .github/workflows/integration-tests.yml; .github/workflows/publish-slips-images.yml; .github/workflows/unit-tests.yml; .github/workflows/update-code-docs.yml; install/requirements.txt,,,,
efad758884e3f957bc41,stratosphereips/StratosphereLinuxIPS,https://github.com/stratosphereips/StratosphereLinuxIPS,unit-tests,develop,49a1c152dd16fc7861c7c6efc7dfd28a7f8907d9,17e71182801c3f1f690557533e0ffae1bf230b4e,17e71182801c3f1f690557533e0ffae1bf230b4e,1,8ad878eccade4c6d50a94eeecbd219d4fc545128,0d 00:06:56,managers/process_manager.py; managers/redis_manager.py; modules/bruteforcing/__init__.py; modules/bruteforcing/bruteforcing.py; modules/flowalerts/conn.py; modules/flowalerts/notice.py; modules/flowalerts/ssh.py; modules/network_discovery/network_discovery.py; modules/timeline/timeline.py; slips/main.py; slips_files/common/parsers/config_parser.py; slips_files/common/performance_paths.py; slips_files/common/plotter.py; slips_files/common/slips_utils.py; slips_files/core/aid_manager.py; slips_files/core/database/database_manager.py; slips_files/core/database/redis_db/alert_handler.py; slips_files/core/database/redis_db/constants.py; slips_files/core/database/redis_db/database.py; slips_files/core/database/redis_db/profile_handler.py; slips_files/core/evidence_handler.py; slips_files/core/evidence_handler_worker.py; slips_files/core/evidence_logger.py; slips_files/core/flows/zeek.py; slips_files/core/helpers/localnet_cache.py; slips_files/core/helpers/localnet_handler.py; slips_files/core/input/input.py; slips_files/core/input/zeek/zeek_dir_input.py; slips_files/core/input_profilers/zeek.py; slips_files/core/input_profilers/zeek_to_slips_maps.py; slips_files/core/profiler.py; slips_files/core/profiler_worker.py; tests/module_factory.py; tests/unit/modules/bruteforcing/test_bruteforcing.py; tests/unit/modules/flowalerts/test_conn.py; tests/unit/modules/flowalerts/test_notice.py; tests/unit/modules/flowalerts/test_ssh.py; tests/unit/slips_files/core/database/redis_db/test_profile_handler.py; tests/unit/slips_files/core/database/test_database.py; tests/unit/slips_files/core/helpers/test_localnet_handler.py; tests/unit/slips_files/core/input/test_input.py; tests/unit/slips_files/core/input/test_zeek_input_profiler.py; tests/unit/slips_files/core/test_evidence_handler.py; tests/unit/slips_files/core/test_evidence_handler_worker.py; tests/unit/slips_files/core/test_evidence_logger.py; tests/unit/slips_files/core/test_profiler.py; tests/unit/slips_files/core/test_profiler_worker.py; webinterface/analysis/analysis.py,.github/workflows/integration-tests.yml; .github/workflows/unit-tests.yml; docker/dependency_image_for_CI/Dockerfile; install/requirements.txt,.github/workflows/integration-tests.yml; .github/workflows/unit-tests.yml; docker/dependency_image_for_CI/Dockerfile; install/requirements.txt,,,,
bd1fc7e622dfeef98318,stratosphereips/StratosphereLinuxIPS,https://github.com/stratosphereips/StratosphereLinuxIPS,unit-tests,develop,8ad878eccade4c6d50a94eeecbd219d4fc545128,e1d6357b8c365e47a3f3ec1d3cc0cac78b8e5cbc,e1d6357b8c365e47a3f3ec1d3cc0cac78b8e5cbc,1,e19ad44f63a18130cf8dde37e0060a0f9d6b0024,0d 00:05:43,slips_files/core/input_profilers/argus.py; tests/unit/slips_files/core/input/test_argus_input_profiler.py,,,,,,
9f34ee494fd556521481,stratosphereips/StratosphereLinuxIPS,https://github.com/stratosphereips/StratosphereLinuxIPS,unit-tests,develop,634a916a41d7caac4777a365e93298040c53b3fa,e7e5babaa80e844fcfe41740a3d441fca3dc573b,e7e5babaa80e844fcfe41740a3d441fca3dc573b,1,283fc878f75b4e7b788575b92fd2368988f33263,0d 04:16:12,managers/ap_manager.py; managers/metadata_manager.py; managers/process_manager.py; managers/redis_manager.py; managers/ui_manager.py; managers/update_manager.py; modules/arp_poisoner/arp_poisoner.py; modules/blocking/exec_iptables_cmd.py; modules/feeds_update_manager/feed_config_mixin.py; modules/feeds_update_manager/feed_update_policy_mixin.py; modules/feeds_update_manager/feeds_update_manager.py; modules/feeds_update_manager/fingerprint_feed_parser_mixin.py; modules/feeds_update_manager/local_feed_updater_mixin.py; modules/feeds_update_manager/remote_feed_updater_mixin.py; modules/feeds_update_manager/ti_feed_parser_mixin.py; modules/feeds_update_manager/timer_manager.py; modules/feeds_update_manager/whitelist_updater_mixin.py; modules/fides/persistence/fides_sqlite_db.py; modules/flow_alerts/conn.py; modules/flow_alerts/flow_alerts.py; modules/flow_alerts/login.py; modules/flow_alerts/set_evidence.py; modules/flow_alerts/timer_thread.py; modules/http_analyzer/http_analyzer.py; modules/ip_info/asn_info.py; modules/ip_info/ip_info.py; modules/iris/iris.py; modules/leak_detector/leak_detector.py; modules/p2p_trust/p2p_trust.py; modules/threat_intelligence/threat_intelligence.py; slips/daemon.py; slips/main.py; slips_files/common/abstracts/iasync_module.py; slips_files/common/abstracts/imodule.py; slips_files/common/abstracts/isqlite.py; slips_files/common/flow_classifier.py; slips_files/common/input_type.py; slips_files/common/parsers/arg_parser.py; slips_files/common/parsers/config_parser.py; slips_files/common/performance_profilers/memory_profiler.py; slips_files/common/plotter.py; slips_files/common/slips_utils.py; slips_files/common/sqlite_flock.py; slips_files/common/timer_manager.py; slips_files/core/database/database_manager.py; slips_files/core/database/redis_db/constants.py; slips_files/core/database/redis_db/database.py; slips_files/core/database/redis_db/flow_tracker_db.py; slips_files/core/database/sqlite_db/database.py; slips_files/core/flows/zeek.py; slips_files/core/helpers/checker.py; slips_files/core/helpers/flow_handler.py; slips_files/core/input/input.py; slips_files/core/input/nfdump/nfdump_input.py; slips_files/core/input/zeek/interface_input.py; slips_files/core/input/zeek/pcap_input.py; slips_files/core/input/zeek/utils/zeek_file_remover.py; slips_files/core/input/zeek/utils/zeek_input_utils.py; slips_files/core/input_profilers/zeek.py; slips_files/core/input_profilers/zeek_to_slips_maps.py; slips_files/core/profiler.py; slips_files/core/profiler_worker.py; slips_files/core/structures/evidence.py; slips_files/core/supported_logfiles.py; slips_files/core/worker_manager_mixin.py; slips_files/core/zeek_cmd_builder.py; tests/common_test_utils.py; tests/integration/conftest.py; tests/integration/test_config_files/test_config_files.py; tests/integration/test_dataset/test_dataset.py; tests/integration/test_fides/test_fides.py; tests/integration/test_iris/test_iris.py; tests/integration/test_pcap_dataset/test_pcap_dataset.py; tests/integration/test_portscans/test_portscans.py; tests/integration/test_slips_params.py; tests/integration/test_zeek_dataset/test_zeek_dataset.py; tests/module_factory.py; tests/unit/managers/test_metadata_manager.py; tests/unit/managers/test_process_manager.py; tests/unit/managers/test_redis_manager.py; tests/unit/managers/test_slips.py; tests/unit/managers/test_update_manager.py; tests/unit/modules/arp_poisoner/test_arp_poisoner.py; tests/unit/modules/fides/test_fides_sqlite_db.py; tests/unit/modules/flow_alerts/test_conn.py; tests/unit/modules/flow_alerts/test_login.py; tests/unit/modules/flow_alerts/test_set_evidence.py; tests/unit/modules/ip_info/test_asn_info.py; tests/unit/modules/ip_info/test_ip_info.py; tests/unit/modules/p2p_trust/test_p2p_trust.py; tests/unit/modules/update_manager/test_update_file_manager.py; tests/unit/slips/test_main.py; tests/unit/slips_files/common/test_slips_utils.py; tests/unit/slips_files/common/test_sqlite_flock.py; tests/unit/slips_files/core/database/sqlite_db/test_sqlite_database.py; tests/unit/slips_files/core/database/test_database.py; tests/unit/slips_files/core/helpers/test_flow_handler.py; tests/unit/slips_files/core/input/test_input.py; tests/unit/slips_files/core/input/test_interface_input.py; tests/unit/slips_files/core/input/test_pcap_input.py; tests/unit/slips_files/core/input/test_zeek_input_profiler.py; tests/unit/slips_files/core/input/test_zeek_input_utils.py; tests/unit/slips_files/core/test_profiler.py; tests/unit/slips_files/core/test_worker_manager_mixin.py; tests/unit/slips_files/core/test_zeek_cmd_builder.py; webinterface/app.py; webinterface/database/database.py; webinterface/utils.py,.dockerignore; .github/workflows/create-a-new-release.yml; .github/workflows/integration-tests.yml; .github/workflows/publish-slips-images.yml; .github/workflows/unit-tests.yml; docker/Dockerfile; docker/light/Dockerfile; docker/light/requirements.txt; install/requirements.txt,.dockerignore; .github/workflows/create-a-new-release.yml; .github/workflows/integration-tests.yml; .github/workflows/publish-slips-images.yml; .github/workflows/unit-tests.yml; docker/Dockerfile; docker/light/Dockerfile; docker/light/requirements.txt; install/requirements.txt,,,,
a1d65e9bd604e85c710e,stratosphereips/StratosphereLinuxIPS,https://github.com/stratosphereips/StratosphereLinuxIPS,unit-tests,local-web-page,6c317c2ff86693c43baf55b6e5ab79092dd0e0a3,8793c5c01e7a9461c6542b24cd30496a46dc6f40,8793c5c01e7a9461c6542b24cd30496a46dc6f40; 2e8dfbc8e7876c75ce996c88828dff63069546f1,2,0ccd6a7cce40dd1766bcaf2e911f5af598eee39f,0d 01:00:36,managers/process_manager/config_mixin.py; managers/process_manager/process_manager.py; managers/process_manager/shutdown_mixin.py; modules/blocking/blocking.py; modules/blocking/exec_iptables_cmd.py; modules/conn_analyzer/__init__.py; modules/conn_analyzer/conn_analyzer.py; modules/conn_analyzer/set_evidence.py; modules/flow_alerts/conn.py; modules/flow_alerts/flow_alerts.py; modules/flow_alerts/set_evidence.py; modules/flow_alerts/ssl.py; modules/p2p_trust/p2p_trust.py; modules/p2p_trust/utils/go_director.py; modules/supported_module_names.py; modules/web_interface/history.py; modules/web_interface/server.py; slips_files/common/abstracts/imodule.py; slips_files/common/abstracts/ml_module_base.py; slips_files/core/database/database_manager.py; slips_files/core/database/sqlite_db/database.py; slips_files/core/evidence_handler.py; slips_files/core/evidence_handler_worker.py; slips_files/core/helpers/flow_handler.py; slips_files/core/structures/evidence.py; tests/module_factory.py; tests/unit/managers/process_manager/test_config_mixin.py; tests/unit/managers/process_manager/test_shutdown_mixin.py; tests/unit/modules/arp/test_arp.py; tests/unit/modules/blocking/test_blocking.py; tests/unit/modules/blocking/test_exec_iptables_cmd.py; tests/unit/modules/conn_analyzer/__init__.py; tests/unit/modules/conn_analyzer/test_conn_analyzer.py; tests/unit/modules/conn_analyzer/test_set_evidence.py; tests/unit/modules/flow_alerts/__init__.py; tests/unit/modules/flow_alerts/test_conn.py; tests/unit/modules/flow_alerts/test_set_evidence.py; tests/unit/modules/flow_alerts/test_ssl.py; tests/unit/modules/p2p_trust/test_p2p_trust.py; tests/unit/modules/p2p_trust/trust/test_go_director.py; tests/unit/modules/web_interface/test_history.py; tests/unit/modules/web_interface/test_server.py; tests/unit/slips_files/common/abstracts/test_imodule.py; tests/unit/slips_files/core/database/sqlite_db/test_sqlite_database.py; tests/unit/slips_files/core/database/test_database.py; tests/unit/slips_files/core/helpers/test_flow_handler.py; tests/unit/slips_files/core/input/test_zeek_input_profiler.py; tests/unit/slips_files/core/structures/test_evidence.py; tests/unit/slips_files/core/test_evidence_handler.py; tests/unit/slips_files/core/test_evidence_handler_worker.py,.github/workflows/publish-slips-images.yml,.github/workflows/publish-slips-images.yml,,,,
0974d27f1c14cd0e35d3,stratosphereips/StratosphereLinuxIPS,https://github.com/stratosphereips/StratosphereLinuxIPS,unit-tests,local-web-page,3412bd7c111a7d4f499bdbd071c21ccab903c460,1ff8b208e6754b3f9def89687ada1e55e07e66d0,1ff8b208e6754b3f9def89687ada1e55e07e66d0,1,72569e7fbdac5b4beead949d276b3426b57c6cee,0d 10:54:19,modules/blocking/blocking.py; modules/web_interface/server.py; slips_files/core/database/redis_db/scan_detections_db.py; tests/unit/modules/blocking/test_blocking.py; tests/unit/modules/web_interface/test_server.py; tests/unit/slips_files/core/database/redis_db/test_scan_detections_db.py,,,,,,
4f6e67b614fff07b55e6,stratosphereips/StratosphereLinuxIPS,https://github.com/stratosphereips/StratosphereLinuxIPS,unit-tests,local-web-page,72569e7fbdac5b4beead949d276b3426b57c6cee,671824ea757a0aab33160d7f990afb9499557427,671824ea757a0aab33160d7f990afb9499557427,1,254b2f22863011022bf7af83510202c33782ac7d,0d 00:24:59,modules/p2p_trust/p2p_trust.py; modules/p2p_trust/utils/utils.py; modules/web_interface/server.py; tests/unit/modules/p2p_trust/test_p2p_trust.py; tests/unit/modules/web_interface/test_server.py,,,,,,
e17a91cf3f25740b5a73,stratosphereips/StratosphereLinuxIPS,https://github.com/stratosphereips/StratosphereLinuxIPS,unit-tests,sebas-AD-fix2,c7e3d882efdb48627106a431349488a086d48e4b,91c2472eac936aba3775efb804eea38a894f4c68,91c2472eac936aba3775efb804eea38a894f4c68,1,2dd4fecc2362e6e1e11fd08fae8d8ded3d7aca18,0d 01:03:14,modules/anomaly_detection_https/anomaly_detection_https.py; tests/unit/modules/anomaly_detection_https/test_anomaly_detection_https.py; tests/unit/slips_files/core/database/redis_db/test_alert_handler.py,,,,,,
85962a3e87d69edc1b90,stratosphereips/StratosphereLinuxIPS,https://github.com/stratosphereips/StratosphereLinuxIPS,unit-tests,sebas-add-dns-for-ipv6,589e90bf4191837fa65cd23e7452e6aaaec9ca52,72934516e5e3f315dedc2dea16068088d77c6acd,72934516e5e3f315dedc2dea16068088d77c6acd,1,880ba3fc5b55bb486da40a25ba9df37de319982b,0d 00:08:55,modules/flow_alerts/conn.py; modules/flow_alerts/dns.py; modules/flow_alerts/utils.py; modules/ip_info/ip_info.py; slips_files/common/abstracts/iflowalerts_analyzer.py; slips_files/common/slips_utils.py; slips_files/core/database/redis_db/database.py; slips_files/core/helpers/localnet_handler.py; tests/module_factory.py; tests/unit/modules/flow_alerts/test_conn.py; tests/unit/modules/flow_alerts/test_dns.py; tests/unit/modules/flow_alerts/test_utils.py; tests/unit/modules/ip_info/test_ip_info.py,,,,,,
3dcb467b98b6d886a0d7,stratosphereips/StratosphereLinuxIPS,https://github.com/stratosphereips/StratosphereLinuxIPS,unit-tests,sebas-alert-local-visualizer,c0dd4df9dbc7aa97a4780639c3f4dc80bfe862dd,ac14de2f8072d4be66501bd524c5e8fc3568181d,ac14de2f8072d4be66501bd524c5e8fc3568181d; f0c680358ee9448fa6957cb10f337cdb51238009; 170ea4dd10ba6ab49367e91de0b21339dff3867b; ccdcbedd1e4f3abdae6f16e53b923c0d160ef68c,4,2e179b5a76abfb1207a50419add0fcd2c6c99721,0d 09:11:27,,docker/Dockerfile; docker/light/Dockerfile,,.github/workflows/install-slips-dependencies.yml; .github/workflows/integration-tests.yml,,,
33f7c47c111ae1734fcc,stratosphereips/StratosphereLinuxIPS,https://github.com/stratosphereips/StratosphereLinuxIPS,integration-tests,alya/fix-latency/optimize_profiler,fc2e12c66cee5182d8cb15a82927a1d78ee07f93,59a432ebb955dc756d089fb7c3eb992218ccc2f1,59a432ebb955dc756d089fb7c3eb992218ccc2f1,1,e7a288cef0e79c6dd0102c49d0e9f541821b0457,0d 01:00:28,managers/process_manager.py; slips_files/common/abstracts/icore.py; slips_files/core/profiler.py; slips_files/core/profiler_worker.py,,,,,,
e445b460a71ef04e210e,stratosphereips/StratosphereLinuxIPS,https://github.com/stratosphereips/StratosphereLinuxIPS,integration-tests,alya/fix-latency/optimize_profiler,e7a288cef0e79c6dd0102c49d0e9f541821b0457,1c3c3a01fda4f1d6b135dc24b02593a42482bb4e,1c3c3a01fda4f1d6b135dc24b02593a42482bb4e; c81f5f1d71839d8fc5bdcd04da23b9d924fac63d; ae0e91b9922218e7f95562d4e46fb933f78002cf; 65b2d01e6bcb5139ce05ce68f4cece1713778bad; 55241bf530a3ebf61cc69b6b7d9144a404126ba9; 90761caed64df08e80d023297d91de3db2d5f698; c0123c97b30aa1375e37f146a9aba9a39be46818; bec613334d3c1b2a6537086003c48a1abb47e8b2; 4f3a4ccf8e845d619e6ef5d6ff01d43603f95547; 0759ade158753687a01556a760f461fab31b2c08; 358da92655b5eb63219bba6f095dd1a6b01d5fc9; 12a877817eb2a63961d74153ff01ff90fd6fcde0; ab6193022950c3baef19921715411c638bfcc562; 5902fe3c4049dff30dae9c89c05dcc27793962af; 8c9ac5333fa4e6b4f6f0bbc11e1c4579dde4b535; 73fd63053d571c5215648c368287090468dc050f; 4fe092d4a7c67b477236747e2dcbc99af2ab7050; ff922c0d6cf1c9901c7b0bc13114128027fd1140; 42bc43dcd88fa1bf683f98ce3ec7614c0e8559ba; 35e33e04c4b196721bbdd0cff451312d402a9846; 52344c5e20f232c5e6b1627ca93c6a57cd734da9; ab8825356731a018e7feedc498b4cadfed86eb09; 5877cd6ce6cef394f360cf91712f59dad0eabfea; ca2ce1f6dd9f867dd11be91eaf0948f3b9555d0e; c3fe9669ed010f6d91cc3c918d9868b51241af72; 40bae5cd9599a6b9e6dc1a16f58a9ffc4ce77234; e7480d8903d1dd48122fda11aa1334e07acd9b29; 08c97727294e9e344845f1b5bc06a27001f84013; fd421009cef6bce6f17ef0afcc54da942807ed4b; 90224ab6ccb923617b26c4a8f1bc0bda8c7fc83c; fcbda005843bb1d6fc8587a9ffcf4ba35bde7f0c; 930ba8197f3464ae1c14697757cb5bb7c1d60a99; cefd5257455d4237a4783c9f402c3747e38b7c19; 979f4230f32b30eb8a3b9fbe3513331066c55d72; f554d563398208eee1b7f27f43298652809a8381; c761fc1f9a1adb568caa91617ec97d7e71409e85; c24d29820081868352f37ab83ee24a010a64760b; 935eb988938a4556e9700504a1fd1e999481087e; a1eedc234489a1df346b81e268a54694230fcc3e; 513d4593801d8cbc148ba750600a45deed744eb5; 7b8835f25ae507dc9073e86b37ecd2b40afcb5a1; a001e3e9ef48943a39d1254628c1310b02067a66; 6df8483a5da761d030946d07d66330f6d12cf8ee; 169257e53b82f153bac4f435c81472fd30405ed9; bd9cd54dde0cb6f3388d181731c2ff0961403e05; 97c532ee9125f831af61d87c4d1dc499fb6a5d7b; e9454ba545c17c9c7d54e02b09aeaf4f28d9f0ec; f06418046d07f1bcaf98addb08d11783b3aec92b; 56586cf34e41d668cc7eb4884efec687915af5a3; 08973331fa0af8fadf48668a2ed68fc1c64a8c4f,50,1d5203af84fd2c69d749cbb7e3e9e1e5a0614320,47d 23:44:08,managers/process_manager.py; modules/flowalerts/conn.py; modules/flowalerts/dns.py; modules/flowalerts/set_evidence.py; modules/flowmldetection/flowmldetection.py; modules/ip_info/asn_info.py; modules/ip_info/ip_info.py; modules/network_discovery/horizontal_portscan.py; modules/network_discovery/network_discovery.py; modules/network_discovery/vertical_portscan.py; modules/p2ptrust/p2ptrust.py; modules/p2ptrust/utils/go_director.py; modules/p2ptrust/utils/utils.py; modules/rnn_cc_detection/rnn_cc_detection.py; modules/rnn_cc_detection/strato_letters_exporter.py; modules/threat_intelligence/threat_intelligence.py; modules/virustotal/virustotal.py; slips/main.py; slips_files/common/abstracts/iasync_module.py; slips_files/common/abstracts/iinput_type.py; slips_files/common/abstracts/imodule.py; slips_files/common/abstracts/isqlite.py; slips_files/common/parsers/config_parser.py; slips_files/common/slips_utils.py; slips_files/core/aid_manager.py; slips_files/core/database/database_manager.py; slips_files/core/database/redis_db/alert_handler.py; slips_files/core/database/redis_db/constants.py; slips_files/core/database/redis_db/database.py; slips_files/core/database/redis_db/flow_tracker_db.py; slips_files/core/database/redis_db/ioc_handler.py; slips_files/core/database/redis_db/profile_handler.py; slips_files/core/database/redis_db/publisher.py; slips_files/core/database/redis_db/scan_detections_db.py; slips_files/core/database/redis_db/timewindow_updater_thread/tw_updater.py; slips_files/core/evidence_handler.py; slips_files/core/evidence_logger.py; slips_files/core/flows/zeek.py; slips_files/core/helpers/bloom_filters_manager.py; slips_files/core/helpers/flow_handler.py; slips_files/core/helpers/symbols_handler.py; slips_files/core/helpers/whitelist/domain_whitelist.py; slips_files/core/helpers/whitelist/ip_whitelist.py; slips_files/core/helpers/whitelist/mac_whitelist.py; slips_files/core/helpers/whitelist/organization_whitelist.py; slips_files/core/input_profilers/argus.py; slips_files/core/input_profilers/nfdump.py; slips_files/core/input_profilers/suricata.py; slips_files/core/input_profilers/zeek.py; slips_files/core/profiler.py; slips_files/core/profiler_worker.py; slips_files/core/structures/flow_attributes.py; slips_files/core/text_formatters/evidence_formatter.py; tests/integration_tests/test_dataset.py; tests/integration_tests/test_portscans.py; tests/module_factory.py; tests/test_alert_handler.py; tests/test_arp_filter.py; tests/test_asn_info.py; tests/test_database.py; tests/test_evidence_handler.py; tests/test_evidence_logger.py; tests/test_flow_handler.py; tests/test_horizontal_portscans.py; tests/test_ioc_handler.py; tests/test_main.py; tests/test_network_discovery.py; tests/test_profile_handler.py; tests/test_profiler.py; tests/test_profiler_worker.py; tests/test_rnn_cc_detection.py; tests/test_scan_detections_db.py; tests/test_slips_utils.py; tests/test_symbols_handler.py; tests/test_vertical_portscans.py; tests/test_whitelist.py; webinterface/analysis/analysis.py,.github/workflows/install-slips-dependencies.yml; .github/workflows/integration-tests.yml; .github/workflows/unit-tests.yml; docker/Dockerfile; install/requirements.txt,,,,,
3562d43fe4e127519389,stratosphereips/StratosphereLinuxIPS,https://github.com/stratosphereips/StratosphereLinuxIPS,integration-tests,alya/fix_ci,919e8632f2030a6219a05f88e06ff8bfca4fff14,7580ce514311caaef01273fa415656db8fed155a,7580ce514311caaef01273fa415656db8fed155a,1,2b63b123badfb9ad25fdd78b5828728c08b5dff4,0d 00:01:32,tests/test_blocking.py,.github/workflows/integration-tests.yml; .github/workflows/publish-slips-images.yml; .github/workflows/unit-tests.yml,.github/workflows/integration-tests.yml; .github/workflows/publish-slips-images.yml; .github/workflows/unit-tests.yml,,,,
47c3773c13561765365f,stratosphereips/StratosphereLinuxIPS,https://github.com/stratosphereips/StratosphereLinuxIPS,integration-tests,develop,435b185358e8ff3007d96fae17164d3122a69099,c0db94482b2e7f0c988bc24c3eac0c592652f51d,c0db94482b2e7f0c988bc24c3eac0c592652f51d,1,1c07a2e413066f9cb286f500c26dea273538ffc5,0d 00:05:45,slips_files/core/evidence_handler.py; slips_files/core/text_formatters/evidence.py; slips_files/core/text_formatters/evidence_formatter.py; tests/module_factory.py; tests/test_evidence_formatter.py,,,,,,
b0822839f8a23fbf8365,stratosphereips/StratosphereLinuxIPS,https://github.com/stratosphereips/StratosphereLinuxIPS,integration-tests,develop,634a916a41d7caac4777a365e93298040c53b3fa,e7e5babaa80e844fcfe41740a3d441fca3dc573b,e7e5babaa80e844fcfe41740a3d441fca3dc573b,1,283fc878f75b4e7b788575b92fd2368988f33263,0d 04:16:11,managers/ap_manager.py; managers/metadata_manager.py; managers/process_manager.py; managers/redis_manager.py; managers/ui_manager.py; managers/update_manager.py; modules/arp_poisoner/arp_poisoner.py; modules/blocking/exec_iptables_cmd.py; modules/feeds_update_manager/feed_config_mixin.py; modules/feeds_update_manager/feed_update_policy_mixin.py; modules/feeds_update_manager/feeds_update_manager.py; modules/feeds_update_manager/fingerprint_feed_parser_mixin.py; modules/feeds_update_manager/local_feed_updater_mixin.py; modules/feeds_update_manager/remote_feed_updater_mixin.py; modules/feeds_update_manager/ti_feed_parser_mixin.py; modules/feeds_update_manager/timer_manager.py; modules/feeds_update_manager/whitelist_updater_mixin.py; modules/fides/persistence/fides_sqlite_db.py; modules/flow_alerts/conn.py; modules/flow_alerts/flow_alerts.py; modules/flow_alerts/login.py; modules/flow_alerts/set_evidence.py; modules/flow_alerts/timer_thread.py; modules/http_analyzer/http_analyzer.py; modules/ip_info/asn_info.py; modules/ip_info/ip_info.py; modules/iris/iris.py; modules/leak_detector/leak_detector.py; modules/p2p_trust/p2p_trust.py; modules/threat_intelligence/threat_intelligence.py; slips/daemon.py; slips/main.py; slips_files/common/abstracts/iasync_module.py; slips_files/common/abstracts/imodule.py; slips_files/common/abstracts/isqlite.py; slips_files/common/flow_classifier.py; slips_files/common/input_type.py; slips_files/common/parsers/arg_parser.py; slips_files/common/parsers/config_parser.py; slips_files/common/performance_profilers/memory_profiler.py; slips_files/common/plotter.py; slips_files/common/slips_utils.py; slips_files/common/sqlite_flock.py; slips_files/common/timer_manager.py; slips_files/core/database/database_manager.py; slips_files/core/database/redis_db/constants.py; slips_files/core/database/redis_db/database.py; slips_files/core/database/redis_db/flow_tracker_db.py; slips_files/core/database/sqlite_db/database.py; slips_files/core/flows/zeek.py; slips_files/core/helpers/checker.py; slips_files/core/helpers/flow_handler.py; slips_files/core/input/input.py; slips_files/core/input/nfdump/nfdump_input.py; slips_files/core/input/zeek/interface_input.py; slips_files/core/input/zeek/pcap_input.py; slips_files/core/input/zeek/utils/zeek_file_remover.py; slips_files/core/input/zeek/utils/zeek_input_utils.py; slips_files/core/input_profilers/zeek.py; slips_files/core/input_profilers/zeek_to_slips_maps.py; slips_files/core/profiler.py; slips_files/core/profiler_worker.py; slips_files/core/structures/evidence.py; slips_files/core/supported_logfiles.py; slips_files/core/worker_manager_mixin.py; slips_files/core/zeek_cmd_builder.py; tests/common_test_utils.py; tests/integration/conftest.py; tests/integration/test_config_files/test_config_files.py; tests/integration/test_dataset/test_dataset.py; tests/integration/test_fides/test_fides.py; tests/integration/test_iris/test_iris.py; tests/integration/test_pcap_dataset/test_pcap_dataset.py; tests/integration/test_portscans/test_portscans.py; tests/integration/test_slips_params.py; tests/integration/test_zeek_dataset/test_zeek_dataset.py; tests/module_factory.py; tests/unit/managers/test_metadata_manager.py; tests/unit/managers/test_process_manager.py; tests/unit/managers/test_redis_manager.py; tests/unit/managers/test_slips.py; tests/unit/managers/test_update_manager.py; tests/unit/modules/arp_poisoner/test_arp_poisoner.py; tests/unit/modules/fides/test_fides_sqlite_db.py; tests/unit/modules/flow_alerts/test_conn.py; tests/unit/modules/flow_alerts/test_login.py; tests/unit/modules/flow_alerts/test_set_evidence.py; tests/unit/modules/ip_info/test_asn_info.py; tests/unit/modules/ip_info/test_ip_info.py; tests/unit/modules/p2p_trust/test_p2p_trust.py; tests/unit/modules/update_manager/test_update_file_manager.py; tests/unit/slips/test_main.py; tests/unit/slips_files/common/test_slips_utils.py; tests/unit/slips_files/common/test_sqlite_flock.py; tests/unit/slips_files/core/database/sqlite_db/test_sqlite_database.py; tests/unit/slips_files/core/database/test_database.py; tests/unit/slips_files/core/helpers/test_flow_handler.py; tests/unit/slips_files/core/input/test_input.py; tests/unit/slips_files/core/input/test_interface_input.py; tests/unit/slips_files/core/input/test_pcap_input.py; tests/unit/slips_files/core/input/test_zeek_input_profiler.py; tests/unit/slips_files/core/input/test_zeek_input_utils.py; tests/unit/slips_files/core/test_profiler.py; tests/unit/slips_files/core/test_worker_manager_mixin.py; tests/unit/slips_files/core/test_zeek_cmd_builder.py; webinterface/app.py; webinterface/database/database.py; webinterface/utils.py,.dockerignore; .github/workflows/create-a-new-release.yml; .github/workflows/integration-tests.yml; .github/workflows/publish-slips-images.yml; .github/workflows/unit-tests.yml; docker/Dockerfile; docker/light/Dockerfile; docker/light/requirements.txt; install/requirements.txt,.dockerignore; .github/workflows/create-a-new-release.yml; .github/workflows/integration-tests.yml; .github/workflows/publish-slips-images.yml; .github/workflows/unit-tests.yml; docker/Dockerfile; docker/light/Dockerfile; docker/light/requirements.txt; install/requirements.txt,,,,
973f039565e1a9953ccb,stratosphereips/StratosphereLinuxIPS,https://github.com/stratosphereips/StratosphereLinuxIPS,integration-tests,local-web-page,792c76f2a10e9af561ffcdf542d516368da8c6d5,b261e5b50446338aeb9514694cdf610b289d69f6,b261e5b50446338aeb9514694cdf610b289d69f6; 8793c5c01e7a9461c6542b24cd30496a46dc6f40; 2e8dfbc8e7876c75ce996c88828dff63069546f1,3,0ccd6a7cce40dd1766bcaf2e911f5af598eee39f,1d 01:00:36,managers/process_manager/config_mixin.py; managers/process_manager/process_manager.py; managers/process_manager/shutdown_mixin.py; modules/blocking/blocking.py; modules/blocking/exec_iptables_cmd.py; modules/conn_analyzer/__init__.py; modules/conn_analyzer/conn_analyzer.py; modules/conn_analyzer/set_evidence.py; modules/flow_alerts/conn.py; modules/flow_alerts/flow_alerts.py; modules/flow_alerts/set_evidence.py; modules/flow_alerts/ssl.py; modules/p2p_trust/p2p_trust.py; modules/p2p_trust/utils/go_director.py; modules/supported_module_names.py; modules/web_interface/history.py; modules/web_interface/server.py; modules/web_interface/web_interface.py; slips_files/common/abstracts/imodule.py; slips_files/common/abstracts/ml_module_base.py; slips_files/common/parsers/config_parser.py; slips_files/core/database/database_manager.py; slips_files/core/database/redis_db/alert_handler.py; slips_files/core/database/sqlite_db/database.py; slips_files/core/evidence_handler.py; slips_files/core/evidence_handler_worker.py; slips_files/core/helpers/flow_handler.py; slips_files/core/structures/evidence.py; slips_files/core/worker_manager_mixin.py; tests/module_factory.py; tests/unit/managers/process_manager/test_config_mixin.py; tests/unit/managers/process_manager/test_shutdown_mixin.py; tests/unit/modules/arp/test_arp.py; tests/unit/modules/blocking/test_blocking.py; tests/unit/modules/blocking/test_exec_iptables_cmd.py; tests/unit/modules/conn_analyzer/__init__.py; tests/unit/modules/conn_analyzer/test_conn_analyzer.py; tests/unit/modules/conn_analyzer/test_set_evidence.py; tests/unit/modules/flow_alerts/__init__.py; tests/unit/modules/flow_alerts/test_conn.py; tests/unit/modules/flow_alerts/test_set_evidence.py; tests/unit/modules/flow_alerts/test_ssl.py; tests/unit/modules/p2p_trust/test_p2p_trust.py; tests/unit/modules/p2p_trust/trust/test_go_director.py; tests/unit/modules/web_interface/test_history.py; tests/unit/modules/web_interface/test_server.py; tests/unit/modules/web_interface/test_web_interface.py; tests/unit/slips_files/common/abstracts/test_imodule.py; tests/unit/slips_files/common/test_config_parser.py; tests/unit/slips_files/core/database/redis_db/test_alert_handler.py; tests/unit/slips_files/core/database/sqlite_db/test_sqlite_database.py; tests/unit/slips_files/core/database/test_database.py; tests/unit/slips_files/core/helpers/test_flow_handler.py; tests/unit/slips_files/core/input/test_zeek_input_profiler.py; tests/unit/slips_files/core/structures/test_evidence.py; tests/unit/slips_files/core/test_evidence_handler.py; tests/unit/slips_files/core/test_evidence_handler_worker.py; tests/unit/slips_files/core/test_worker_manager_mixin.py,.github/workflows/publish-slips-images.yml,,,,,
a388acdc0a4ead215ba5,stratosphereips/StratosphereLinuxIPS,https://github.com/stratosphereips/StratosphereLinuxIPS,integration-tests,ml_modules_refactor,4303cbd4e9c241155f1592a648668d8e610f3cfb,a3448e2b6247961be485d1480d726a155fad5b03,a3448e2b6247961be485d1480d726a155fad5b03; 92f614cd6526cebce1943d0298ac8058227dc30c,2,02277d85114fe7fa3bd178e059371b4d6de9a44c,3d 02:55:43,managers/metadata_manager.py; managers/process_manager.py; managers/redis_manager.py; managers/ui_manager.py; managers/update_manager.py; modules/arp/arp.py; modules/arp_poisoner/arp_poisoner.py; modules/blocking/blocking.py; modules/blocking/exec_iptables_cmd.py; modules/brute_force_detector/brute_force_detector.py; modules/cesnet/cesnet.py; modules/cesnet/warden_client.py; modules/exporting_alerts/stix_exporter.py; modules/feeds_update_manager/__init__.py; modules/feeds_update_manager/feed_config_mixin.py; modules/feeds_update_manager/feed_update_policy_mixin.py; modules/feeds_update_manager/feeds_update_manager.py; modules/feeds_update_manager/fingerprint_feed_parser_mixin.py; modules/feeds_update_manager/local_feed_updater_mixin.py; modules/feeds_update_manager/remote_feed_updater_mixin.py; modules/feeds_update_manager/ti_feed_parser_mixin.py; modules/feeds_update_manager/whitelist_updater_mixin.py; modules/fides/fides.py; modules/fides/messaging/message_handler.py; modules/fides/messaging/model.py; modules/fides/messaging/network_bridge.py; modules/fides/model/peer_trust_data.py; modules/fides/persistence/fides_sqlite_db.py; modules/fides/persistence/threat_intelligence_db.py; modules/fides/persistence/trust_db.py; modules/fides/protocols/threat_intelligence.py; modules/fides/utils/logger.py; modules/flow_alerts/conn.py; modules/flow_alerts/flow_alerts.py; modules/flow_alerts/login.py; modules/flow_alerts/set_evidence.py; modules/flow_alerts/timer_thread.py; modules/http_analyzer/http_analyzer.py; modules/ip_info/asn_info.py; modules/ip_info/ip_info.py; modules/iris/iris.py; modules/leak_detector/leak_detector.py; modules/ml_linear_model/ml_linear_model.py; modules/ml_online_model/ml_online_model.py; modules/network_discovery/network_discovery.py; modules/p2p_trust/p2p_trust.py; modules/p2p_trust/utils/go_director.py; modules/risk_iq/risk_iq.py; modules/rnn_cc_detection/rnn_cc_detection.py; modules/threat_intelligence/threat_intelligence.py; modules/timeline/timeline.py; modules/update_manager/__init__.py; modules/update_manager/timer_manager.py; modules/update_manager/update_manager.py; slips/daemon.py; slips/main.py; slips_files/common/abstracts/iasync_module.py; slips_files/common/abstracts/imodule.py; slips_files/common/abstracts/isqlite.py; slips_files/common/flow_classifier.py; slips_files/common/input_type.py; slips_files/common/parsers/arg_parser.py; slips_files/common/parsers/config_parser.py; slips_files/common/performance_profilers/memory_profiler.py; slips_files/common/plotter.py; slips_files/common/slips_utils.py; slips_files/common/sqlite_flock.py; slips_files/common/timer_manager.py; slips_files/core/database/database_manager.py; slips_files/core/database/redis_db/constants.py; slips_files/core/database/redis_db/database.py; slips_files/core/database/redis_db/flow_tracker_db.py; slips_files/core/database/redis_db/profile_handler.py; slips_files/core/database/redis_db/timewindow_updater_thread/tw_updater.py; slips_files/core/database/sqlite_db/database.py; slips_files/core/evidence_handler.py; slips_files/core/evidence_handler_worker.py; slips_files/core/evidence_logger.py; slips_files/core/flows/zeek.py; slips_files/core/helpers/bloom_filters_manager.py; slips_files/core/helpers/checker.py; slips_files/core/helpers/flow_handler.py; slips_files/core/helpers/whitelist/whitelist_parser.py; slips_files/core/input/cyst/cyst_input.py; slips_files/core/input/input.py; slips_files/core/input/nfdump/nfdump_input.py; slips_files/core/input/zeek/interface_input.py; slips_files/core/input/zeek/pcap_input.py; slips_files/core/input/zeek/utils/dos_protector.py; slips_files/core/input/zeek/utils/zeek_input_utils.py; slips_files/core/input/zeek/zeek_dir_input.py; slips_files/core/input_profilers/zeek.py; slips_files/core/input_profilers/zeek_to_slips_maps.py; slips_files/core/output.py; slips_files/core/profiler.py; slips_files/core/profiler_worker.py; slips_files/core/structures/evidence.py; slips_files/core/supported_logfiles.py; slips_files/core/text_formatters/evidence_formatter.py; slips_files/core/zeek_cmd_builder.py; tests/common_test_utils.py; tests/integration/conftest.py; tests/integration/test_config_files.py; tests/integration/test_config_files/__init__.py; tests/integration/test_config_files/test_config_files.py; tests/integration/test_dataset.py; tests/integration/test_dataset/__init__.py; tests/integration/test_dataset/test_dataset.py; tests/integration/test_fides.py; tests/integration/test_fides/__init__.py; tests/integration/test_fides/test_fides.py; tests/integration/test_iris.py; tests/integration/test_iris/__init__.py; tests/integration/test_iris/test_iris.py; tests/integration/test_pcap_dataset.py; tests/integration/test_pcap_dataset/__init__.py; tests/integration/test_pcap_dataset/test_pcap_dataset.py; tests/integration/test_portscans.py; tests/integration/test_portscans/__init__.py; tests/integration/test_portscans/test_portscans.py; tests/integration/test_zeek_dataset.py; tests/integration/test_zeek_dataset/__init__.py; tests/integration/test_zeek_dataset/test_zeek_dataset.py; tests/module_factory.py; tests/unit/destrctor.py; tests/unit/managers/test_process_manager.py; tests/unit/managers/test_redis_manager.py; tests/unit/managers/test_slips.py; tests/unit/managers/test_update_manager.py; tests/unit/modules/arp_poisoner/test_arp_poisoner.py; tests/unit/modules/blocking/test_blocking.py; tests/unit/modules/fides/test_fides_bridge.py; tests/unit/modules/fides/test_fides_sqlite_db.py; tests/unit/modules/flow_alerts/test_conn.py; tests/unit/modules/flow_alerts/test_login.py; tests/unit/modules/flow_alerts/test_set_evidence.py; tests/unit/modules/ip_info/test_asn_info.py; tests/unit/modules/ip_info/test_ip_info.py; tests/unit/modules/p2p_trust/test_p2p_trust.py; tests/unit/modules/rnn_cc_detection/test_rnn_cc_detection.py; tests/unit/modules/update_manager/test_update_file_manager.py; tests/unit/slips/test_daemon.py; tests/unit/slips/test_main.py; tests/unit/slips_files/common/abstracts/test_imodule.py; tests/unit/slips_files/common/test_slips_utils.py; tests/unit/slips_files/common/test_sqlite_flock.py; tests/unit/slips_files/core/database/sqlite_db/test_sqlite_database.py; tests/unit/slips_files/core/database/test_database.py; tests/unit/slips_files/core/helpers/test_bloom_filters_manager.py; tests/unit/slips_files/core/helpers/test_checker.py; tests/unit/slips_files/core/helpers/test_flow_handler.py; tests/unit/slips_files/core/helpers/whitelist/test_whitelist.py; tests/unit/slips_files/core/input/test_dos_protector.py; tests/unit/slips_files/core/input/test_input.py; tests/unit/slips_files/core/input/test_interface_input.py; tests/unit/slips_files/core/input/test_pcap_input.py; tests/unit/slips_files/core/input/test_zeek_input_profiler.py; tests/unit/slips_files/core/input/test_zeek_input_utils.py; tests/unit/slips_files/core/test_evidence_handler_worker.py; tests/unit/slips_files/core/test_profiler.py; tests/unit/slips_files/core/test_zeek_cmd_builder.py; tests/unit/slips_files/core/text_formatters/test_evidence_formatter.py; webinterface/analysis/analysis.py; webinterface/app.py; webinterface/database/database.py; webinterface/utils.py,.dockerignore; .github/workflows/create-a-new-release.yml; .github/workflows/integration-tests.yml; .github/workflows/publish-slips-images.yml; .github/workflows/unit-tests.yml; .pre-commit-config.yaml; docker/Dockerfile; docker/dependency_image_for_CI/Dockerfile; docker/light/Dockerfile; docker/light/requirements.txt; install/requirements.txt,.github/workflows/create-a-new-release.yml; .github/workflows/integration-tests.yml; docker/Dockerfile; docker/dependency_image_for_CI/Dockerfile; docker/light/Dockerfile,.github/workflows/integration-tests.yml,,,
d7b9dead13342a1e885f,stratosphereips/StratosphereLinuxIPS,https://github.com/stratosphereips/StratosphereLinuxIPS,CI-production-publishing-slips-images,master,3781499bfd6ade8d47e03ab78ce8ca153bb41ffb,7e71c0a225e9abed2ae326864ea1a1b79a6f775f,7e71c0a225e9abed2ae326864ea1a1b79a6f775f; 37157f123cd48e564df708d143b637004661a467; 97c32c2bcd477561438815b950d0c2a10b8d5f2a; 3554bc4875495198269dad6d156a9c02414dd3ed,4,3166690625ce7e0af565a80a2840c2f6005dc8d0,91d 03:50:30,conftest.py; managers/ap_manager.py; managers/host_ip_manager.py; managers/process_manager.py; modules/arp/arp.py; modules/arp/filter.py; modules/arp_poisoner/arp_poisoner.py; modules/blocking/blocking.py; modules/blocking/exec_iptables_cmd.py; modules/exporting_alerts/exporting_alerts.py; modules/exporting_alerts/stix_exporter.py; modules/flowalerts/conn.py; modules/flowalerts/dns.py; modules/flowalerts/flowalerts.py; modules/flowalerts/notice.py; modules/flowalerts/set_evidence.py; modules/flowalerts/ssl.py; modules/flowmldetection/flowmldetection.py; modules/ip_info/asn_info.py; modules/ip_info/ip_info.py; modules/irisModule/irisModule.py; modules/network_discovery/horizontal_portscan.py; modules/network_discovery/network_discovery.py; modules/network_discovery/vertical_portscan.py; modules/p2ptrust/p2ptrust.py; modules/p2ptrust/utils/go_director.py; modules/p2ptrust/utils/utils.py; modules/rnn_cc_detection/rnn_cc_detection.py; modules/rnn_cc_detection/strato_letters_exporter.py; modules/threat_intelligence/threat_intelligence.py; modules/timeline/timeline.py; modules/update_manager/update_manager.py; modules/virustotal/virustotal.py; slips.py; slips/daemon.py; slips/main.py; slips_files/common/abstracts/iasync_module.py; slips_files/common/abstracts/icore.py; slips_files/common/abstracts/iinput_type.py; slips_files/common/abstracts/imodule.py; slips_files/common/abstracts/isqlite.py; slips_files/common/flow_classifier.py; slips_files/common/idmefv2.py; slips_files/common/parsers/arg_parser.py; slips_files/common/parsers/config_parser.py; slips_files/common/slips_utils.py; slips_files/core/aid_manager.py; slips_files/core/database/database_manager.py; slips_files/core/database/redis_db/alert_handler.py; slips_files/core/database/redis_db/constants.py; slips_files/core/database/redis_db/database.py; slips_files/core/database/redis_db/flow_tracker_db.py; slips_files/core/database/redis_db/ioc_handler.py; slips_files/core/database/redis_db/profile_handler.py; slips_files/core/database/redis_db/publisher.py; slips_files/core/database/redis_db/scan_detections_db.py; slips_files/core/database/redis_db/timewindow_updater_thread/tw_updater.py; slips_files/core/database/sqlite_db/database.py; slips_files/core/evidence_handler.py; slips_files/core/evidence_logger.py; slips_files/core/flows/argus.py; slips_files/core/flows/base_flow.py; slips_files/core/flows/nfdump.py; slips_files/core/flows/suricata.py; slips_files/core/flows/zeek.py; slips_files/core/helpers/bloom_filters_manager.py; slips_files/core/helpers/checker.py; slips_files/core/helpers/filemonitor.py; slips_files/core/helpers/flow_handler.py; slips_files/core/helpers/symbols_handler.py; slips_files/core/helpers/whitelist/domain_whitelist.py; slips_files/core/helpers/whitelist/ip_whitelist.py; slips_files/core/helpers/whitelist/mac_whitelist.py; slips_files/core/helpers/whitelist/matcher.py; slips_files/core/helpers/whitelist/organization_whitelist.py; slips_files/core/helpers/whitelist/whitelist.py; slips_files/core/helpers/whitelist/whitelist_parser.py; slips_files/core/input.py; slips_files/core/input_profilers/argus.py; slips_files/core/input_profilers/nfdump.py; slips_files/core/input_profilers/suricata.py; slips_files/core/input_profilers/zeek.py; slips_files/core/profiler.py; slips_files/core/profiler_worker.py; slips_files/core/structures/alerts.py; slips_files/core/structures/evidence.py; slips_files/core/structures/flow_attributes.py; slips_files/core/text_formatters/evidence_formatter.py; slips_files/core/zeek_cmd_builder.py; tests/integration_tests/test_dataset.py; tests/integration_tests/test_fides.py; tests/integration_tests/test_iris.py; tests/integration_tests/test_portscans.py; tests/module_factory.py; tests/test_alert_handler.py; tests/test_arp_filter.py; tests/test_arp_poisoner.py; tests/test_asn_info.py; tests/test_blocking.py; tests/test_checker.py; tests/test_conn.py; tests/test_daemon.py; tests/test_database.py; tests/test_evidence_formatter.py; tests/test_evidence_handler.py; tests/test_evidence_logger.py; tests/test_flow_handler.py; tests/test_horizontal_portscans.py; tests/test_host_ip_manager.py; tests/test_input.py; tests/test_ioc_handler.py; tests/test_ip_info.py; tests/test_main.py; tests/test_network_discovery.py; tests/test_process_manager.py; tests/test_profile_handler.py; tests/test_profiler.py; tests/test_profiler_worker.py; tests/test_rnn_cc_detection.py; tests/test_scan_detections_db.py; tests/test_slips_utils.py; tests/test_symbols_handler.py; tests/test_timeline.py; tests/test_vertical_portscans.py; tests/test_whitelist.py; webinterface/analysis/analysis.py,.github/workflows/install-slips-dependencies.yml; .github/workflows/integration-tests.yml; .github/workflows/publish-slips-images.yml; .github/workflows/unit-tests.yml; .pre-commit-config.yaml; docker/Dockerfile; docker/dependency_image_for_CI/Dockerfile; docker/light/Dockerfile; install/requirements.txt,.github/workflows/integration-tests.yml; .github/workflows/unit-tests.yml; .pre-commit-config.yaml; install/requirements.txt,docker/Dockerfile,,,
ef2505aabefa47324508,stratosphereips/StratosphereLinuxIPS,https://github.com/stratosphereips/StratosphereLinuxIPS,CI-production-publishing-slips-images,master,3166690625ce7e0af565a80a2840c2f6005dc8d0,56da56c6b2ff318bf3202c8ab511dc05ca68b98e,56da56c6b2ff318bf3202c8ab511dc05ca68b98e; c5e89536119d70abc26060217c295eec033e057d; 195d32fd71cb0517df6bf0c9b81aa40fd233cdfe; 54a4bc95a719007658fc420d659d6cdde8fd823f; 5857dd313b7cc8fed28f2fe60ad86e1c2043997c; 66e4441ccc375e46ad7f7a299c02c26f32f5d7cb,6,0326e1e73feaf5976699c8f70c7c9a30c5d16f2b,58d 01:42:00,conftest.py; docker/light/generate_requirements.py; managers/ap_manager.py; managers/metadata_manager.py; managers/process_manager.py; managers/redis_manager.py; managers/ui_manager.py; managers/update_manager.py; modules/anomaly_detection_https/__init__.py; modules/anomaly_detection_https/analyze_ad_log.py; modules/anomaly_detection_https/analyze_alerts_json.py; modules/anomaly_detection_https/anomaly_detection_https.py; modules/arp/arp.py; modules/arp/filter.py; modules/arp_poisoner/arp_poisoner.py; modules/blocking/blocking.py; modules/brute_force_detector/__init__.py; modules/brute_force_detector/brute_force_detector.py; modules/cesnet/cesnet.py; modules/cesnet/warden_client.py; modules/cyst/cyst.py; modules/exporting_alerts/exporting_alerts.py; modules/exporting_alerts/stix_exporter.py; modules/feeds_update_manager/__init__.py; modules/feeds_update_manager/feeds_update_manager.py; modules/feeds_update_manager/timer_manager.py; modules/fides/__init__.py; modules/fides/evaluation/__init__.py; modules/fides/evaluation/discount_factor.py; modules/fides/evaluation/recommendation/__init__.py; modules/fides/evaluation/recommendation/new_history.py; modules/fides/evaluation/recommendation/peer_update.py; modules/fides/evaluation/recommendation/process.py; modules/fides/evaluation/recommendation/selection.py; modules/fides/evaluation/service/__init__.py; modules/fides/evaluation/service/interaction.py; modules/fides/evaluation/service/peer_update.py; modules/fides/evaluation/service/process.py; modules/fides/evaluation/ti_aggregation.py; modules/fides/evaluation/ti_evaluation.py; modules/fides/fides.py; modules/fides/messaging/__init__.py; modules/fides/messaging/dacite/__init__.py; modules/fides/messaging/dacite/cache.py; modules/fides/messaging/dacite/config.py; modules/fides/messaging/dacite/core.py; modules/fides/messaging/dacite/data.py; modules/fides/messaging/dacite/dataclasses.py; modules/fides/messaging/dacite/exceptions.py; modules/fides/messaging/dacite/frozen_dict.py; modules/fides/messaging/dacite/types.py; modules/fides/messaging/message_handler.py; modules/fides/messaging/model.py; modules/fides/messaging/network_bridge.py; modules/fides/messaging/queue.py; modules/fides/messaging/queue_in_memory.py; modules/fides/messaging/redis_simplex_queue.py; modules/fides/model/__init__.py; modules/fides/model/alert.py; modules/fides/model/aliases.py; modules/fides/model/configuration.py; modules/fides/model/peer.py; modules/fides/model/peer_trust_data.py; modules/fides/model/recommendation.py; modules/fides/model/recommendation_history.py; modules/fides/model/service_history.py; modules/fides/model/threat_intelligence.py; modules/fides/originals/__init__.py; modules/fides/originals/abstracts.py; modules/fides/originals/database.py; modules/fides/persistence/__init__.py; modules/fides/persistence/fides_sqlite_db.py; modules/fides/persistence/threat_intelligence.py; modules/fides/persistence/threat_intelligence_db.py; modules/fides/persistence/trust.py; modules/fides/persistence/trust_db.py; modules/fides/protocols/__init__.py; modules/fides/protocols/alert.py; modules/fides/protocols/initial_trusl.py; modules/fides/protocols/opinion.py; modules/fides/protocols/peer_list.py; modules/fides/protocols/protocol.py; modules/fides/protocols/recommendation.py; modules/fides/protocols/threat_intelligence.py; modules/fides/utils/__init__.py; modules/fides/utils/logger.py; modules/fides/utils/time.py; modules/fidesModule/__init__.py; modules/fidesModule/evaluation/__init__.py; modules/fidesModule/evaluation/discount_factor.py; modules/fidesModule/evaluation/recommendation/__init__.py; modules/fidesModule/evaluation/recommendation/new_history.py; modules/fidesModule/evaluation/recommendation/peer_update.py; modules/fidesModule/evaluation/recommendation/process.py; modules/fidesModule/evaluation/recommendation/selection.py; modules/fidesModule/evaluation/service/__init__.py; modules/fidesModule/evaluation/service/interaction.py; modules/fidesModule/evaluation/service/peer_update.py; modules/fidesModule/evaluation/service/process.py; modules/fidesModule/evaluation/ti_aggregation.py; modules/fidesModule/evaluation/ti_evaluation.py; modules/fidesModule/fidesModule.py; modules/fidesModule/messaging/__init__.py; modules/fidesModule/messaging/dacite/__init__.py; modules/fidesModule/messaging/dacite/cache.py; modules/fidesModule/messaging/dacite/config.py; modules/fidesModule/messaging/dacite/core.py; modules/fidesModule/messaging/dacite/data.py; modules/fidesModule/messaging/dacite/dataclasses.py; modules/fidesModule/messaging/dacite/exceptions.py; modules/fidesModule/messaging/dacite/frozen_dict.py; modules/fidesModule/messaging/dacite/types.py; modules/fidesModule/messaging/message_handler.py; modules/fidesModule/messaging/model.py; modules/fidesModule/messaging/network_bridge.py; modules/fidesModule/messaging/queue.py; modules/fidesModule/messaging/queue_in_memory.py; modules/fidesModule/messaging/redis_simplex_queue.py; modules/fidesModule/model/__init__.py; modules/fidesModule/model/alert.py; modules/fidesModule/model/aliases.py; modules/fidesModule/model/configuration.py; modules/fidesModule/model/peer.py; modules/fidesModule/model/peer_trust_data.py; modules/fidesModule/model/recommendation.py; modules/fidesModule/model/recommendation_history.py; modules/fidesModule/model/service_history.py; modules/fidesModule/model/threat_intelligence.py; modules/fidesModule/originals/__init__.py; modules/fidesModule/originals/abstracts.py; modules/fidesModule/originals/database.py; modules/fidesModule/persistence/__init__.py; modules/fidesModule/persistence/sqlite_db.py; modules/fidesModule/persistence/threat_intelligence.py; modules/fidesModule/persistence/threat_intelligence_db.py; modules/fidesModule/persistence/trust.py; modules/fidesModule/persistence/trust_db.py; modules/fidesModule/protocols/__init__.py; modules/fidesModule/protocols/alert.py; modules/fidesModule/protocols/initial_trusl.py; modules/fidesModule/protocols/opinion.py; modules/fidesModule/protocols/peer_list.py; modules/fidesModule/protocols/protocol.py; modules/fidesModule/protocols/recommendation.py; modules/fidesModule/protocols/threat_intelligence.py; modules/fidesModule/utils/__init__.py; modules/fidesModule/utils/logger.py; modules/fidesModule/utils/time.py; modules/flow_alerts/__init__.py; modules/flow_alerts/conn.py; modules/flow_alerts/dns.py; modules/flow_alerts/downloaded_file.py; modules/flow_alerts/flow_alerts.py; modules/flow_alerts/notice.py; modules/flow_alerts/set_evidence.py; modules/flow_alerts/smtp.py; modules/flow_alerts/software.py; modules/flow_alerts/ssh.py; modules/flow_alerts/ssl.py; modules/flow_alerts/timer_thread.py; modules/flow_alerts/tunnel.py; modules/flow_ml_detection/__init__.py; modules/flow_ml_detection/flow_ml_detection.py; modules/flowalerts/__init__.py; modules/flowalerts/conn.py; modules/flowalerts/dns.py; modules/flowalerts/downloaded_file.py; modules/flowalerts/flowalerts.py; modules/flowalerts/notice.py; modules/flowalerts/set_evidence.py; modules/flowalerts/smtp.py; modules/flowalerts/software.py; modules/flowalerts/ssh.py; modules/flowalerts/ssl.py; modules/flowalerts/timer_thread.py; modules/flowalerts/tunnel.py; modules/flowmldetection/__init__.py; modules/flowmldetection/flowmldetection.py; modules/http_analyzer/http_analyzer.py; modules/ip_info/asn_info.py; modules/ip_info/ip_info.py; modules/iris/__init__.py; modules/iris/iris.py; modules/irisModule/__init__.py; modules/irisModule/irisModule.py; modules/leak_detector/leak_detector.py; modules/network_discovery/network_discovery.py; modules/p2p_trust/__init__.py; modules/p2p_trust/p2p_trust.py; modules/p2p_trust/testing/__init__.py; modules/p2p_trust/testing/json_data.py; modules/p2p_trust/trust/__init__.py; modules/p2p_trust/trust/base_model.py; modules/p2p_trust/trust/model.py; modules/p2p_trust/trust/trustdb.py; modules/p2p_trust/utils/__init__.py; modules/p2p_trust/utils/go_director.py; modules/p2p_trust/utils/utils.py; modules/p2ptrust/__init__.py; modules/p2ptrust/p2ptrust.py; modules/p2ptrust/testing/__init__.py; modules/p2ptrust/testing/json_data.py; modules/p2ptrust/testing/test_p2p.py; modules/p2ptrust/trust/__init__.py; modules/p2ptrust/trust/base_model.py; modules/p2ptrust/trust/model.py; modules/p2ptrust/trust/trustdb.py; modules/p2ptrust/utils/__init__.py; modules/p2ptrust/utils/go_director.py; modules/p2ptrust/utils/utils.py; modules/risk_iq/__init__.py; modules/risk_iq/risk_iq.py; modules/riskiq/__init__.py; modules/riskiq/riskiq.py; modules/rnn_cc_detection/rnn_cc_detection.py; modules/template/template.py; modules/threat_intelligence/circl_lu.py; modules/threat_intelligence/spamhaus.py; modules/threat_intelligence/threat_intelligence.py; modules/threat_intelligence/urlhaus.py; modules/timeline/timeline.py; modules/update_manager/__init__.py; modules/update_manager/timer_manager.py; modules/update_manager/update_manager.py; modules/virustotal/virustotal.py; slips/daemon.py; slips/main.py; slips_files/common/abstracts/iasync_module.py; slips_files/common/abstracts/icore.py; slips_files/common/abstracts/iexporter.py; slips_files/common/abstracts/iflowalerts_analyzer.py; slips_files/common/abstracts/iinput_handler.py; slips_files/common/abstracts/imodule.py; slips_files/common/idmefv2.py; slips_files/common/input_type.py; slips_files/common/output_paths.py; slips_files/common/parsers/arg_parser.py; slips_files/common/parsers/config_parser.py; slips_files/common/performance_paths.py; slips_files/common/performance_profilers/_memory_profiler_example_no_import.py; slips_files/common/performance_profilers/memory_profiler.py; slips_files/common/plotter.py; slips_files/common/slips_utils.py; slips_files/core/aid_manager.py; slips_files/core/database/database_manager.py; slips_files/core/database/redis_db/alert_handler.py; slips_files/core/database/redis_db/cleanup_mixin.py; slips_files/core/database/redis_db/constants.py; slips_files/core/database/redis_db/database.py; slips_files/core/database/redis_db/flow_tracker_db.py; slips_files/core/database/redis_db/ioc_handler.py; slips_files/core/database/redis_db/p2p_handler.py; slips_files/core/database/redis_db/profile_handler.py; slips_files/core/database/redis_db/publisher.py; slips_files/core/database/redis_db/scan_detections_db.py; slips_files/core/database/redis_db/timewindow_updater_thread/tw_updater.py; slips_files/core/database/sqlite_db/database.py; slips_files/core/evidence_handler.py; slips_files/core/evidence_handler_worker.py; slips_files/core/evidence_logger.py; slips_files/core/flows/zeek.py; slips_files/core/helpers/bloom_filters_manager.py; slips_files/core/helpers/checker.py; slips_files/core/helpers/filemonitor.py; slips_files/core/helpers/localnet_handler.py; slips_files/core/helpers/symbols_handler.py; slips_files/core/helpers/whitelist/whitelist.py; slips_files/core/helpers/whitelist/whitelist_parser.py; slips_files/core/input.py; slips_files/core/input/__init__.py; slips_files/core/input/binetflow/__init__.py; slips_files/core/input/binetflow/binetflow_input.py; slips_files/core/input/binetflow/binetflow_tabs_input.py; slips_files/core/input/cyst/__init__.py; slips_files/core/input/cyst/cyst_input.py; slips_files/core/input/input.py; slips_files/core/input/nfdump/__init__.py; slips_files/core/input/nfdump/nfdump_input.py; slips_files/core/input/observer_manager.py; slips_files/core/input/stdin/__init__.py; slips_files/core/input/stdin/stdin_input.py; slips_files/core/input/suricata/__init__.py; slips_files/core/input/suricata/suricata_input.py; slips_files/core/input/zeek/__init__.py; slips_files/core/input/zeek/interface_input.py; slips_files/core/input/zeek/pcap_input.py; slips_files/core/input/zeek/utils/__init__.py; slips_files/core/input/zeek/utils/dos_protector.py; slips_files/core/input/zeek/utils/zeek_file_remover.py; slips_files/core/input/zeek/utils/zeek_input_utils.py; slips_files/core/input/zeek/zeek_dir_input.py; slips_files/core/input/zeek/zeek_log_file_input.py; slips_files/core/input_profilers/argus.py; slips_files/core/input_profilers/zeek.py; slips_files/core/input_profilers/zeek_to_slips_maps.py; slips_files/core/output.py; slips_files/core/profiler.py; slips_files/core/profiler_worker.py; slips_files/core/text_formatters/evidence_formatter.py; slips_files/core/zeek_cmd_builder.py; tests/common_test_utils.py; tests/destrctor.py; tests/integration/__init__.py; tests/integration/conftest.py; tests/integration/test_config_files/__init__.py; tests/integration/test_config_files/test_config_files.py; tests/integration/test_dataset/__init__.py; tests/integration/test_dataset/test_dataset.py; tests/integration/test_fides/__init__.py; tests/integration/test_fides/test_fides.py; tests/integration/test_iris/__init__.py; tests/integration/test_iris/test_iris.py; tests/integration/test_pcap_dataset/__init__.py; tests/integration/test_pcap_dataset/test_pcap_dataset.py; tests/integration/test_portscans/__init__.py; tests/integration/test_portscans/test_portscans.py; tests/integration/test_zeek_dataset/__init__.py; tests/integration/test_zeek_dataset/test_zeek_dataset.py; tests/integration_tests/__init__.py; tests/integration_tests/test_config_files.py; tests/integration_tests/test_dataset.py; tests/integration_tests/test_fides.py; tests/integration_tests/test_iris.py; tests/integration_tests/test_pcap_dataset.py; tests/integration_tests/test_portscans.py; tests/integration_tests/test_zeek_dataset.py; tests/module_factory.py; tests/test_alert_handler.py; tests/test_arp.py; tests/test_arp_filter.py; tests/test_arp_poisoner.py; tests/test_asn_info.py; tests/test_base_model.py; tests/test_blocking.py; tests/test_cesnet.py; tests/test_checker.py; tests/test_circllu.py; tests/test_conn.py; tests/test_daemon.py; tests/test_database.py; tests/test_dns.py; tests/test_downloaded_file.py; tests/test_evidence.py; tests/test_evidence_formatter.py; tests/test_evidence_handler.py; tests/test_evidence_logger.py; tests/test_fides_bridge.py; tests/test_fides_module.py; tests/test_fides_queues.py; tests/test_fides_sqlite_db.py; tests/test_flow_handler.py; tests/test_go_director.py; tests/test_horizontal_portscans.py; tests/test_host_ip_manager.py; tests/test_http_analyzer.py; tests/test_idea_format.py; tests/test_input.py; tests/test_ioc_handler.py; tests/test_ip_info.py; tests/test_leak_detector.py; tests/test_main.py; tests/test_markov_chain.py; tests/test_metadata_manager.py; tests/test_network_discovery.py; tests/test_notice.py; tests/test_notify.py; tests/test_output.py; tests/test_process_manager.py; tests/test_profile_handler.py; tests/test_profiler.py; tests/test_profiler_worker.py; tests/test_profilers_manager.py; tests/test_redis_manager.py; tests/test_riskiq.py; tests/test_rnn_cc_detection.py; tests/test_scan_detections_db.py; tests/test_set_evidence.py; tests/test_slips.py; tests/test_slips_utils.py; tests/test_smtp.py; tests/test_software.py; tests/test_spamhaus.py; tests/test_ssh.py; tests/test_ssl.py; tests/test_symbols_handler.py; tests/test_threat_intelligence.py; tests/test_timeline.py; tests/test_trustdb.py; tests/test_tunnel.py; tests/test_unblocker.py; tests/test_update_file_manager.py; tests/test_urlhaus.py; tests/test_vertical_portscans.py; tests/test_virustotal.py; tests/test_whitelist.py; tests/unit/__init__.py; tests/unit/common_test_utils.py; tests/unit/managers/test_host_ip_manager.py; tests/unit/managers/test_metadata_manager.py; tests/unit/managers/test_process_manager.py; tests/unit/managers/test_profilers_manager.py; tests/unit/managers/test_redis_manager.py; tests/unit/managers/test_slips.py; tests/unit/managers/test_update_manager.py; tests/unit/modules/anomaly_detection_https/test_anomaly_detection_https.py; tests/unit/modules/arp/test_arp.py; tests/unit/modules/arp/test_arp_filter.py; tests/unit/modules/arp_poisoner/test_arp_poisoner.py; tests/unit/modules/blocking/test_blocking.py; tests/unit/modules/blocking/test_unblocker.py; tests/unit/modules/brute_force_detector/test_brute_force_detector.py; tests/unit/modules/cesnet/test_cesnet.py; tests/unit/modules/fides/test_fides_bridge.py; tests/unit/modules/fides/test_fides_module.py; tests/unit/modules/fides/test_fides_queues.py; tests/unit/modules/fides/test_fides_sqlite_db.py; tests/unit/modules/flow_alerts/test_conn.py; tests/unit/modules/flow_alerts/test_dns.py; tests/unit/modules/flow_alerts/test_downloaded_file.py; tests/unit/modules/flow_alerts/test_notice.py; tests/unit/modules/flow_alerts/test_set_evidence.py; tests/unit/modules/flow_alerts/test_smtp.py; tests/unit/modules/flow_alerts/test_software.py; tests/unit/modules/flow_alerts/test_ssh.py; tests/unit/modules/flow_alerts/test_ssl.py; tests/unit/modules/flow_alerts/test_tunnel.py; tests/unit/modules/http_analyzer/test_http_analyzer.py; tests/unit/modules/ip_info/test_asn_info.py; tests/unit/modules/ip_info/test_ip_info.py; tests/unit/modules/leak_detector/test_leak_detector.py; tests/unit/modules/network_discovery/test_horizontal_portscans.py; tests/unit/modules/network_discovery/test_network_discovery.py; tests/unit/modules/network_discovery/test_vertical_portscans.py; tests/unit/modules/p2p_trust/trust/test_base_model.py; tests/unit/modules/p2p_trust/trust/test_go_director.py; tests/unit/modules/p2p_trust/trust/test_trustdb.py; tests/unit/modules/risk_iq/test_risk_iq.py; tests/unit/modules/rnn_cc_detection/test_rnn_cc_detection.py; tests/unit/modules/threat_intelligence/test_circllu.py; tests/unit/modules/threat_intelligence/test_spamhaus.py; tests/unit/modules/threat_intelligence/test_threat_intelligence.py; tests/unit/modules/threat_intelligence/test_urlhaus.py; tests/unit/modules/timeline/test_timeline.py; tests/unit/modules/update_manager/test_update_file_manager.py; tests/unit/modules/virustotal/test_virustotal.py; tests/unit/slips/test_daemon.py; tests/unit/slips/test_main.py; tests/unit/slips_files/common/abstracts/test_imodule.py; tests/unit/slips_files/common/test_markov_chain.py; tests/unit/slips_files/common/test_output_paths.py; tests/unit/slips_files/common/test_slips_utils.py; tests/unit/slips_files/core/database/redis_db/test_alert_handler.py; tests/unit/slips_files/core/database/redis_db/test_ioc_handler.py; tests/unit/slips_files/core/database/redis_db/test_profile_handler.py; tests/unit/slips_files/core/database/redis_db/test_scan_detections_db.py; tests/unit/slips_files/core/database/test_database.py; tests/unit/slips_files/core/helpers/test_bloom_filters_manager.py; tests/unit/slips_files/core/helpers/test_checker.py; tests/unit/slips_files/core/helpers/test_flow_handler.py; tests/unit/slips_files/core/helpers/test_localnet_handler.py; tests/unit/slips_files/core/helpers/test_notify.py; tests/unit/slips_files/core/helpers/test_symbols_handler.py; tests/unit/slips_files/core/helpers/whitelist/test_whitelist.py; tests/unit/slips_files/core/input/test_argus_input_profiler.py; tests/unit/slips_files/core/input/test_binetflow_input.py; tests/unit/slips_files/core/input/test_binetflow_tabs_input.py; tests/unit/slips_files/core/input/test_cyst_input.py; tests/unit/slips_files/core/input/test_dos_protector.py; tests/unit/slips_files/core/input/test_input.py; tests/unit/slips_files/core/input/test_interface_input.py; tests/unit/slips_files/core/input/test_nfdump_input.py; tests/unit/slips_files/core/input/test_observer_manager.py; tests/unit/slips_files/core/input/test_pcap_input.py; tests/unit/slips_files/core/input/test_stdin_input.py; tests/unit/slips_files/core/input/test_suricata_input.py; tests/unit/slips_files/core/input/test_zeek_dir_input.py; tests/unit/slips_files/core/input/test_zeek_file_remover.py; tests/unit/slips_files/core/input/test_zeek_input_profiler.py; tests/unit/slips_files/core/input/test_zeek_input_utils.py; tests/unit/slips_files/core/input/test_zeek_log_file_input.py; tests/unit/slips_files/core/structures/test_evidence.py; tests/unit/slips_files/core/structures/test_idea_format.py; tests/unit/slips_files/core/test_evidence_handler.py; tests/unit/slips_files/core/test_evidence_handler_worker.py; tests/unit/slips_files/core/test_evidence_logger.py; tests/unit/slips_files/core/test_output.py; tests/unit/slips_files/core/test_profiler.py; tests/unit/slips_files/core/test_profiler_worker.py; tests/unit/slips_files/core/text_formatters/test_evidence_formatter.py; webinterface/analysis/analysis.py,.github/workflows/create-a-new-release.yml; .github/workflows/integration-tests.yml; .github/workflows/publish-slips-images.yml; .github/workflows/unit-tests.yml; .github/workflows/update-code-docs.yml; .pre-commit-config.yaml; docker/Dockerfile; docker/dependency_image_for_CI/Dockerfile; docker/light/Dockerfile; install/requirements.txt,.github/workflows/integration-tests.yml; .github/workflows/publish-slips-images.yml; .github/workflows/unit-tests.yml; .pre-commit-config.yaml; docker/Dockerfile; install/requirements.txt,docker/Dockerfile,,,
9e2236a43afb260ea20f,stratosphereips/StratosphereLinuxIPS,https://github.com/stratosphereips/StratosphereLinuxIPS,dockerfile-pr-tests,develop,9cf701f4fb4f588ee04b69addb573b399ca8eaa9,51bfa31d09284195fbb9e8ff9bc12e11339fb06e,51bfa31d09284195fbb9e8ff9bc12e11339fb06e; 53e1fe13f500d572756974894f27b75b17085ad1; e37bc067fc4041617465886bc10351c43624b3c4; 2e4c58d2ecfd1b917b2ab276081c5e2d311e8eef,4,ee2d8b2768bb689d0498c7df8ff37605f9cdb0b7,0d 15:34:47,managers/host_ip_manager.py; managers/metadata_manager.py; managers/process_manager.py; managers/process_manager/__init__.py; managers/process_manager/config_mixin.py; managers/process_manager/module_loading_mixin.py; managers/process_manager/process_manager.py; managers/process_manager/reporting_mixin.py; managers/process_manager/shutdown_mixin.py; managers/process_manager/startup_mixin.py; managers/redis_manager.py; managers/timewindow_manager.py; managers/ui_manager.py; managers/update_manager.py; modules/alert_summary/__init__.py; modules/alert_summary/alert_summary.py; modules/anomaly_detection_https/anomaly_detection_https.py; modules/arp/arp.py; modules/arp/filter.py; modules/arp_poisoner/arp_poisoner.py; modules/brute_force_detector/brute_force_detector.py; modules/conn_analyzer/__init__.py; modules/conn_analyzer/conn_analyzer.py; modules/conn_analyzer/set_evidence.py; modules/exporting_alerts/exporting_alerts.py; modules/exporting_alerts/idmef_exporter.py; modules/exporting_alerts/stix_exporter.py; modules/feeds_update_manager/feed_update_policy_mixin.py; modules/feeds_update_manager/feeds_update_manager.py; modules/feeds_update_manager/local_feed_updater_mixin.py; modules/feeds_update_manager/remote_feed_updater_mixin.py; modules/feeds_update_manager/ti_feed_parser_mixin.py; modules/feeds_update_manager/whitelist_updater_mixin.py; modules/flow_alerts/conn.py; modules/flow_alerts/dns.py; modules/flow_alerts/flow_alerts.py; modules/flow_alerts/notice.py; modules/flow_alerts/set_evidence.py; modules/flow_alerts/ssl.py; modules/flow_alerts/utils.py; modules/flow_ml_detection/__init__.py; modules/flow_ml_detection/flow_ml_detection.py; modules/ip_info/ip_info.py; modules/iris/iris.py; modules/leak_detector/leak_detector.py; modules/llm_proxy/__init__.py; modules/llm_proxy/anthropic_backend_mixin.py; modules/llm_proxy/llm_backend.py; modules/llm_proxy/llm_backend_config.py; modules/llm_proxy/llm_errors.py; modules/llm_proxy/llm_proxy.py; modules/llm_proxy/ollama_backend_mixin.py; modules/llm_proxy/openai_backend_mixin.py; modules/ml_linear_model/__init__.py; modules/ml_linear_model/ml_linear_model.py; modules/ml_online_model/__init__.py; modules/ml_online_model/ml_online_model.py; modules/network_discovery/horizontal_portscan.py; modules/network_discovery/network_discovery.py; modules/network_discovery/vertical_portscan.py; modules/p2p_trust/p2p_trust.py; modules/regex_generator/__init__.py; modules/regex_generator/log_rotator.py; modules/regex_generator/match_strength.py; modules/regex_generator/regex_errors.py; modules/regex_generator/regex_generator.py; modules/rnn_cc_detection/rnn_cc_detection.py; modules/supported_module_names.py; modules/t_cell/__init__.py; modules/t_cell/analyze_t_cell.py; modules/t_cell/t_cell.py; modules/template/ml_backend_template.py; slips/main.py; slips_files/common/abstracts/icore.py; slips_files/common/abstracts/imodule.py; slips_files/common/abstracts/ml_module_base.py; slips_files/common/idmefv2.py; slips_files/common/ips/__init__.py; slips_files/common/ips/ips.py; slips_files/common/ml_modules_utils/__init__.py; slips_files/common/ml_modules_utils/base_utils.py; slips_files/common/ml_modules_utils/plot_testing_performance.py; slips_files/common/ml_modules_utils/plot_train_performance.py; slips_files/common/parsers/config_parser.py; slips_files/common/performance_profilers/memory_profiler.py; slips_files/common/printer.py; slips_files/common/slips_utils.py; slips_files/common/sqlite_flock.py; slips_files/common/startup_report.py; slips_files/common/style.py; slips_files/core/database/database_manager.py; slips_files/core/database/redis_db/alert_handler.py; slips_files/core/database/redis_db/cleanup_mixin.py; slips_files/core/database/redis_db/constants.py; slips_files/core/database/redis_db/database.py; slips_files/core/database/redis_db/profile_handler.py; slips_files/core/database/redis_db/publisher.py; slips_files/core/database/redis_db/scan_detections_db.py; slips_files/core/database/sqlite_db/database.py; slips_files/core/database/sqlite_db/regex_generator_db.py; slips_files/core/database/sqlite_db/t_cell_db.py; slips_files/core/evidence_handler.py; slips_files/core/evidence_handler_worker.py; slips_files/core/helpers/localnet_handler.py; slips_files/core/helpers/notify.py; slips_files/core/helpers/risk_weights_config_parser.py; slips_files/core/input/input.py; slips_files/core/input/zeek/interface_input.py; slips_files/core/input/zeek/pcap_input.py; slips_files/core/input/zeek/utils/zeek_input_utils.py; slips_files/core/input_profilers/zeek.py; slips_files/core/output.py; slips_files/core/profiler.py; slips_files/core/profiler_worker.py; slips_files/core/structures/alerts.py; slips_files/core/structures/evidence.py; slips_files/core/structures/risk_weights.py; slips_files/core/text_formatters/evidence_formatter.py; slips_files/core/worker_manager_mixin.py; slips_files/logs_analysis/analyze_incidents.py; tests/common_test_utils.py; tests/integration/test_config_files/test_config_files.py; tests/integration/test_dataset/test_dataset.py; tests/integration/test_fides/test_fides.py; tests/integration/test_iris/test_iris.py; tests/integration/test_pcap_dataset/test_pcap_dataset.py; tests/integration/test_portscans/test_portscans.py; tests/integration/test_zeek_dataset/test_zeek_dataset.py; tests/module_factory.py; tests/unit/managers/__init__.py; tests/unit/managers/process_manager/__init__.py; tests/unit/managers/process_manager/test_config_mixin.py; tests/unit/managers/process_manager/test_module_loading_mixin.py; tests/unit/managers/process_manager/test_process_manager.py; tests/unit/managers/process_manager/test_reporting_mixin.py; tests/unit/managers/process_manager/test_shutdown_mixin.py; tests/unit/managers/process_manager/test_startup_mixin.py; tests/unit/managers/test_metadata_manager.py; tests/unit/managers/test_process_manager.py; tests/unit/managers/test_redis_manager.py; tests/unit/managers/test_slips.py; tests/unit/managers/test_timewindow_manager.py; tests/unit/managers/test_update_manager.py; tests/unit/modules/alert_summary/__init__.py; tests/unit/modules/alert_summary/test_alert_summary.py; tests/unit/modules/anomaly_detection_https/test_anomaly_detection_https.py; tests/unit/modules/arp/test_arp.py; tests/unit/modules/arp/test_arp_filter.py; tests/unit/modules/conn_analyzer/__init__.py; tests/unit/modules/conn_analyzer/test_conn_analyzer.py; tests/unit/modules/conn_analyzer/test_set_evidence.py; tests/unit/modules/flow_alerts/__init__.py; tests/unit/modules/flow_alerts/test_conn.py; tests/unit/modules/flow_alerts/test_notice.py; tests/unit/modules/flow_alerts/test_set_evidence.py; tests/unit/modules/flow_alerts/test_ssl.py; tests/unit/modules/ip_info/test_ip_info.py; tests/unit/modules/llm/test_anthropic_backend_mixin.py; tests/unit/modules/llm/test_llm.py; tests/unit/modules/llm/test_llm_backend.py; tests/unit/modules/llm/test_llm_backend_config.py; tests/unit/modules/llm/test_llm_errors.py; tests/unit/modules/llm/test_ollama_backend_mixin.py; tests/unit/modules/llm/test_openai_backend_mixin.py; tests/unit/modules/llm_proxy/__init__.py; tests/unit/modules/llm_proxy/test_anthropic_backend_mixin.py; tests/unit/modules/llm_proxy/test_llm_backend.py; tests/unit/modules/llm_proxy/test_llm_backend_config.py; tests/unit/modules/llm_proxy/test_llm_errors.py; tests/unit/modules/llm_proxy/test_llm_proxy.py; tests/unit/modules/llm_proxy/test_ollama_backend_mixin.py; tests/unit/modules/llm_proxy/test_openai_backend_mixin.py; tests/unit/modules/ml_models/test_ml_base_detection.py; tests/unit/modules/ml_models/test_ml_linear_model.py; tests/unit/modules/ml_models/test_ml_modules.py; tests/unit/modules/ml_models/test_ml_online_model.py; tests/unit/modules/regex_generator/__init__.py; tests/unit/modules/regex_generator/test_log_rotator.py; tests/unit/modules/regex_generator/test_match_strength.py; tests/unit/modules/regex_generator/test_regex_errors.py; tests/unit/modules/regex_generator/test_regex_generator.py; tests/unit/modules/rnn_cc_detection/test_rnn_cc_detection.py; tests/unit/modules/t_cell/__init__.py; tests/unit/modules/t_cell/test_analyze_t_cell.py; tests/unit/modules/t_cell/test_t_cell.py; tests/unit/modules/t_cell/test_t_cell_db.py; tests/unit/modules/test_supported_module_names.py; tests/unit/modules/update_manager/test_update_file_manager.py; tests/unit/slips/test_main.py; tests/unit/slips_files/common/abstracts/test_imodule.py; tests/unit/slips_files/common/test_config_parser.py; tests/unit/slips_files/common/test_idmefv2.py; tests/unit/slips_files/common/test_sqlite_flock.py; tests/unit/slips_files/common/test_startup_report.py; tests/unit/slips_files/core/database/redis_db/test_alert_handler.py; tests/unit/slips_files/core/database/redis_db/test_profile_handler.py; tests/unit/slips_files/core/database/sqlite_db/test_regex_generator_db.py; tests/unit/slips_files/core/database/sqlite_db/test_t_cell_db.py; tests/unit/slips_files/core/database/test_database.py; tests/unit/slips_files/core/helpers/test_notify.py; tests/unit/slips_files/core/helpers/test_risk_weights_config_parser.py; tests/unit/slips_files/core/input/test_binetflow_input.py; tests/unit/slips_files/core/input/test_binetflow_tabs_input.py; tests/unit/slips_files/core/input/test_cyst_input.py; tests/unit/slips_files/core/input/test_input.py; tests/unit/slips_files/core/input/test_interface_input.py; tests/unit/slips_files/core/input/test_nfdump_input.py; tests/unit/slips_files/core/input/test_pcap_input.py; tests/unit/slips_files/core/input/test_stdin_input.py; tests/unit/slips_files/core/input/test_suricata_input.py; tests/unit/slips_files/core/input/test_zeek_dir_input.py; tests/unit/slips_files/core/input/test_zeek_input_utils.py; tests/unit/slips_files/core/input/test_zeek_log_file_input.py; tests/unit/slips_files/core/structures/test_evidence.py; tests/unit/slips_files/core/structures/test_risk_weights.py; tests/unit/slips_files/core/test_evidence_handler.py; tests/unit/slips_files/core/test_evidence_handler_worker.py; tests/unit/slips_files/core/test_profiler.py; tests/unit/slips_files/core/test_profiler_worker.py; tests/unit/slips_files/core/text_formatters/test_evidence_formatter.py; tests/unit/slips_files/logs_analysis/test_analyze_incidents.py; webinterface/app.py; webinterface/database/database.py; webinterface/utils.py,.github/workflows/dependabot-develop-tests.yml; .github/workflows/dockerfile-pr-tests.yml; .github/workflows/integration-tests.yml; .github/workflows/publish-slips-images.yml; .github/workflows/test-suite.yml; .github/workflows/unit-tests.yml; docker/Dockerfile; docker/light/Dockerfile; install/requirements.txt,.github/workflows/dependabot-develop-tests.yml; .github/workflows/integration-tests.yml; .github/workflows/publish-slips-images.yml; .github/workflows/test-suite.yml; .github/workflows/unit-tests.yml; docker/light/Dockerfile; install/requirements.txt,,,,
282cb15c8a3e0c80cad7,superduper-io/superduper,https://github.com/superduper-io/superduper,Code Testing,feature/components-table,b2a8ca3c761fb2ff3d47b522e2c210b7a8865c29,5ea8e9d1277f65a65b5559933732db9e7bf38654,5ea8e9d1277f65a65b5559933732db9e7bf38654,1,56d5abad802b703527227b56cb93b8f1e74e5125,0d 00:02:19,plugins/qdrant/superduper_qdrant/qdrant.py; plugins/sql/plugin_test/test_query.py; plugins/sql/superduper_sql/data_backend.py; superduper/backends/base/data_backend.py; superduper/backends/local/vector_search.py; superduper/base/annotations.py; superduper/base/apply.py; superduper/base/base.py; superduper/base/datalayer.py; superduper/base/datatype.py; superduper/base/event.py; superduper/base/metadata.py; superduper/base/query.py; superduper/base/status.py; superduper/components/cdc.py; superduper/components/component.py; superduper/components/dataset.py; superduper/components/listener.py; superduper/components/model.py; superduper/components/table.py; superduper/components/vector_index.py; test/conftest.py; test/integration/usecase/test_basic_apply.py; test/integration/usecase/test_graceful_update.py; test/integration/usecase/test_output_prefix.py; test/integration/usecase/test_reapply.py; test/integration/usecase/test_training.py; test/integration/usecase/test_vector_index.py; test/unittest/backends/base/test_query.py; test/unittest/base/test_base.py; test/unittest/base/test_datalayer.py; test/unittest/base/test_document.py; test/unittest/component/test_component.py; test/unittest/component/test_dataset.py; test/unittest/component/test_model.py; test/unittest/component/test_plugin.py; test/unittest/component/test_schema.py; test/unittest/component/test_vector_index.py; test/unittest/jobs/test_task_workflow.py; test/unittest/misc/test_schema.py; test/unittest/misc/test_typing.py; test/unittest/misc/test_utils.py; test/unittest/test_quality.py; test/utils/component/datatype.py; test/utils/setup/fake_data.py; test/utils/usecase/chain_listener.py; test/utils/usecase/vector_search.py,.github/workflows/ci_code.yml; .github/workflows/ci_plugins.yaml,,.github/workflows/ci_code.yml; .github/workflows/ci_plugins.yaml,,,
247513b791f9136999ac,superduper-io/superduper,https://github.com/superduper-io/superduper,Release plugins,main,a471cc7ba036567f6b904448fbbbf18ad2c39edf,20680f16b0329ebb917731e0055fe00663140a96,20680f16b0329ebb917731e0055fe00663140a96; 7fc1d5b9d51c083d23db12979dba814547af55f9; 345ccb8e9446a62e4d63e7a2eb463265f89e2ac9,3,9041d76e012f2fb3094cca749bda489ec6dc6fd1,0d 00:14:45,plugins/mongodb/superduper_mongodb/__init__.py; plugins/mongodb/superduper_mongodb/database_listener.py; plugins/snowflake/superduper_snowflake/__init__.py; plugins/snowflake/superduper_snowflake/database_listener.py; plugins/sql/superduper_sql/__init__.py; plugins/sql/superduper_sql/database_listener.py; superduper/backends/base/cdc.py; superduper/base/config.py; superduper/base/datalayer.py; superduper/misc/threading.py,plugins/snowflake/pyproject.toml,,plugins/snowflake/pyproject.toml,,,
b15760a1f3b7f5e774c7,superduper-io/superduper,https://github.com/superduper-io/superduper,Release plugins,main,9041d76e012f2fb3094cca749bda489ec6dc6fd1,72be458376b3d695aa504b16c01d221093f214af,72be458376b3d695aa504b16c01d221093f214af; cc4fce28f747149485a54fb4f1f85be6184d9cec; 0e35bbf241f3a488906514605844b5a861cd724d,3,a506aeead130fae7e2edbe0b8ff331514fe037d8,3d 23:00:33,plugins/chromadb/plugin_test/test_vector_searcher.py; plugins/chromadb/superduper_chromadb/__init__.py; plugins/chromadb/superduper_chromadb/chromadb.py; plugins/mongodb/superduper_mongodb/__init__.py; plugins/snowflake/superduper_snowflake/__init__.py; plugins/sql/superduper_sql/__init__.py; superduper/backends/base/compute.py; superduper/backends/base/scheduler.py; superduper/backends/local/crontab.py; superduper/base/apply.py; superduper/base/event.py; superduper/components/component.py; superduper/components/cron_job.py,plugins/chromadb/pyproject.toml; plugins/chromadb/requirements.txt,plugins/chromadb/pyproject.toml; plugins/chromadb/requirements.txt,,,,
